fork,profile,mode,round,operations,triangles,attributes,vao_rotation,matrix_upload,cpu_ns,completion_ns,gpu_elapsed_ns
fork-1,state_only_light,IPOINTER_EVERY,0,100000,1,1,false,false,2668700,2670700,0
fork-1,state_only_light,IPOINTER_BIND_RESTORE,0,100000,1,1,false,false,7268200,7271100,0
fork-1,state_only_light,ARRAY_FIXED,0,100000,1,1,false,false,215500,215800,0
fork-1,state_only_light,I2I,0,100000,1,1,false,false,5658500,5738300,0
fork-1,state_only_light,I4I,0,100000,1,1,false,false,5841200,5910000,0
fork-1,state_only_light,I2I_CACHED,0,100000,1,1,false,false,5591600,5661400,0
fork-1,state_only_light,IPOINTER_CACHED,0,100000,1,1,false,false,2786500,2789800,0
fork-1,state_only_light,CONSTANT_FIXED,0,100000,1,1,false,false,214200,214500,0
fork-1,state_only_light,I2I,1,100000,1,1,false,false,6127800,6346500,0
fork-1,state_only_light,IPOINTER_CACHED,1,100000,1,1,false,false,2602400,2603100,0
fork-1,state_only_light,I4I,1,100000,1,1,false,false,5655700,5956700,0
fork-1,state_only_light,ARRAY_FIXED,1,100000,1,1,false,false,215600,216000,0
fork-1,state_only_light,IPOINTER_EVERY,1,100000,1,1,false,false,2588800,2590700,0
fork-1,state_only_light,CONSTANT_FIXED,1,100000,1,1,false,false,262100,262500,0
fork-1,state_only_light,I2I_CACHED,1,100000,1,1,false,false,5674000,5750300,0
fork-1,state_only_light,IPOINTER_BIND_RESTORE,1,100000,1,1,false,false,7376500,7378900,0
fork-1,state_only_light,IPOINTER_BIND_RESTORE,2,100000,1,1,false,false,7637700,7639900,0
fork-1,state_only_light,IPOINTER_CACHED,2,100000,1,1,false,false,2689900,2692800,0
fork-1,state_only_light,CONSTANT_FIXED,2,100000,1,1,false,false,217600,217900,0
fork-1,state_only_light,IPOINTER_EVERY,2,100000,1,1,false,false,2538700,2539200,0
fork-1,state_only_light,I2I_CACHED,2,100000,1,1,false,false,5650200,5723300,0
fork-1,state_only_light,I4I,2,100000,1,1,false,false,5988300,6057500,0
fork-1,state_only_light,I2I,2,100000,1,1,false,false,6012500,6080900,0
fork-1,state_only_light,ARRAY_FIXED,2,100000,1,1,false,false,215400,215900,0
fork-1,state_only_light,I2I,3,100000,1,1,false,false,5709300,5778600,0
fork-1,state_only_light,IPOINTER_CACHED,3,100000,1,1,false,false,2693500,2696100,0
fork-1,state_only_light,IPOINTER_EVERY,3,100000,1,1,false,false,2588300,2590200,0
fork-1,state_only_light,I2I_CACHED,3,100000,1,1,false,false,5820100,5890700,0
fork-1,state_only_light,ARRAY_FIXED,3,100000,1,1,false,false,216100,216400,0
fork-1,state_only_light,I4I,3,100000,1,1,false,false,5792500,5863400,0
fork-1,state_only_light,IPOINTER_BIND_RESTORE,3,100000,1,1,false,false,7703300,7706500,0
fork-1,state_only_light,CONSTANT_FIXED,3,100000,1,1,false,false,249300,250400,0
fork-1,state_only_light,CONSTANT_FIXED,4,100000,1,1,false,false,228600,229500,0
fork-1,state_only_light,IPOINTER_BIND_RESTORE,4,100000,1,1,false,false,7101500,7104700,0
fork-1,state_only_light,I4I,4,100000,1,1,false,false,5916900,5989800,0
fork-1,state_only_light,IPOINTER_CACHED,4,100000,1,1,false,false,2688100,2690900,0
fork-1,state_only_light,I2I_CACHED,4,100000,1,1,false,false,5562700,6487800,0
fork-1,state_only_light,I2I,4,100000,1,1,false,false,6179500,6248800,0
fork-1,state_only_light,IPOINTER_EVERY,4,100000,1,1,false,false,2635700,2638100,0
fork-1,state_only_light,ARRAY_FIXED,4,100000,1,1,false,false,219100,220500,0
fork-1,state_only_light,ARRAY_FIXED,5,100000,1,1,false,false,257600,259200,0
fork-1,state_only_light,IPOINTER_CACHED,5,100000,1,1,false,false,2815900,2817900,0
fork-1,state_only_light,I2I_CACHED,5,100000,1,1,false,false,5860500,5932700,0
fork-1,state_only_light,IPOINTER_BIND_RESTORE,5,100000,1,1,false,false,7025100,7027500,0
fork-1,state_only_light,IPOINTER_EVERY,5,100000,1,1,false,false,2617000,2619500,0
fork-1,state_only_light,I2I,5,100000,1,1,false,false,6086800,6156900,0
fork-1,state_only_light,CONSTANT_FIXED,5,100000,1,1,false,false,219700,220200,0
fork-1,state_only_light,I4I,5,100000,1,1,false,false,5928400,5999300,0
fork-1,state_only_light,I4I,6,100000,1,1,false,false,6029000,6097900,0
fork-1,state_only_light,I2I,6,100000,1,1,false,false,5974700,6053400,0
fork-1,state_only_light,IPOINTER_BIND_RESTORE,6,100000,1,1,false,false,6996600,6998500,0
fork-1,state_only_light,IPOINTER_CACHED,6,100000,1,1,false,false,2778800,2780900,0
fork-1,state_only_light,CONSTANT_FIXED,6,100000,1,1,false,false,215500,215900,0
fork-1,state_only_light,I2I_CACHED,6,100000,1,1,false,false,6040400,6113400,0
fork-1,state_only_light,IPOINTER_EVERY,6,100000,1,1,false,false,2564500,2565200,0
fork-1,state_only_light,ARRAY_FIXED,6,100000,1,1,false,false,219800,221300,0
fork-1,state_only_light,ARRAY_FIXED,7,100000,1,1,false,false,294000,298400,0
fork-1,state_only_light,I2I_CACHED,7,100000,1,1,false,false,5682500,5755600,0
fork-1,state_only_light,I2I,7,100000,1,1,false,false,5776600,6062800,0
fork-1,state_only_light,IPOINTER_EVERY,7,100000,1,1,false,false,2555500,2556800,0
fork-1,state_only_light,I4I,7,100000,1,1,false,false,5926900,5998200,0
fork-1,state_only_light,IPOINTER_CACHED,7,100000,1,1,false,false,2601000,2601500,0
fork-1,state_only_light,IPOINTER_BIND_RESTORE,7,100000,1,1,false,false,6931200,6933100,0
fork-1,state_only_light,CONSTANT_FIXED,7,100000,1,1,false,false,214500,215700,0
fork-1,state_only_light,IPOINTER_BIND_RESTORE,8,100000,1,1,false,false,7201700,7203800,0
fork-1,state_only_light,ARRAY_FIXED,8,100000,1,1,false,false,247700,248200,0
fork-1,state_only_light,IPOINTER_CACHED,8,100000,1,1,false,false,2707700,2710100,0
fork-1,state_only_light,I4I,8,100000,1,1,false,false,5607500,5685200,0
fork-1,state_only_light,IPOINTER_EVERY,8,100000,1,1,false,false,2653700,2655800,0
fork-1,state_only_light,I2I,8,100000,1,1,false,false,5729900,5801000,0
fork-1,state_only_light,CONSTANT_FIXED,8,100000,1,1,false,false,359800,361400,0
fork-1,state_only_light,I2I_CACHED,8,100000,1,1,false,false,5682000,5753600,0
fork-1,state_only_light,IPOINTER_CACHED,9,100000,1,1,false,false,2672000,2673800,0
fork-1,state_only_light,I2I_CACHED,9,100000,1,1,false,false,5648900,5720800,0
fork-1,state_only_light,IPOINTER_BIND_RESTORE,9,100000,1,1,false,false,7165800,7167900,0
fork-1,state_only_light,ARRAY_FIXED,9,100000,1,1,false,false,261500,263400,0
fork-1,state_only_light,I2I,9,100000,1,1,false,false,5952800,6027400,0
fork-1,state_only_light,I4I,9,100000,1,1,false,false,5770500,5842300,0
fork-1,state_only_light,IPOINTER_EVERY,9,100000,1,1,false,false,2447900,2448500,0
fork-1,state_only_light,CONSTANT_FIXED,9,100000,1,1,false,false,298800,301000,0
fork-1,state_only_light,I2I_CACHED,10,100000,1,1,false,false,5893500,5966500,0
fork-1,state_only_light,CONSTANT_FIXED,10,100000,1,1,false,false,215300,215600,0
fork-1,state_only_light,I4I,10,100000,1,1,false,false,5721800,6296900,0
fork-1,state_only_light,IPOINTER_EVERY,10,100000,1,1,false,false,2765700,2768200,0
fork-1,state_only_light,ARRAY_FIXED,10,100000,1,1,false,false,216200,216700,0
fork-1,state_only_light,I2I,10,100000,1,1,false,false,6993400,7066000,0
fork-1,state_only_light,IPOINTER_BIND_RESTORE,10,100000,1,1,false,false,7046100,7048500,0
fork-1,state_only_light,IPOINTER_CACHED,10,100000,1,1,false,false,2667300,2668300,0
fork-1,state_only_light,IPOINTER_EVERY,11,100000,1,1,false,false,2564500,2565600,0
fork-1,state_only_light,I2I,11,100000,1,1,false,false,5782200,5856000,0
fork-1,state_only_light,IPOINTER_BIND_RESTORE,11,100000,1,1,false,false,6934400,6936500,0
fork-1,state_only_light,ARRAY_FIXED,11,100000,1,1,false,false,215800,216100,0
fork-1,state_only_light,I2I_CACHED,11,100000,1,1,false,false,6254400,6327700,0
fork-1,state_only_light,IPOINTER_CACHED,11,100000,1,1,false,false,2656900,2658800,0
fork-1,state_only_light,CONSTANT_FIXED,11,100000,1,1,false,false,222100,222600,0
fork-1,state_only_light,I4I,11,100000,1,1,false,false,5800300,5872600,0
fork-1,state_only_light,I2I_CACHED,12,100000,1,1,false,false,6033800,6296300,0
fork-1,state_only_light,CONSTANT_FIXED,12,100000,1,1,false,false,214400,214700,0
fork-1,state_only_light,I4I,12,100000,1,1,false,false,5695200,5768000,0
fork-1,state_only_light,IPOINTER_CACHED,12,100000,1,1,false,false,2699600,2701700,0
fork-1,state_only_light,I2I,12,100000,1,1,false,false,5762400,5836000,0
fork-1,state_only_light,IPOINTER_EVERY,12,100000,1,1,false,false,2513800,2514700,0
fork-1,state_only_light,ARRAY_FIXED,12,100000,1,1,false,false,213200,213500,0
fork-1,state_only_light,IPOINTER_BIND_RESTORE,12,100000,1,1,false,false,7272400,7274800,0
fork-1,state_only_light,ARRAY_FIXED,13,100000,1,1,false,false,234400,239200,0
fork-1,state_only_light,IPOINTER_CACHED,13,100000,1,1,false,false,2637700,2639600,0
fork-1,state_only_light,I2I_CACHED,13,100000,1,1,false,false,6088200,6165500,0
fork-1,state_only_light,CONSTANT_FIXED,13,100000,1,1,false,false,212100,212600,0
fork-1,state_only_light,IPOINTER_BIND_RESTORE,13,100000,1,1,false,false,7273200,7277200,0
fork-1,state_only_light,I4I,13,100000,1,1,false,false,6038000,6346100,0
fork-1,state_only_light,IPOINTER_EVERY,13,100000,1,1,false,false,2777600,2779600,0
fork-1,state_only_light,I2I,13,100000,1,1,false,false,5723400,5797000,0
fork-1,state_only_light,CONSTANT_FIXED,14,100000,1,1,false,false,207600,207900,0
fork-1,state_only_light,IPOINTER_BIND_RESTORE,14,100000,1,1,false,false,6689000,6691000,0
fork-1,state_only_light,I4I,14,100000,1,1,false,false,6322900,6398000,0
fork-1,state_only_light,ARRAY_FIXED,14,100000,1,1,false,false,215700,216000,0
fork-1,state_only_light,I2I,14,100000,1,1,false,false,6018800,6104500,0
fork-1,state_only_light,IPOINTER_CACHED,14,100000,1,1,false,false,3178400,3180300,0
fork-1,state_only_light,IPOINTER_EVERY,14,100000,1,1,false,false,2541100,2541900,0
fork-1,state_only_light,I2I_CACHED,14,100000,1,1,false,false,5664700,6122600,0
fork-1,state_only_light,I2I_CACHED,15,100000,1,1,false,false,6070600,6144300,0
fork-1,state_only_light,CONSTANT_FIXED,15,100000,1,1,false,false,323200,325700,0
fork-1,state_only_light,IPOINTER_CACHED,15,100000,1,1,false,false,2689100,2691400,0
fork-1,state_only_light,I2I,15,100000,1,1,false,false,5871700,5946900,0
fork-1,state_only_light,IPOINTER_EVERY,15,100000,1,1,false,false,2576300,2576700,0
fork-1,state_only_light,IPOINTER_BIND_RESTORE,15,100000,1,1,false,false,6968600,6971600,0
fork-1,state_only_light,I4I,15,100000,1,1,false,false,6101400,6175900,0
fork-1,state_only_light,ARRAY_FIXED,15,100000,1,1,false,false,244000,244600,0
fork-1,state_only_light,I4I,16,100000,1,1,false,false,6056700,6129100,0
fork-1,state_only_light,I2I_CACHED,16,100000,1,1,false,false,6005100,6173700,0
fork-1,state_only_light,ARRAY_FIXED,16,100000,1,1,false,false,225100,225400,0
fork-1,state_only_light,IPOINTER_BIND_RESTORE,16,100000,1,1,false,false,7009400,7035300,0
fork-1,state_only_light,CONSTANT_FIXED,16,100000,1,1,false,false,222800,223300,0
fork-1,state_only_light,IPOINTER_CACHED,16,100000,1,1,false,false,2628700,2630900,0
fork-1,state_only_light,I2I,16,100000,1,1,false,false,5682400,5758800,0
fork-1,state_only_light,IPOINTER_EVERY,16,100000,1,1,false,false,2538700,2539100,0
fork-1,state_only_light,IPOINTER_EVERY,17,100000,1,1,false,false,2620900,2623200,0
fork-1,state_only_light,I2I_CACHED,17,100000,1,1,false,false,5645600,5729000,0
fork-1,state_only_light,I2I,17,100000,1,1,false,false,5931100,6005100,0
fork-1,state_only_light,CONSTANT_FIXED,17,100000,1,1,false,false,233300,233900,0
fork-1,state_only_light,IPOINTER_BIND_RESTORE,17,100000,1,1,false,false,6904600,6906400,0
fork-1,state_only_light,ARRAY_FIXED,17,100000,1,1,false,false,274200,274900,0
fork-1,state_only_light,I4I,17,100000,1,1,false,false,5870000,5945300,0
fork-1,state_only_light,IPOINTER_CACHED,17,100000,1,1,false,false,2678300,2680500,0
fork-1,state_only_light,CONSTANT_FIXED,18,100000,1,1,false,false,246200,247600,0
fork-1,state_only_light,IPOINTER_EVERY,18,100000,1,1,false,false,3039800,3041400,0
fork-1,state_only_light,I2I_CACHED,18,100000,1,1,false,false,5692700,5768700,0
fork-1,state_only_light,I2I,18,100000,1,1,false,false,6056700,6131200,0
fork-1,state_only_light,IPOINTER_BIND_RESTORE,18,100000,1,1,false,false,9052600,9055700,0
fork-1,state_only_light,IPOINTER_CACHED,18,100000,1,1,false,false,2791600,2793700,0
fork-1,state_only_light,ARRAY_FIXED,18,100000,1,1,false,false,234100,235500,0
fork-1,state_only_light,I4I,18,100000,1,1,false,false,6273900,6608900,0
fork-1,state_only_light,IPOINTER_CACHED,19,100000,1,1,false,false,2883500,2885800,0
fork-1,state_only_light,CONSTANT_FIXED,19,100000,1,1,false,false,243500,244900,0
fork-1,state_only_light,ARRAY_FIXED,19,100000,1,1,false,false,238900,239300,0
fork-1,state_only_light,I2I_CACHED,19,100000,1,1,false,false,6275500,6356000,0
fork-1,state_only_light,I2I,19,100000,1,1,false,false,6394300,6472200,0
fork-1,state_only_light,I4I,19,100000,1,1,false,false,5980700,6059200,0
fork-1,state_only_light,IPOINTER_EVERY,19,100000,1,1,false,false,2636700,2637200,0
fork-1,state_only_light,IPOINTER_BIND_RESTORE,19,100000,1,1,false,false,7095800,7098100,0
fork-1,state_only_light,I2I,20,100000,1,1,false,false,5861600,5941200,0
fork-1,state_only_light,I4I,20,100000,1,1,false,false,6037500,6117700,0
fork-1,state_only_light,IPOINTER_BIND_RESTORE,20,100000,1,1,false,false,7075700,7077100,0
fork-1,state_only_light,I2I_CACHED,20,100000,1,1,false,false,5867300,5945700,0
fork-1,state_only_light,IPOINTER_EVERY,20,100000,1,1,false,false,2591700,2594700,0
fork-1,state_only_light,IPOINTER_CACHED,20,100000,1,1,false,false,2521200,2521600,0
fork-1,state_only_light,ARRAY_FIXED,20,100000,1,1,false,false,218500,218800,0
fork-1,state_only_light,CONSTANT_FIXED,20,100000,1,1,false,false,214200,214500,0
fork-1,state_only_light,ARRAY_FIXED,21,100000,1,1,false,false,228700,229900,0
fork-1,state_only_light,IPOINTER_EVERY,21,100000,1,1,false,false,2573000,2573400,0
fork-1,state_only_light,CONSTANT_FIXED,21,100000,1,1,false,false,219800,220100,0
fork-1,state_only_light,I2I,21,100000,1,1,false,false,5941500,6024000,0
fork-1,state_only_light,I4I,21,100000,1,1,false,false,6137400,6214300,0
fork-1,state_only_light,I2I_CACHED,21,100000,1,1,false,false,5714200,6047300,0
fork-1,state_only_light,IPOINTER_BIND_RESTORE,21,100000,1,1,false,false,7172300,7179700,0
fork-1,state_only_light,IPOINTER_CACHED,21,100000,1,1,false,false,2605700,2606000,0
fork-1,state_only_light,IPOINTER_BIND_RESTORE,22,100000,1,1,false,false,6871600,6872000,0
fork-1,state_only_light,I2I_CACHED,22,100000,1,1,false,false,5942100,6021500,0
fork-1,state_only_light,I4I,22,100000,1,1,false,false,6026200,6320700,0
fork-1,state_only_light,IPOINTER_EVERY,22,100000,1,1,false,false,2579600,2581100,0
fork-1,state_only_light,I2I,22,100000,1,1,false,false,9463300,9541000,0
fork-1,state_only_light,CONSTANT_FIXED,22,100000,1,1,false,false,215500,215800,0
fork-1,state_only_light,IPOINTER_CACHED,22,100000,1,1,false,false,2664700,2667200,0
fork-1,state_only_light,ARRAY_FIXED,22,100000,1,1,false,false,226900,227200,0
fork-1,state_only_light,I2I_CACHED,23,100000,1,1,false,false,5758800,5837400,0
fork-1,state_only_light,ARRAY_FIXED,23,100000,1,1,false,false,209300,209600,0
fork-1,state_only_light,IPOINTER_CACHED,23,100000,1,1,false,false,2770000,2772300,0
fork-1,state_only_light,IPOINTER_BIND_RESTORE,23,100000,1,1,false,false,6998200,7000100,0
fork-1,state_only_light,IPOINTER_EVERY,23,100000,1,1,false,false,2543800,2544300,0
fork-1,state_only_light,CONSTANT_FIXED,23,100000,1,1,false,false,267300,270400,0
fork-1,state_only_light,I4I,23,100000,1,1,false,false,6096100,6177300,0
fork-1,state_only_light,I2I,23,100000,1,1,false,false,5733800,5867600,0
fork-1,state_only_light,I4I,24,100000,1,1,false,false,5796400,5871400,0
fork-1,state_only_light,IPOINTER_BIND_RESTORE,24,100000,1,1,false,false,7139300,7142000,0
fork-1,state_only_light,I2I,24,100000,1,1,false,false,5933000,6011100,0
fork-1,state_only_light,IPOINTER_EVERY,24,100000,1,1,false,false,2561900,2563900,0
fork-1,state_only_light,CONSTANT_FIXED,24,100000,1,1,false,false,215600,215900,0
fork-1,state_only_light,I2I_CACHED,24,100000,1,1,false,false,5820800,5900500,0
fork-1,state_only_light,IPOINTER_CACHED,24,100000,1,1,false,false,2533300,2533800,0
fork-1,state_only_light,ARRAY_FIXED,24,100000,1,1,false,false,245700,248200,0
fork-1,state_only_light,ARRAY_FIXED,25,100000,1,1,false,false,426600,428300,0
fork-1,state_only_light,I2I,25,100000,1,1,false,false,5822500,5903000,0
fork-1,state_only_light,IPOINTER_CACHED,25,100000,1,1,false,false,2748100,2750400,0
fork-1,state_only_light,CONSTANT_FIXED,25,100000,1,1,false,false,329800,332400,0
fork-1,state_only_light,IPOINTER_BIND_RESTORE,25,100000,1,1,false,false,7376300,7378600,0
fork-1,state_only_light,I2I_CACHED,25,100000,1,1,false,false,6107100,6187700,0
fork-1,state_only_light,I4I,25,100000,1,1,false,false,6315200,6393100,0
fork-1,state_only_light,IPOINTER_EVERY,25,100000,1,1,false,false,2683400,2684800,0
fork-1,state_only_light,I2I_CACHED,26,100000,1,1,false,false,5678400,5756700,0
fork-1,state_only_light,IPOINTER_BIND_RESTORE,26,100000,1,1,false,false,7144300,7146700,0
fork-1,state_only_light,CONSTANT_FIXED,26,100000,1,1,false,false,215400,215700,0
fork-1,state_only_light,I2I,26,100000,1,1,false,false,5628900,5708200,0
fork-1,state_only_light,ARRAY_FIXED,26,100000,1,1,false,false,221200,221600,0
fork-1,state_only_light,IPOINTER_EVERY,26,100000,1,1,false,false,2505000,2507200,0
fork-1,state_only_light,IPOINTER_CACHED,26,100000,1,1,false,false,2631800,2634300,0
fork-1,state_only_light,I4I,26,100000,1,1,false,false,5636200,5716000,0
fork-1,state_only_light,ARRAY_FIXED,27,100000,1,1,false,false,209100,209400,0
fork-1,state_only_light,I2I,27,100000,1,1,false,false,6442900,6523400,0
fork-1,state_only_light,I2I_CACHED,27,100000,1,1,false,false,5691300,5770200,0
fork-1,state_only_light,I4I,27,100000,1,1,false,false,5977600,6061300,0
fork-1,state_only_light,IPOINTER_CACHED,27,100000,1,1,false,false,2536200,2536600,0
fork-1,state_only_light,CONSTANT_FIXED,27,100000,1,1,false,false,214800,215000,0
fork-1,state_only_light,IPOINTER_EVERY,27,100000,1,1,false,false,2716100,2718200,0
fork-1,state_only_light,IPOINTER_BIND_RESTORE,27,100000,1,1,false,false,7113700,7116000,0
fork-1,state_only_light,I4I,28,100000,1,1,false,false,5677300,5758100,0
fork-1,state_only_light,I2I_CACHED,28,100000,1,1,false,false,5827700,6333900,0
fork-1,state_only_light,ARRAY_FIXED,28,100000,1,1,false,false,221800,222400,0
fork-1,state_only_light,IPOINTER_CACHED,28,100000,1,1,false,false,2952400,2954900,0
fork-1,state_only_light,CONSTANT_FIXED,28,100000,1,1,false,false,239600,240300,0
fork-1,state_only_light,IPOINTER_EVERY,28,100000,1,1,false,false,2497000,2497400,0
fork-1,state_only_light,IPOINTER_BIND_RESTORE,28,100000,1,1,false,false,7102100,7103900,0
fork-1,state_only_light,I2I,28,100000,1,1,false,false,6316700,6399600,0
fork-1,state_only_light,I4I,29,100000,1,1,false,false,5965200,6172900,0
fork-1,state_only_light,CONSTANT_FIXED,29,100000,1,1,false,false,237800,238500,0
fork-1,state_only_light,I2I_CACHED,29,100000,1,1,false,false,5824000,6055800,0
fork-1,state_only_light,IPOINTER_BIND_RESTORE,29,100000,1,1,false,false,7204600,7206700,0
fork-1,state_only_light,I2I,29,100000,1,1,false,false,5470400,5548600,0
fork-1,state_only_light,IPOINTER_EVERY,29,100000,1,1,false,false,2572900,2574500,0
fork-1,state_only_light,ARRAY_FIXED,29,100000,1,1,false,false,266300,267600,0
fork-1,state_only_light,IPOINTER_CACHED,29,100000,1,1,false,false,2614200,2616200,0
fork-1,state_only_light,IPOINTER_BIND_RESTORE,30,100000,1,1,false,false,6802100,6804000,0
fork-1,state_only_light,I2I,30,100000,1,1,false,false,6442500,6526600,0
fork-1,state_only_light,IPOINTER_EVERY,30,100000,1,1,false,false,2547100,2547600,0
fork-1,state_only_light,I4I,30,100000,1,1,false,false,5815800,5897300,0
fork-1,state_only_light,I2I_CACHED,30,100000,1,1,false,false,5654700,5735800,0
fork-1,state_only_light,IPOINTER_CACHED,30,100000,1,1,false,false,3122100,3124600,0
fork-1,state_only_light,ARRAY_FIXED,30,100000,1,1,false,false,262000,262500,0
fork-1,state_only_light,CONSTANT_FIXED,30,100000,1,1,false,false,237700,238500,0
fork-1,draw_shared_light,I2I_CACHED,0,2048,1,1,false,false,286500,332700,173056
fork-1,draw_shared_light,I2I,0,2048,1,1,false,false,286100,326000,115712
fork-1,draw_shared_light,IPOINTER_EVERY,0,2048,1,1,false,false,273300,339300,176128
fork-1,draw_shared_light,IPOINTER_BIND_RESTORE,0,2048,1,1,false,false,457300,513900,359424
fork-1,draw_shared_light,ARRAY_FIXED,0,2048,1,1,false,false,179900,330800,21504
fork-1,draw_shared_light,IPOINTER_CACHED,0,2048,1,1,false,false,252800,393500,89088
fork-1,draw_shared_light,I4I,0,2048,1,1,false,false,283400,323000,116736
fork-1,draw_shared_light,CONSTANT_FIXED,0,2048,1,1,false,false,175400,217700,30720
fork-1,draw_shared_light,IPOINTER_BIND_RESTORE,1,2048,1,1,false,false,339000,367600,206848
fork-1,draw_shared_light,IPOINTER_CACHED,1,2048,1,1,false,false,281900,318900,177152
fork-1,draw_shared_light,IPOINTER_EVERY,1,2048,1,1,false,false,240600,292000,211968
fork-1,draw_shared_light,CONSTANT_FIXED,1,2048,1,1,false,false,174300,213800,28672
fork-1,draw_shared_light,I2I_CACHED,1,2048,1,1,false,false,271300,311800,121856
fork-1,draw_shared_light,ARRAY_FIXED,1,2048,1,1,false,false,168400,207700,29696
fork-1,draw_shared_light,I2I,1,2048,1,1,false,false,293700,351200,156672
fork-1,draw_shared_light,I4I,1,2048,1,1,false,false,294000,334600,117760
fork-1,draw_shared_light,IPOINTER_BIND_RESTORE,2,2048,1,1,false,false,429400,600900,109568
fork-1,draw_shared_light,IPOINTER_CACHED,2,2048,1,1,false,false,238100,271300,165888
fork-1,draw_shared_light,I2I,2,2048,1,1,false,false,295900,347300,201728
fork-1,draw_shared_light,CONSTANT_FIXED,2,2048,1,1,false,false,172900,236000,29696
fork-1,draw_shared_light,I4I,2,2048,1,1,false,false,353000,399400,149504
fork-1,draw_shared_light,IPOINTER_EVERY,2,2048,1,1,false,false,245100,506700,157696
fork-1,draw_shared_light,ARRAY_FIXED,2,2048,1,1,false,false,177900,207800,54272
fork-1,draw_shared_light,I2I_CACHED,2,2048,1,1,false,false,272700,320700,168960
fork-1,draw_shared_light,I2I_CACHED,3,2048,1,1,false,false,317200,360300,117760
fork-1,draw_shared_light,I2I,3,2048,1,1,false,false,278600,317100,107520
fork-1,draw_shared_light,I4I,3,2048,1,1,false,false,280500,333600,222208
fork-1,draw_shared_light,CONSTANT_FIXED,3,2048,1,1,false,false,166300,206100,29696
fork-1,draw_shared_light,IPOINTER_CACHED,3,2048,1,1,false,false,239800,285000,158720
fork-1,draw_shared_light,IPOINTER_BIND_RESTORE,3,2048,1,1,false,false,323400,366300,238592
fork-1,draw_shared_light,ARRAY_FIXED,3,2048,1,1,false,false,177700,214800,102400
fork-1,draw_shared_light,IPOINTER_EVERY,3,2048,1,1,false,false,293100,420200,297984
fork-1,draw_shared_light,ARRAY_FIXED,4,2048,1,1,false,false,173500,202000,53248
fork-1,draw_shared_light,IPOINTER_BIND_RESTORE,4,2048,1,1,false,false,331800,375100,247808
fork-1,draw_shared_light,I2I_CACHED,4,2048,1,1,false,false,276100,328600,216064
fork-1,draw_shared_light,I2I,4,2048,1,1,false,false,377500,428300,148480
fork-1,draw_shared_light,IPOINTER_EVERY,4,2048,1,1,false,false,271000,313700,169984
fork-1,draw_shared_light,CONSTANT_FIXED,4,2048,1,1,false,false,187100,506200,25600
fork-1,draw_shared_light,IPOINTER_CACHED,4,2048,1,1,false,false,254300,291300,172032
fork-1,draw_shared_light,I4I,4,2048,1,1,false,false,276300,328600,209920
fork-1,draw_shared_light,I2I_CACHED,5,2048,1,1,false,false,313400,352800,111616
fork-1,draw_shared_light,I4I,5,2048,1,1,false,false,270600,309000,107520
fork-1,draw_shared_light,CONSTANT_FIXED,5,2048,1,1,false,false,163800,200500,102400
fork-1,draw_shared_light,IPOINTER_EVERY,5,2048,1,1,false,false,222100,267300,148480
fork-1,draw_shared_light,ARRAY_FIXED,5,2048,1,1,false,false,168100,196400,55296
fork-1,draw_shared_light,IPOINTER_BIND_RESTORE,5,2048,1,1,false,false,308500,349700,229376
fork-1,draw_shared_light,IPOINTER_CACHED,5,2048,1,1,false,false,222700,397700,201728
fork-1,draw_shared_light,I2I,5,2048,1,1,false,false,283100,322600,116736
fork-1,draw_shared_light,I2I,6,2048,1,1,false,false,270700,308800,109568
fork-1,draw_shared_light,IPOINTER_CACHED,6,2048,1,1,false,false,224600,277800,206848
fork-1,draw_shared_light,CONSTANT_FIXED,6,2048,1,1,false,false,163200,202400,29696
fork-1,draw_shared_light,ARRAY_FIXED,6,2048,1,1,false,false,164700,377300,206848
fork-1,draw_shared_light,IPOINTER_BIND_RESTORE,6,2048,1,1,false,false,343500,588500,219136
fork-1,draw_shared_light,I4I,6,2048,1,1,false,false,316100,491600,46080
fork-1,draw_shared_light,IPOINTER_EVERY,6,2048,1,1,false,false,220800,878100,87040
fork-1,draw_shared_light,I2I_CACHED,6,2048,1,1,false,false,303000,622200,439296
fork-1,draw_shared_light,IPOINTER_EVERY,7,2048,1,1,false,false,241400,284300,155648
fork-1,draw_shared_light,I4I,7,2048,1,1,false,false,285500,989600,819200
fork-1,draw_shared_light,IPOINTER_BIND_RESTORE,7,2048,1,1,false,false,340600,378400,198656
fork-1,draw_shared_light,I2I,7,2048,1,1,false,false,291100,336500,174080
fork-1,draw_shared_light,I2I_CACHED,7,2048,1,1,false,false,347500,407100,174080
fork-1,draw_shared_light,IPOINTER_CACHED,7,2048,1,1,false,false,340600,523300,86016
fork-1,draw_shared_light,CONSTANT_FIXED,7,2048,1,1,false,false,200300,230200,67584
fork-1,draw_shared_light,ARRAY_FIXED,7,2048,1,1,false,false,199300,230700,77824
fork-1,draw_shared_light,I2I_CACHED,8,2048,1,1,false,false,303600,351400,191488
fork-1,draw_shared_light,I2I,8,2048,1,1,false,false,384200,424500,209920
fork-1,draw_shared_light,I4I,8,2048,1,1,false,false,313200,352400,123904
fork-1,draw_shared_light,ARRAY_FIXED,8,2048,1,1,false,false,196900,388000,119808
fork-1,draw_shared_light,IPOINTER_BIND_RESTORE,8,2048,1,1,false,false,349500,1754900,208896
fork-1,draw_shared_light,CONSTANT_FIXED,8,2048,1,1,false,false,184600,213400,57344
fork-1,draw_shared_light,IPOINTER_CACHED,8,2048,1,1,false,false,237200,274000,178176
fork-1,draw_shared_light,IPOINTER_EVERY,8,2048,1,1,false,false,228200,476300,208896
fork-1,draw_shared_light,IPOINTER_CACHED,9,2048,1,1,false,false,277900,343700,169984
fork-1,draw_shared_light,ARRAY_FIXED,9,2048,1,1,false,false,200400,230800,69632
fork-1,draw_shared_light,IPOINTER_EVERY,9,2048,1,1,false,false,337900,473100,355328
fork-1,draw_shared_light,I4I,9,2048,1,1,false,false,426500,488800,351232
fork-1,draw_shared_light,I2I,9,2048,1,1,false,false,283400,529900,46080
fork-1,draw_shared_light,I2I_CACHED,9,2048,1,1,false,false,279700,318100,109568
fork-1,draw_shared_light,IPOINTER_BIND_RESTORE,9,2048,1,1,false,false,330500,383600,284672
fork-1,draw_shared_light,CONSTANT_FIXED,9,2048,1,1,false,false,167300,206500,29696
fork-1,draw_shared_light,IPOINTER_BIND_RESTORE,10,2048,1,1,false,false,377200,424300,220160
fork-1,draw_shared_light,IPOINTER_EVERY,10,2048,1,1,false,false,260600,452000,187392
fork-1,draw_shared_light,CONSTANT_FIXED,10,2048,1,1,false,false,181700,223600,112640
fork-1,draw_shared_light,ARRAY_FIXED,10,2048,1,1,false,false,173600,213400,29696
fork-1,draw_shared_light,I2I,10,2048,1,1,false,false,270700,314200,124928
fork-1,draw_shared_light,I2I_CACHED,10,2048,1,1,false,false,304800,343500,112640
fork-1,draw_shared_light,IPOINTER_CACHED,10,2048,1,1,false,false,306800,522500,300032
fork-1,draw_shared_light,I4I,10,2048,1,1,false,false,292600,338700,159744
fork-1,draw_shared_light,ARRAY_FIXED,11,2048,1,1,false,false,168300,208400,29696
fork-1,draw_shared_light,I4I,11,2048,1,1,false,false,273400,313900,122880
fork-1,draw_shared_light,IPOINTER_BIND_RESTORE,11,2048,1,1,false,false,317600,354600,193536
fork-1,draw_shared_light,I2I,11,2048,1,1,false,false,270800,471100,307200
fork-1,draw_shared_light,IPOINTER_CACHED,11,2048,1,1,false,false,239800,284900,160768
fork-1,draw_shared_light,CONSTANT_FIXED,11,2048,1,1,false,false,163200,191000,50176
fork-1,draw_shared_light,IPOINTER_EVERY,11,2048,1,1,false,false,221600,260300,169984
fork-1,draw_shared_light,I2I_CACHED,11,2048,1,1,false,false,273900,340800,230400
fork-1,draw_shared_light,I4I,12,2048,1,1,false,false,291000,330700,118784
fork-1,draw_shared_light,IPOINTER_EVERY,12,2048,1,1,false,false,263200,333100,173056
fork-1,draw_shared_light,I2I_CACHED,12,2048,1,1,false,false,303400,348100,167936
fork-1,draw_shared_light,I2I,12,2048,1,1,false,false,297600,336500,123904
fork-1,draw_shared_light,IPOINTER_CACHED,12,2048,1,1,false,false,260000,326000,166912
fork-1,draw_shared_light,CONSTANT_FIXED,12,2048,1,1,false,false,202700,232600,67584
fork-1,draw_shared_light,ARRAY_FIXED,12,2048,1,1,false,false,195100,226900,74752
fork-1,draw_shared_light,IPOINTER_BIND_RESTORE,12,2048,1,1,false,false,388600,436400,288768
fork-1,draw_shared_light,CONSTANT_FIXED,13,2048,1,1,false,false,175100,226300,28672
fork-1,draw_shared_light,ARRAY_FIXED,13,2048,1,1,false,false,183300,225500,28672
fork-1,draw_shared_light,I2I,13,2048,1,1,false,false,434400,483000,172032
fork-1,draw_shared_light,I4I,13,2048,1,1,false,false,302900,343000,120832
fork-1,draw_shared_light,IPOINTER_EVERY,13,2048,1,1,false,false,239500,550000,86016
fork-1,draw_shared_light,IPOINTER_BIND_RESTORE,13,2048,1,1,false,false,352700,391000,230400
fork-1,draw_shared_light,I2I_CACHED,13,2048,1,1,false,false,283700,334700,205824
fork-1,draw_shared_light,IPOINTER_CACHED,13,2048,1,1,false,false,236700,278600,155648
fork-1,draw_shared_light,IPOINTER_BIND_RESTORE,14,2048,1,1,false,false,335100,374400,238592
fork-1,draw_shared_light,I2I_CACHED,14,2048,1,1,false,false,278900,329500,203776
fork-1,draw_shared_light,IPOINTER_CACHED,14,2048,1,1,false,false,234300,278800,155648
fork-1,draw_shared_light,I4I,14,2048,1,1,false,false,283800,329600,160768
fork-1,draw_shared_light,CONSTANT_FIXED,14,2048,1,1,false,false,189300,433700,29696
fork-1,draw_shared_light,ARRAY_FIXED,14,2048,1,1,false,false,196400,238700,28672
fork-1,draw_shared_light,IPOINTER_EVERY,14,2048,1,1,false,false,249100,291600,167936
fork-1,draw_shared_light,I2I,14,2048,1,1,false,false,346600,400100,248832
fork-1,draw_shared_light,I2I_CACHED,15,2048,1,1,false,false,319600,362000,125952
fork-1,draw_shared_light,IPOINTER_EVERY,15,2048,1,1,false,false,236900,280100,153600
fork-1,draw_shared_light,IPOINTER_CACHED,15,2048,1,1,false,false,234100,266400,164864
fork-1,draw_shared_light,ARRAY_FIXED,15,2048,1,1,false,false,172900,207500,92160
fork-1,draw_shared_light,CONSTANT_FIXED,15,2048,1,1,false,false,198700,235400,108544
fork-1,draw_shared_light,IPOINTER_BIND_RESTORE,15,2048,1,1,false,false,328500,364300,195584
fork-1,draw_shared_light,I2I,15,2048,1,1,false,false,285400,580700,412672
fork-1,draw_shared_light,I4I,15,2048,1,1,false,false,288900,328200,113664
fork-1,draw_shared_light,ARRAY_FIXED,16,2048,1,1,false,false,184500,226400,29696
fork-1,draw_shared_light,I2I_CACHED,16,2048,1,1,false,false,283200,324600,126976
fork-1,draw_shared_light,IPOINTER_BIND_RESTORE,16,2048,1,1,false,false,323600,359600,196608
fork-1,draw_shared_light,CONSTANT_FIXED,16,2048,1,1,false,false,172300,200400,53248
fork-1,draw_shared_light,IPOINTER_CACHED,16,2048,1,1,false,false,235600,558500,176128
fork-1,draw_shared_light,I4I,16,2048,1,1,false,false,276700,331600,216064
fork-1,draw_shared_light,IPOINTER_EVERY,16,2048,1,1,false,false,227100,271800,150528
fork-1,draw_shared_light,I2I,16,2048,1,1,false,false,292400,338600,159744
fork-1,draw_shared_light,IPOINTER_CACHED,17,2048,1,1,false,false,234000,277200,152576
fork-1,draw_shared_light,IPOINTER_EVERY,17,2048,1,1,false,false,255300,294800,187392
fork-1,draw_shared_light,I4I,17,2048,1,1,false,false,287300,343500,210944
fork-1,draw_shared_light,IPOINTER_BIND_RESTORE,17,2048,1,1,false,false,317200,354700,194560
fork-1,draw_shared_light,I2I,17,2048,1,1,false,false,296000,342300,171008
fork-1,draw_shared_light,ARRAY_FIXED,17,2048,1,1,false,false,187200,224700,29696
fork-1,draw_shared_light,CONSTANT_FIXED,17,2048,1,1,false,false,212000,240900,28672
fork-1,draw_shared_light,I2I_CACHED,17,2048,1,1,false,false,281000,324600,140288
fork-1,draw_shared_light,ARRAY_FIXED,18,2048,1,1,false,false,197000,236700,29696
fork-1,draw_shared_light,IPOINTER_BIND_RESTORE,18,2048,1,1,false,false,316900,347300,195584
fork-1,draw_shared_light,CONSTANT_FIXED,18,2048,1,1,false,false,166000,197700,64512
fork-1,draw_shared_light,I2I_CACHED,18,2048,1,1,false,false,342200,397000,254976
fork-1,draw_shared_light,I4I,18,2048,1,1,false,false,362000,461200,45056
fork-1,draw_shared_light,I2I,18,2048,1,1,false,false,273500,312300,108544
fork-1,draw_shared_light,IPOINTER_CACHED,18,2048,1,1,false,false,232800,283800,211968
fork-1,draw_shared_light,IPOINTER_EVERY,18,2048,1,1,false,false,225100,269900,151552
fork-1,draw_shared_light,IPOINTER_EVERY,19,2048,1,1,false,false,227600,261000,161792
fork-1,draw_shared_light,IPOINTER_BIND_RESTORE,19,2048,1,1,false,false,315200,365000,265216
fork-1,draw_shared_light,IPOINTER_CACHED,19,2048,1,1,false,false,226700,270600,151552
fork-1,draw_shared_light,I2I,19,2048,1,1,false,false,271800,318000,155648
fork-1,draw_shared_light,I4I,19,2048,1,1,false,false,274200,724600,111616
fork-1,draw_shared_light,CONSTANT_FIXED,19,2048,1,1,false,false,198200,240500,30720
fork-1,draw_shared_light,I2I_CACHED,19,2048,1,1,false,false,293800,334800,118784
fork-1,draw_shared_light,ARRAY_FIXED,19,2048,1,1,false,false,189100,240400,31744
fork-1,draw_shared_light,IPOINTER_BIND_RESTORE,20,2048,1,1,false,false,375000,405600,237568
fork-1,draw_shared_light,ARRAY_FIXED,20,2048,1,1,false,false,203900,248400,80896
fork-1,draw_shared_light,CONSTANT_FIXED,20,2048,1,1,false,false,242500,276500,82944
fork-1,draw_shared_light,I4I,20,2048,1,1,false,false,278300,327300,187392
fork-1,draw_shared_light,I2I,20,2048,1,1,false,false,270400,310600,111616
fork-1,draw_shared_light,I2I_CACHED,20,2048,1,1,false,false,265800,303600,102400
fork-1,draw_shared_light,IPOINTER_CACHED,20,2048,1,1,false,false,220000,272800,201728
fork-1,draw_shared_light,IPOINTER_EVERY,20,2048,1,1,false,false,405000,446400,315392
fork-1,draw_shared_light,ARRAY_FIXED,21,2048,1,1,false,false,182500,214400,61440
fork-1,draw_shared_light,IPOINTER_CACHED,21,2048,1,1,false,false,234200,270600,175104
fork-1,draw_shared_light,I4I,21,2048,1,1,false,false,281800,333800,217088
fork-1,draw_shared_light,IPOINTER_BIND_RESTORE,21,2048,1,1,false,false,325000,361100,196608
fork-1,draw_shared_light,IPOINTER_EVERY,21,2048,1,1,false,false,265000,303700,197632
fork-1,draw_shared_light,I2I,21,2048,1,1,false,false,285200,336000,203776
fork-1,draw_shared_light,CONSTANT_FIXED,21,2048,1,1,false,false,176600,216800,29696
fork-1,draw_shared_light,I2I_CACHED,21,2048,1,1,false,false,278300,319700,125952
fork-1,draw_shared_light,I2I_CACHED,22,2048,1,1,false,false,278300,318000,113664
fork-1,draw_shared_light,IPOINTER_BIND_RESTORE,22,2048,1,1,false,false,326100,363700,196608
fork-1,draw_shared_light,IPOINTER_EVERY,22,2048,1,1,false,false,233300,265900,162816
fork-1,draw_shared_light,IPOINTER_CACHED,22,2048,1,1,false,false,335000,833000,664576
fork-1,draw_shared_light,ARRAY_FIXED,22,2048,1,1,false,false,182400,221800,29696
fork-1,draw_shared_light,I2I,22,2048,1,1,false,false,275500,720400,389120
fork-1,draw_shared_light,CONSTANT_FIXED,22,2048,1,1,false,false,166600,207100,29696
fork-1,draw_shared_light,I4I,22,2048,1,1,false,false,267100,307500,123904
fork-1,draw_shared_light,I2I_CACHED,23,2048,1,1,false,false,270400,312300,114688
fork-1,draw_shared_light,IPOINTER_EVERY,23,2048,1,1,false,false,229900,275300,150528
fork-1,draw_shared_light,ARRAY_FIXED,23,2048,1,1,false,false,177500,363000,206848
fork-1,draw_shared_light,IPOINTER_CACHED,23,2048,1,1,false,false,273200,453500,217088
fork-1,draw_shared_light,IPOINTER_BIND_RESTORE,23,2048,1,1,false,false,374900,431800,324608
fork-1,draw_shared_light,I4I,23,2048,1,1,false,false,307900,510100,48128
fork-1,draw_shared_light,I2I,23,2048,1,1,false,false,281800,320900,112640
fork-1,draw_shared_light,CONSTANT_FIXED,23,2048,1,1,false,false,163900,200700,102400
fork-1,draw_shared_light,I2I_CACHED,24,2048,1,1,false,false,268300,306900,109568
fork-1,draw_shared_light,CONSTANT_FIXED,24,2048,1,1,false,false,182600,223800,29696
fork-1,draw_shared_light,I2I,24,2048,1,1,false,false,285500,327600,124928
fork-1,draw_shared_light,ARRAY_FIXED,24,2048,1,1,false,false,166300,205700,29696
fork-1,draw_shared_light,I4I,24,2048,1,1,false,false,291200,331800,130048
fork-1,draw_shared_light,IPOINTER_CACHED,24,2048,1,1,false,false,438700,601800,304128
fork-1,draw_shared_light,IPOINTER_BIND_RESTORE,24,2048,1,1,false,false,328100,367500,232448
fork-1,draw_shared_light,IPOINTER_EVERY,24,2048,1,1,false,false,228000,275600,198656
fork-1,draw_shared_light,I4I,25,2048,1,1,false,false,320000,359800,112640
fork-1,draw_shared_light,I2I,25,2048,1,1,false,false,272100,309800,107520
fork-1,draw_shared_light,ARRAY_FIXED,25,2048,1,1,false,false,171300,208700,107520
fork-1,draw_shared_light,IPOINTER_EVERY,25,2048,1,1,false,false,237300,279700,159744
fork-1,draw_shared_light,CONSTANT_FIXED,25,2048,1,1,false,false,187100,476700,28672
fork-1,draw_shared_light,I2I_CACHED,25,2048,1,1,false,false,279100,325200,169984
fork-1,draw_shared_light,IPOINTER_CACHED,25,2048,1,1,false,false,311300,428700,303104
fork-1,draw_shared_light,IPOINTER_BIND_RESTORE,25,2048,1,1,false,false,397600,1155100,1017856
fork-1,draw_shared_light,CONSTANT_FIXED,26,2048,1,1,false,false,190400,357200,21504
fork-1,draw_shared_light,IPOINTER_BIND_RESTORE,26,2048,1,1,false,false,362300,626200,496640
fork-1,draw_shared_light,ARRAY_FIXED,26,2048,1,1,false,false,207200,267800,33792
fork-1,draw_shared_light,I4I,26,2048,1,1,false,false,327500,923400,46080
fork-1,draw_shared_light,I2I_CACHED,26,2048,1,1,false,false,346600,399300,165888
fork-1,draw_shared_light,IPOINTER_CACHED,26,2048,1,1,false,false,297700,367400,197632
fork-1,draw_shared_light,IPOINTER_EVERY,26,2048,1,1,false,false,243700,281100,174080
fork-1,draw_shared_light,I2I,26,2048,1,1,false,false,278800,328600,196608
fork-1,draw_shared_light,IPOINTER_EVERY,27,2048,1,1,false,false,223500,268300,150528
fork-1,draw_shared_light,ARRAY_FIXED,27,2048,1,1,false,false,164500,192900,51200
fork-1,draw_shared_light,I4I,27,2048,1,1,false,false,319800,367900,217088
fork-1,draw_shared_light,I2I_CACHED,27,2048,1,1,false,false,270700,309500,110592
fork-1,draw_shared_light,CONSTANT_FIXED,27,2048,1,1,false,false,167500,209800,29696
fork-1,draw_shared_light,IPOINTER_BIND_RESTORE,27,2048,1,1,false,false,310600,665700,191488
fork-1,draw_shared_light,IPOINTER_CACHED,27,2048,1,1,false,false,238400,275700,176128
fork-1,draw_shared_light,I2I,27,2048,1,1,false,false,317100,379400,253952
fork-1,draw_shared_light,IPOINTER_BIND_RESTORE,28,2048,1,1,false,false,367500,663400,484352
fork-1,draw_shared_light,IPOINTER_CACHED,28,2048,1,1,false,false,243100,436900,334848
fork-1,draw_shared_light,I2I,28,2048,1,1,false,false,283100,472800,206848
fork-1,draw_shared_light,IPOINTER_EVERY,28,2048,1,1,false,false,322800,365900,166912
fork-1,draw_shared_light,I4I,28,2048,1,1,false,false,282700,328400,161792
fork-1,draw_shared_light,I2I_CACHED,28,2048,1,1,false,false,266100,303800,108544
fork-1,draw_shared_light,ARRAY_FIXED,28,2048,1,1,false,false,164800,206700,29696
fork-1,draw_shared_light,CONSTANT_FIXED,28,2048,1,1,false,false,222700,267300,28672
fork-1,draw_shared_light,I2I,29,2048,1,1,false,false,375500,588300,45056
fork-1,draw_shared_light,I4I,29,2048,1,1,false,false,303900,342900,125952
fork-1,draw_shared_light,IPOINTER_BIND_RESTORE,29,2048,1,1,false,false,348100,407700,204800
fork-1,draw_shared_light,IPOINTER_CACHED,29,2048,1,1,false,false,256500,290000,176128
fork-1,draw_shared_light,IPOINTER_EVERY,29,2048,1,1,false,false,268400,317300,224256
fork-1,draw_shared_light,I2I_CACHED,29,2048,1,1,false,false,285200,327900,116736
fork-1,draw_shared_light,ARRAY_FIXED,29,2048,1,1,false,false,173900,217600,31744
fork-1,draw_shared_light,CONSTANT_FIXED,29,2048,1,1,false,false,172400,203400,28672
fork-1,draw_shared_light,CONSTANT_FIXED,30,2048,1,1,false,false,172900,198700,31744
fork-1,draw_shared_light,I2I,30,2048,1,1,false,false,329300,390800,208896
fork-1,draw_shared_light,ARRAY_FIXED,30,2048,1,1,false,false,223200,262300,29696
fork-1,draw_shared_light,I2I_CACHED,30,2048,1,1,false,false,283600,325400,131072
fork-1,draw_shared_light,I4I,30,2048,1,1,false,false,285000,324500,116736
fork-1,draw_shared_light,IPOINTER_BIND_RESTORE,30,2048,1,1,false,false,328900,366600,193536
fork-1,draw_shared_light,IPOINTER_EVERY,30,2048,1,1,false,false,320300,406600,300032
fork-1,draw_shared_light,IPOINTER_CACHED,30,2048,1,1,false,false,242800,290300,207872
fork-1,draw_shared_both,IPOINTER_BIND_RESTORE,0,2048,1,2,false,false,385500,621400,439296
fork-1,draw_shared_both,ARRAY_FIXED,0,2048,1,2,false,false,173400,205600,66560
fork-1,draw_shared_both,IPOINTER_CACHED,0,2048,1,2,false,false,285400,1000500,891904
fork-1,draw_shared_both,IPOINTER_EVERY,0,2048,1,2,false,false,274200,314600,173056
fork-1,draw_shared_both,I4I,0,2048,1,2,false,false,387100,421800,247808
fork-1,draw_shared_both,CONSTANT_FIXED,0,2048,1,2,false,false,168200,195000,43008
fork-1,draw_shared_both,I2I,0,2048,1,2,false,false,401400,703300,524288
fork-1,draw_shared_both,I2I_CACHED,0,2048,1,2,false,false,457600,601600,301056
fork-1,draw_shared_both,I2I_CACHED,1,2048,1,2,false,false,409700,455700,262144
fork-1,draw_shared_both,I2I,1,2048,1,2,false,false,398300,453400,250880
fork-1,draw_shared_both,IPOINTER_CACHED,1,2048,1,2,false,false,291200,326700,184320
fork-1,draw_shared_both,IPOINTER_BIND_RESTORE,1,2048,1,2,false,false,486900,534400,386048
fork-1,draw_shared_both,ARRAY_FIXED,1,2048,1,2,false,false,207600,245400,121856
fork-1,draw_shared_both,IPOINTER_EVERY,1,2048,1,2,false,false,325600,386700,202752
fork-1,draw_shared_both,CONSTANT_FIXED,1,2048,1,2,false,false,206300,236500,70656
fork-1,draw_shared_both,I4I,1,2048,1,2,false,false,534900,587300,384000
fork-1,draw_shared_both,IPOINTER_BIND_RESTORE,2,2048,1,2,false,false,559200,627700,452608
fork-1,draw_shared_both,IPOINTER_EVERY,2,2048,1,2,false,false,336500,387500,279552
fork-1,draw_shared_both,I2I_CACHED,2,2048,1,2,false,false,545500,610700,118784
fork-1,draw_shared_both,ARRAY_FIXED,2,2048,1,2,false,false,179200,218900,30720
fork-1,draw_shared_both,CONSTANT_FIXED,2,2048,1,2,false,false,177100,205700,28672
fork-1,draw_shared_both,I2I,2,2048,1,2,false,false,410200,523600,78848
fork-1,draw_shared_both,IPOINTER_CACHED,2,2048,1,2,false,false,297200,398900,89088
fork-1,draw_shared_both,I4I,2,2048,1,2,false,false,422100,449200,277504
fork-1,draw_shared_both,I2I,3,2048,1,2,false,false,394600,423600,257024
fork-1,draw_shared_both,IPOINTER_EVERY,3,2048,1,2,false,false,280200,313500,190464
fork-1,draw_shared_both,ARRAY_FIXED,3,2048,1,2,false,false,177500,212700,93184
fork-1,draw_shared_both,I2I_CACHED,3,2048,1,2,false,false,413200,453200,321536
fork-1,draw_shared_both,CONSTANT_FIXED,3,2048,1,2,false,false,169600,205300,91136
fork-1,draw_shared_both,IPOINTER_CACHED,3,2048,1,2,false,false,278000,335200,249856
fork-1,draw_shared_both,IPOINTER_BIND_RESTORE,3,2048,1,2,false,false,437400,465700,233472
fork-1,draw_shared_both,I4I,3,2048,1,2,false,false,398900,580000,254976
fork-1,draw_shared_both,I2I,4,2048,1,2,false,false,398100,440200,253952
fork-1,draw_shared_both,CONSTANT_FIXED,4,2048,1,2,false,false,176000,206000,39936
fork-1,draw_shared_both,IPOINTER_CACHED,4,2048,1,2,false,false,290000,328600,203776
fork-1,draw_shared_both,ARRAY_FIXED,4,2048,1,2,false,false,228900,324400,179200
fork-1,draw_shared_both,IPOINTER_EVERY,4,2048,1,2,false,false,433200,490300,392192
fork-1,draw_shared_both,IPOINTER_BIND_RESTORE,4,2048,1,2,false,false,392700,622000,417792
fork-1,draw_shared_both,I2I_CACHED,4,2048,1,2,false,false,422700,456200,259072
fork-1,draw_shared_both,I4I,4,2048,1,2,false,false,401100,441500,260096
fork-1,draw_shared_both,ARRAY_FIXED,5,2048,1,2,false,false,180000,355400,185344
fork-1,draw_shared_both,I2I,5,2048,1,2,false,false,401200,441000,259072
fork-1,draw_shared_both,I2I_CACHED,5,2048,1,2,false,false,395900,441400,249856
fork-1,draw_shared_both,I4I,5,2048,1,2,false,false,399800,453700,251904
fork-1,draw_shared_both,CONSTANT_FIXED,5,2048,1,2,false,false,175200,205400,29696
fork-1,draw_shared_both,IPOINTER_BIND_RESTORE,5,2048,1,2,false,false,368400,403500,236544
fork-1,draw_shared_both,IPOINTER_EVERY,5,2048,1,2,false,false,284900,466400,221184
fork-1,draw_shared_both,IPOINTER_CACHED,5,2048,1,2,false,false,361200,426000,238592
fork-1,draw_shared_both,I2I_CACHED,6,2048,1,2,false,false,459600,764100,523264
fork-1,draw_shared_both,ARRAY_FIXED,6,2048,1,2,false,false,223700,270100,65536
fork-1,draw_shared_both,IPOINTER_BIND_RESTORE,6,2048,1,2,false,false,458100,501600,303104
fork-1,draw_shared_both,I2I,6,2048,1,2,false,false,415500,468500,331776
fork-1,draw_shared_both,I4I,6,2048,1,2,false,false,401500,439800,297984
fork-1,draw_shared_both,IPOINTER_CACHED,6,2048,1,2,false,false,290200,337800,236544
fork-1,draw_shared_both,IPOINTER_EVERY,6,2048,1,2,false,false,468400,611000,463872
fork-1,draw_shared_both,CONSTANT_FIXED,6,2048,1,2,false,false,178600,612900,24576
fork-1,draw_shared_both,CONSTANT_FIXED,7,2048,1,2,false,false,174800,249100,66560
fork-1,draw_shared_both,IPOINTER_CACHED,7,2048,1,2,false,false,290500,335100,228352
fork-1,draw_shared_both,IPOINTER_EVERY,7,2048,1,2,false,false,287600,327800,181248
fork-1,draw_shared_both,I2I,7,2048,1,2,false,false,406400,433800,256000
fork-1,draw_shared_both,I4I,7,2048,1,2,false,false,404200,805700,617472
fork-1,draw_shared_both,ARRAY_FIXED,7,2048,1,2,false,false,176600,203000,35840
fork-1,draw_shared_both,I2I_CACHED,7,2048,1,2,false,false,381700,420600,243712
fork-1,draw_shared_both,IPOINTER_BIND_RESTORE,7,2048,1,2,false,false,457000,498200,277504
fork-1,draw_shared_both,CONSTANT_FIXED,8,2048,1,2,false,false,169900,203800,80896
fork-1,draw_shared_both,IPOINTER_CACHED,8,2048,1,2,false,false,287700,336800,242688
fork-1,draw_shared_both,IPOINTER_BIND_RESTORE,8,2048,1,2,false,false,378600,416600,226304
fork-1,draw_shared_both,ARRAY_FIXED,8,2048,1,2,false,false,183300,212800,61440
fork-1,draw_shared_both,I4I,8,2048,1,2,false,false,437100,480800,278528
fork-1,draw_shared_both,IPOINTER_EVERY,8,2048,1,2,false,false,339400,379700,233472
fork-1,draw_shared_both,I2I_CACHED,8,2048,1,2,false,false,398500,437700,301056
fork-1,draw_shared_both,I2I,8,2048,1,2,false,false,501400,542300,324608
fork-1,draw_shared_both,ARRAY_FIXED,9,2048,1,2,false,false,169000,202400,78848
fork-1,draw_shared_both,I2I_CACHED,9,2048,1,2,false,false,456000,919000,726016
fork-1,draw_shared_both,CONSTANT_FIXED,9,2048,1,2,false,false,172300,212000,88064
fork-1,draw_shared_both,I4I,9,2048,1,2,false,false,457200,499200,317440
fork-1,draw_shared_both,IPOINTER_EVERY,9,2048,1,2,false,false,283100,331100,232448
fork-1,draw_shared_both,IPOINTER_CACHED,9,2048,1,2,false,false,283400,323600,178176
fork-1,draw_shared_both,IPOINTER_BIND_RESTORE,9,2048,1,2,false,false,369800,410600,262144
fork-1,draw_shared_both,I2I,9,2048,1,2,false,false,391800,587100,296960
fork-1,draw_shared_both,IPOINTER_CACHED,10,2048,1,2,false,false,289900,338900,236544
fork-1,draw_shared_both,ARRAY_FIXED,10,2048,1,2,false,false,166100,206300,30720
fork-1,draw_shared_both,I2I_CACHED,10,2048,1,2,false,false,418400,479700,248832
fork-1,draw_shared_both,IPOINTER_EVERY,10,2048,1,2,false,false,300500,337400,184320
fork-1,draw_shared_both,I2I,10,2048,1,2,false,false,441800,472800,275456
fork-1,draw_shared_both,I4I,10,2048,1,2,false,false,456900,493600,277504
fork-1,draw_shared_both,IPOINTER_BIND_RESTORE,10,2048,1,2,false,false,397600,434000,262144
fork-1,draw_shared_both,CONSTANT_FIXED,10,2048,1,2,false,false,182100,215300,83968
fork-1,draw_shared_both,I4I,11,2048,1,2,false,false,467800,571400,437248
fork-1,draw_shared_both,IPOINTER_CACHED,11,2048,1,2,false,false,278800,326900,227328
fork-1,draw_shared_both,IPOINTER_EVERY,11,2048,1,2,false,false,313600,352300,184320
fork-1,draw_shared_both,I2I,11,2048,1,2,false,false,413800,448300,257024
fork-1,draw_shared_both,CONSTANT_FIXED,11,2048,1,2,false,false,172100,199700,46080
fork-1,draw_shared_both,IPOINTER_BIND_RESTORE,11,2048,1,2,false,false,372300,414400,264192
fork-1,draw_shared_both,ARRAY_FIXED,11,2048,1,2,false,false,167700,203700,95232
fork-1,draw_shared_both,I2I_CACHED,11,2048,1,2,false,false,425000,468100,351232
fork-1,draw_shared_both,I4I,12,2048,1,2,false,false,400200,440500,308224
fork-1,draw_shared_both,CONSTANT_FIXED,12,2048,1,2,false,false,165900,200600,87040
fork-1,draw_shared_both,ARRAY_FIXED,12,2048,1,2,false,false,167400,203500,98304
fork-1,draw_shared_both,I2I,12,2048,1,2,false,false,371500,431000,222208
fork-1,draw_shared_both,IPOINTER_BIND_RESTORE,12,2048,1,2,false,false,444300,472700,273408
fork-1,draw_shared_both,IPOINTER_EVERY,12,2048,1,2,false,false,277700,317400,200704
fork-1,draw_shared_both,I2I_CACHED,12,2048,1,2,false,false,414200,453800,310272
fork-1,draw_shared_both,IPOINTER_CACHED,12,2048,1,2,false,false,301300,351500,244736
fork-1,draw_shared_both,IPOINTER_BIND_RESTORE,13,2048,1,2,false,false,399600,430400,231424
fork-1,draw_shared_both,I4I,13,2048,1,2,false,false,411700,446200,268288
fork-1,draw_shared_both,IPOINTER_CACHED,13,2048,1,2,false,false,280400,315400,186368
fork-1,draw_shared_both,CONSTANT_FIXED,13,2048,1,2,false,false,163800,334600,82944
fork-1,draw_shared_both,I2I,13,2048,1,2,false,false,394100,434100,303104
fork-1,draw_shared_both,ARRAY_FIXED,13,2048,1,2,false,false,175600,216400,99328
fork-1,draw_shared_both,IPOINTER_EVERY,13,2048,1,2,false,false,294000,351300,260096
fork-1,draw_shared_both,I2I_CACHED,13,2048,1,2,false,false,401300,463100,239616
fork-1,draw_shared_both,IPOINTER_BIND_RESTORE,14,2048,1,2,false,false,401000,431500,236544
fork-1,draw_shared_both,I4I,14,2048,1,2,false,false,402400,437300,254976
fork-1,draw_shared_both,IPOINTER_EVERY,14,2048,1,2,false,false,277600,312400,190464
fork-1,draw_shared_both,I2I,14,2048,1,2,false,false,383400,418800,280576
fork-1,draw_shared_both,CONSTANT_FIXED,14,2048,1,2,false,false,167300,200800,76800
fork-1,draw_shared_both,IPOINTER_CACHED,14,2048,1,2,false,false,284800,333700,238592
fork-1,draw_shared_both,ARRAY_FIXED,14,2048,1,2,false,false,167400,206800,29696
fork-1,draw_shared_both,I2I_CACHED,14,2048,1,2,false,false,379300,452100,240640
fork-1,draw_shared_both,I2I_CACHED,15,2048,1,2,false,false,427200,499300,251904
fork-1,draw_shared_both,I4I,15,2048,1,2,false,false,408800,538600,76800
fork-1,draw_shared_both,ARRAY_FIXED,15,2048,1,2,false,false,187200,226200,29696
fork-1,draw_shared_both,IPOINTER_CACHED,15,2048,1,2,false,false,292600,328000,181248
fork-1,draw_shared_both,CONSTANT_FIXED,15,2048,1,2,false,false,171600,203700,65536
fork-1,draw_shared_both,IPOINTER_EVERY,15,2048,1,2,false,false,282200,328800,224256
fork-1,draw_shared_both,I2I,15,2048,1,2,false,false,393600,676800,457728
fork-1,draw_shared_both,IPOINTER_BIND_RESTORE,15,2048,1,2,false,false,380300,412200,217088
fork-1,draw_shared_both,IPOINTER_CACHED,16,2048,1,2,false,false,285600,324900,205824
fork-1,draw_shared_both,ARRAY_FIXED,16,2048,1,2,false,false,202600,239400,100352
fork-1,draw_shared_both,IPOINTER_EVERY,16,2048,1,2,false,false,301100,355900,266240
fork-1,draw_shared_both,CONSTANT_FIXED,16,2048,1,2,false,false,184500,339700,30720
fork-1,draw_shared_both,I2I_CACHED,16,2048,1,2,false,false,412800,480900,264192
fork-1,draw_shared_both,I4I,16,2048,1,2,false,false,382500,443300,223232
fork-1,draw_shared_both,IPOINTER_BIND_RESTORE,16,2048,1,2,false,false,368100,400400,222208
fork-1,draw_shared_both,I2I,16,2048,1,2,false,false,397500,622400,451584
fork-1,draw_shared_both,ARRAY_FIXED,17,2048,1,2,false,false,165200,752700,25600
fork-1,draw_shared_both,I2I_CACHED,17,2048,1,2,false,false,422000,635500,442368
fork-1,draw_shared_both,I2I,17,2048,1,2,false,false,412000,449200,257024
fork-1,draw_shared_both,I4I,17,2048,1,2,false,false,405000,954100,78848
fork-1,draw_shared_both,IPOINTER_EVERY,17,2048,1,2,false,false,332300,364300,228352
fork-1,draw_shared_both,IPOINTER_CACHED,17,2048,1,2,false,false,329400,377200,261120
fork-1,draw_shared_both,CONSTANT_FIXED,17,2048,1,2,false,false,176200,215300,29696
fork-1,draw_shared_both,IPOINTER_BIND_RESTORE,17,2048,1,2,false,false,395300,427300,244736
fork-1,draw_shared_both,IPOINTER_EVERY,18,2048,1,2,false,false,299000,340600,226304
fork-1,draw_shared_both,CONSTANT_FIXED,18,2048,1,2,false,false,173000,210600,103424
fork-1,draw_shared_both,I2I,18,2048,1,2,false,false,388400,448500,231424
fork-1,draw_shared_both,I4I,18,2048,1,2,false,false,373300,433200,223232
fork-1,draw_shared_both,IPOINTER_BIND_RESTORE,18,2048,1,2,false,false,360300,393900,210944
fork-1,draw_shared_both,I2I_CACHED,18,2048,1,2,false,false,386000,692100,520192
fork-1,draw_shared_both,IPOINTER_CACHED,18,2048,1,2,false,false,288800,438300,196608
fork-1,draw_shared_both,ARRAY_FIXED,18,2048,1,2,false,false,197200,234200,92160
fork-1,draw_shared_both,IPOINTER_EVERY,19,2048,1,2,false,false,294500,348800,252928
fork-1,draw_shared_both,IPOINTER_BIND_RESTORE,19,2048,1,2,false,false,433300,544600,84992
fork-1,draw_shared_both,I2I_CACHED,19,2048,1,2,false,false,408300,441700,254976
fork-1,draw_shared_both,IPOINTER_CACHED,19,2048,1,2,false,false,277600,312600,190464
fork-1,draw_shared_both,CONSTANT_FIXED,19,2048,1,2,false,false,165800,199400,83968
fork-1,draw_shared_both,I4I,19,2048,1,2,false,false,391000,429800,301056
fork-1,draw_shared_both,ARRAY_FIXED,19,2048,1,2,false,false,168200,202600,87040
fork-1,draw_shared_both,I2I,19,2048,1,2,false,false,382600,585700,460800
fork-1,draw_shared_both,I4I,20,2048,1,2,false,false,449500,629500,362496
fork-1,draw_shared_both,I2I_CACHED,20,2048,1,2,false,false,407700,705600,386048
fork-1,draw_shared_both,IPOINTER_BIND_RESTORE,20,2048,1,2,false,false,399600,445500,302080
fork-1,draw_shared_both,I2I,20,2048,1,2,false,false,423300,484600,239616
fork-1,draw_shared_both,CONSTANT_FIXED,20,2048,1,2,false,false,184500,223700,29696
fork-1,draw_shared_both,IPOINTER_CACHED,20,2048,1,2,false,false,293500,326900,186368
fork-1,draw_shared_both,IPOINTER_EVERY,20,2048,1,2,false,false,302900,345400,230400
fork-1,draw_shared_both,ARRAY_FIXED,20,2048,1,2,false,false,180200,218200,111616
fork-1,draw_shared_both,I4I,21,2048,1,2,false,false,404000,465600,239616
fork-1,draw_shared_both,IPOINTER_CACHED,21,2048,1,2,false,false,367800,408600,189440
fork-1,draw_shared_both,IPOINTER_BIND_RESTORE,21,2048,1,2,false,false,393700,436500,277504
fork-1,draw_shared_both,IPOINTER_EVERY,21,2048,1,2,false,false,295200,674800,580608
fork-1,draw_shared_both,CONSTANT_FIXED,21,2048,1,2,false,false,176700,215700,29696
fork-1,draw_shared_both,I2I,21,2048,1,2,false,false,392300,456400,241664
fork-1,draw_shared_both,ARRAY_FIXED,21,2048,1,2,false,false,171600,211400,29696
fork-1,draw_shared_both,I2I_CACHED,21,2048,1,2,false,false,387200,447700,244736
fork-1,draw_shared_both,CONSTANT_FIXED,22,2048,1,2,false,false,169200,206400,29696
fork-1,draw_shared_both,I2I,22,2048,1,2,false,false,386800,444500,243712
fork-1,draw_shared_both,IPOINTER_EVERY,22,2048,1,2,false,false,312600,534300,393216
fork-1,draw_shared_both,IPOINTER_BIND_RESTORE,22,2048,1,2,false,false,387000,586300,278528
fork-1,draw_shared_both,ARRAY_FIXED,22,2048,1,2,false,false,177500,214500,102400
fork-1,draw_shared_both,I2I_CACHED,22,2048,1,2,false,false,403300,464700,229376
fork-1,draw_shared_both,IPOINTER_CACHED,22,2048,1,2,false,false,291700,332300,184320
fork-1,draw_shared_both,I4I,22,2048,1,2,false,false,386500,418700,248832
fork-1,draw_shared_both,IPOINTER_CACHED,23,2048,1,2,false,false,320500,360700,236544
fork-1,draw_shared_both,IPOINTER_EVERY,23,2048,1,2,false,false,276500,324500,229376
fork-1,draw_shared_both,I2I_CACHED,23,2048,1,2,false,false,392100,452700,236544
fork-1,draw_shared_both,ARRAY_FIXED,23,2048,1,2,false,false,188500,401200,200704
fork-1,draw_shared_both,I2I,23,2048,1,2,false,false,425900,622600,258048
fork-1,draw_shared_both,IPOINTER_BIND_RESTORE,23,2048,1,2,false,false,379700,409500,223232
fork-1,draw_shared_both,I4I,23,2048,1,2,false,false,381300,413700,246784
fork-1,draw_shared_both,CONSTANT_FIXED,23,2048,1,2,false,false,165900,193900,47104
fork-1,draw_shared_both,I2I,24,2048,1,2,false,false,386300,417700,250880
fork-1,draw_shared_both,IPOINTER_EVERY,24,2048,1,2,false,false,285200,318900,200704
fork-1,draw_shared_both,IPOINTER_BIND_RESTORE,24,2048,1,2,false,false,364800,415000,299008
fork-1,draw_shared_both,I4I,24,2048,1,2,false,false,381300,441900,227328
fork-1,draw_shared_both,ARRAY_FIXED,24,2048,1,2,false,false,172500,211600,29696
fork-1,draw_shared_both,IPOINTER_CACHED,24,2048,1,2,false,false,315700,348500,187392
fork-1,draw_shared_both,I2I_CACHED,24,2048,1,2,false,false,412800,438600,264192
fork-1,draw_shared_both,CONSTANT_FIXED,24,2048,1,2,false,false,184700,215800,63488
fork-1,draw_shared_both,CONSTANT_FIXED,25,2048,1,2,false,false,182800,218000,75776
fork-1,draw_shared_both,I2I_CACHED,25,2048,1,2,false,false,386100,419900,270336
fork-1,draw_shared_both,I4I,25,2048,1,2,false,false,394000,617500,459776
fork-1,draw_shared_both,IPOINTER_CACHED,25,2048,1,2,false,false,304800,441400,225280
fork-1,draw_shared_both,ARRAY_FIXED,25,2048,1,2,false,false,178500,216300,104448
fork-1,draw_shared_both,IPOINTER_BIND_RESTORE,25,2048,1,2,false,false,389500,424900,230400
fork-1,draw_shared_both,I2I,25,2048,1,2,false,false,406400,440400,259072
fork-1,draw_shared_both,IPOINTER_EVERY,25,2048,1,2,false,false,299100,336700,210944
fork-1,draw_shared_both,I4I,26,2048,1,2,false,false,411600,446800,297984
fork-1,draw_shared_both,IPOINTER_EVERY,26,2048,1,2,false,false,282000,329200,223232
fork-1,draw_shared_both,I2I_CACHED,26,2048,1,2,false,false,380600,441400,225280
fork-1,draw_shared_both,IPOINTER_CACHED,26,2048,1,2,false,false,338900,489500,346112
fork-1,draw_shared_both,I2I,26,2048,1,2,false,false,394400,428500,253952
fork-1,draw_shared_both,ARRAY_FIXED,26,2048,1,2,false,false,167500,194700,45056
fork-1,draw_shared_both,CONSTANT_FIXED,26,2048,1,2,false,false,167300,195500,54272
fork-1,draw_shared_both,IPOINTER_BIND_RESTORE,26,2048,1,2,false,false,363700,412900,274432
fork-1,draw_shared_both,IPOINTER_EVERY,27,2048,1,2,false,false,357200,411200,302080
fork-1,draw_shared_both,IPOINTER_BIND_RESTORE,27,2048,1,2,false,false,400300,453400,232448
fork-1,draw_shared_both,CONSTANT_FIXED,27,2048,1,2,false,false,207100,237000,69632
fork-1,draw_shared_both,I4I,27,2048,1,2,false,false,438400,467300,284672
fork-1,draw_shared_both,ARRAY_FIXED,27,2048,1,2,false,false,203700,234400,72704
fork-1,draw_shared_both,I2I_CACHED,27,2048,1,2,false,false,458400,491700,294912
fork-1,draw_shared_both,IPOINTER_CACHED,27,2048,1,2,false,false,361600,404700,264192
fork-1,draw_shared_both,I2I,27,2048,1,2,false,false,474800,515200,360448
fork-1,draw_shared_both,CONSTANT_FIXED,28,2048,1,2,false,false,281400,334700,191488
fork-1,draw_shared_both,I4I,28,2048,1,2,false,false,422000,463400,326656
fork-1,draw_shared_both,I2I_CACHED,28,2048,1,2,false,false,408400,447100,306176
fork-1,draw_shared_both,IPOINTER_EVERY,28,2048,1,2,false,false,300600,478000,248832
fork-1,draw_shared_both,IPOINTER_BIND_RESTORE,28,2048,1,2,false,false,422200,475400,241664
fork-1,draw_shared_both,IPOINTER_CACHED,28,2048,1,2,false,false,329400,590900,450560
fork-1,draw_shared_both,ARRAY_FIXED,28,2048,1,2,false,false,219200,254500,115712
fork-1,draw_shared_both,I2I,28,2048,1,2,false,false,467800,509100,359424
fork-1,draw_shared_both,IPOINTER_CACHED,29,2048,1,2,false,false,427400,489400,382976
fork-1,draw_shared_both,IPOINTER_EVERY,29,2048,1,2,false,false,300400,397700,86016
fork-1,draw_shared_both,IPOINTER_BIND_RESTORE,29,2048,1,2,false,false,366600,404800,96256
fork-1,draw_shared_both,I4I,29,2048,1,2,false,false,474300,656800,505856
fork-1,draw_shared_both,I2I,29,2048,1,2,false,false,413500,451400,304128
fork-1,draw_shared_both,CONSTANT_FIXED,29,2048,1,2,false,false,178800,213400,78848
fork-1,draw_shared_both,I2I_CACHED,29,2048,1,2,false,false,415700,454800,303104
fork-1,draw_shared_both,ARRAY_FIXED,29,2048,1,2,false,false,175200,208600,78848
fork-1,draw_shared_both,I4I,30,2048,1,2,false,false,392200,430800,291840
fork-1,draw_shared_both,I2I,30,2048,1,2,false,false,414800,448500,293888
fork-1,draw_shared_both,IPOINTER_BIND_RESTORE,30,2048,1,2,false,false,369400,415500,278528
fork-1,draw_shared_both,ARRAY_FIXED,30,2048,1,2,false,false,173000,212600,29696
fork-1,draw_shared_both,IPOINTER_CACHED,30,2048,1,2,false,false,287400,323600,181248
fork-1,draw_shared_both,I2I_CACHED,30,2048,1,2,false,false,411300,443500,272384
fork-1,draw_shared_both,CONSTANT_FIXED,30,2048,1,2,false,false,172000,200500,54272
fork-1,draw_shared_both,IPOINTER_EVERY,30,2048,1,2,false,false,294800,341100,223232
fork-1,draw_shared_group16_light,I2I,0,2048,1,1,false,false,281000,331500,200704
fork-1,draw_shared_group16_light,I2I_CACHED,0,2048,1,1,false,false,181800,216700,30720
fork-1,draw_shared_group16_light,CONSTANT_FIXED,0,2048,1,1,false,false,175100,199000,27648
fork-1,draw_shared_group16_light,IPOINTER_EVERY,0,2048,1,1,false,false,239700,273500,161792
fork-1,draw_shared_group16_light,IPOINTER_BIND_RESTORE,0,2048,1,1,false,false,329700,376700,262144
fork-1,draw_shared_group16_light,I4I,0,2048,1,1,false,false,279800,319700,113664
fork-1,draw_shared_group16_light,IPOINTER_CACHED,0,2048,1,1,false,false,179300,211800,30720
fork-1,draw_shared_group16_light,ARRAY_FIXED,0,2048,1,1,false,false,168500,194700,34816
fork-1,draw_shared_group16_light,IPOINTER_CACHED,1,2048,1,1,false,false,173000,423900,276480
fork-1,draw_shared_group16_light,I2I_CACHED,1,2048,1,1,false,false,184500,219800,82944
fork-1,draw_shared_group16_light,I2I,1,2048,1,1,false,false,272300,322700,191488
fork-1,draw_shared_group16_light,CONSTANT_FIXED,1,2048,1,1,false,false,167300,206700,29696
fork-1,draw_shared_group16_light,IPOINTER_EVERY,1,2048,1,1,false,false,229600,270900,155648
fork-1,draw_shared_group16_light,ARRAY_FIXED,1,2048,1,1,false,false,173100,202600,62464
fork-1,draw_shared_group16_light,IPOINTER_BIND_RESTORE,1,2048,1,1,false,false,326300,375300,259072
fork-1,draw_shared_group16_light,I4I,1,2048,1,1,false,false,295700,337200,120832
fork-1,draw_shared_group16_light,IPOINTER_CACHED,2,2048,1,1,false,false,185600,216200,30720
fork-1,draw_shared_group16_light,I2I,2,2048,1,1,false,false,288000,330500,141312
fork-1,draw_shared_group16_light,IPOINTER_BIND_RESTORE,2,2048,1,1,false,false,340700,376000,201728
fork-1,draw_shared_group16_light,IPOINTER_EVERY,2,2048,1,1,false,false,253300,293000,183296
fork-1,draw_shared_group16_light,I2I_CACHED,2,2048,1,1,false,false,184500,223600,106496
fork-1,draw_shared_group16_light,ARRAY_FIXED,2,2048,1,1,false,false,179700,221700,29696
fork-1,draw_shared_group16_light,I4I,2,2048,1,1,false,false,290500,331000,126976
fork-1,draw_shared_group16_light,CONSTANT_FIXED,2,2048,1,1,false,false,177500,217500,30720
fork-1,draw_shared_group16_light,IPOINTER_EVERY,3,2048,1,1,false,false,243100,282800,162816
fork-1,draw_shared_group16_light,CONSTANT_FIXED,3,2048,1,1,false,false,181700,213100,68608
fork-1,draw_shared_group16_light,IPOINTER_CACHED,3,2048,1,1,false,false,182400,217800,90112
fork-1,draw_shared_group16_light,I4I,3,2048,1,1,false,false,299200,354200,222208
fork-1,draw_shared_group16_light,I2I,3,2048,1,1,false,false,281700,321400,114688
fork-1,draw_shared_group16_light,I2I_CACHED,3,2048,1,1,false,false,179200,217500,30720
fork-1,draw_shared_group16_light,IPOINTER_BIND_RESTORE,3,2048,1,1,false,false,330300,358400,202752
fork-1,draw_shared_group16_light,ARRAY_FIXED,3,2048,1,1,false,false,174900,208000,69632
fork-1,draw_shared_group16_light,I2I,4,2048,1,1,false,false,285100,333500,186368
fork-1,draw_shared_group16_light,I2I_CACHED,4,2048,1,1,false,false,178600,214500,30720
fork-1,draw_shared_group16_light,I4I,4,2048,1,1,false,false,282600,324500,133120
fork-1,draw_shared_group16_light,IPOINTER_BIND_RESTORE,4,2048,1,1,false,false,327900,365300,194560
fork-1,draw_shared_group16_light,IPOINTER_EVERY,4,2048,1,1,false,false,228300,260700,161792
fork-1,draw_shared_group16_light,ARRAY_FIXED,4,2048,1,1,false,false,178200,213900,98304
fork-1,draw_shared_group16_light,CONSTANT_FIXED,4,2048,1,1,false,false,176600,213700,109568
fork-1,draw_shared_group16_light,IPOINTER_CACHED,4,2048,1,1,false,false,191900,228800,58368
fork-1,draw_shared_group16_light,ARRAY_FIXED,5,2048,1,1,false,false,176700,203600,38912
fork-1,draw_shared_group16_light,IPOINTER_EVERY,5,2048,1,1,false,false,254900,288600,177152
fork-1,draw_shared_group16_light,I2I,5,2048,1,1,false,false,281400,449800,198656
fork-1,draw_shared_group16_light,CONSTANT_FIXED,5,2048,1,1,false,false,172500,212900,30720
fork-1,draw_shared_group16_light,IPOINTER_CACHED,5,2048,1,1,false,false,185000,212200,36864
fork-1,draw_shared_group16_light,I4I,5,2048,1,1,false,false,283200,328500,154624
fork-1,draw_shared_group16_light,IPOINTER_BIND_RESTORE,5,2048,1,1,false,false,348000,434400,229376
fork-1,draw_shared_group16_light,I2I_CACHED,5,2048,1,1,false,false,192000,379600,28672
fork-1,draw_shared_group16_light,IPOINTER_EVERY,6,2048,1,1,false,false,12601400,13071400,12845056
fork-1,draw_shared_group16_light,IPOINTER_CACHED,6,2048,1,1,false,false,183200,217000,31744
fork-1,draw_shared_group16_light,ARRAY_FIXED,6,2048,1,1,false,false,168400,241400,35840
fork-1,draw_shared_group16_light,I2I_CACHED,6,2048,1,1,false,false,254400,289000,59392
fork-1,draw_shared_group16_light,I4I,6,2048,1,1,false,false,398200,665800,432128
fork-1,draw_shared_group16_light,IPOINTER_BIND_RESTORE,6,2048,1,1,false,false,352700,589500,406528
fork-1,draw_shared_group16_light,CONSTANT_FIXED,6,2048,1,1,false,false,188500,352800,65536
fork-1,draw_shared_group16_light,I2I,6,2048,1,1,false,false,311300,360800,172032
fork-1,draw_shared_group16_light,IPOINTER_CACHED,7,2048,1,1,false,false,185600,216400,30720
fork-1,draw_shared_group16_light,IPOINTER_EVERY,7,2048,1,1,false,false,240600,274500,165888
fork-1,draw_shared_group16_light,I2I_CACHED,7,2048,1,1,false,false,184400,220500,86016
fork-1,draw_shared_group16_light,CONSTANT_FIXED,7,2048,1,1,false,false,177700,214500,96256
fork-1,draw_shared_group16_light,I4I,7,2048,1,1,false,false,287100,342700,224256
fork-1,draw_shared_group16_light,I2I,7,2048,1,1,false,false,318200,367200,128000
fork-1,draw_shared_group16_light,ARRAY_FIXED,7,2048,1,1,false,false,182700,224400,29696
fork-1,draw_shared_group16_light,IPOINTER_BIND_RESTORE,7,2048,1,1,false,false,339600,373800,206848
fork-1,draw_shared_group16_light,I2I_CACHED,8,2048,1,1,false,false,193300,225800,70656
fork-1,draw_shared_group16_light,I2I,8,2048,1,1,false,false,294100,344300,195584
fork-1,draw_shared_group16_light,IPOINTER_CACHED,8,2048,1,1,false,false,185500,370700,31744
fork-1,draw_shared_group16_light,IPOINTER_EVERY,8,2048,1,1,false,false,236100,273100,162816
fork-1,draw_shared_group16_light,IPOINTER_BIND_RESTORE,8,2048,1,1,false,false,327500,491800,89088
fork-1,draw_shared_group16_light,ARRAY_FIXED,8,2048,1,1,false,false,214400,828400,30720
fork-1,draw_shared_group16_light,CONSTANT_FIXED,8,2048,1,1,false,false,198600,241800,29696
fork-1,draw_shared_group16_light,I4I,8,2048,1,1,false,false,380700,437500,46080
fork-1,draw_shared_group16_light,IPOINTER_BIND_RESTORE,9,2048,1,1,false,false,366600,416300,212992
fork-1,draw_shared_group16_light,IPOINTER_CACHED,9,2048,1,1,false,false,192700,845700,25600
fork-1,draw_shared_group16_light,CONSTANT_FIXED,9,2048,1,1,false,false,211600,249000,98304
fork-1,draw_shared_group16_light,I4I,9,2048,1,1,false,false,435500,499400,232448
fork-1,draw_shared_group16_light,IPOINTER_EVERY,9,2048,1,1,false,false,245900,562400,432128
fork-1,draw_shared_group16_light,ARRAY_FIXED,9,2048,1,1,false,false,182000,324700,58368
fork-1,draw_shared_group16_light,I2I,9,2048,1,1,false,false,294700,343500,180224
fork-1,draw_shared_group16_light,I2I_CACHED,9,2048,1,1,false,false,178300,211500,27648
fork-1,draw_shared_group16_light,CONSTANT_FIXED,10,2048,1,1,false,false,172000,197400,28672
fork-1,draw_shared_group16_light,IPOINTER_BIND_RESTORE,10,2048,1,1,false,false,329600,360800,214016
fork-1,draw_shared_group16_light,I2I_CACHED,10,2048,1,1,false,false,178500,213500,87040
fork-1,draw_shared_group16_light,IPOINTER_EVERY,10,2048,1,1,false,false,242300,292700,214016
fork-1,draw_shared_group16_light,IPOINTER_CACHED,10,2048,1,1,false,false,176100,205800,30720
fork-1,draw_shared_group16_light,I4I,10,2048,1,1,false,false,283700,327800,144384
fork-1,draw_shared_group16_light,I2I,10,2048,1,1,false,false,298100,339800,115712
fork-1,draw_shared_group16_light,ARRAY_FIXED,10,2048,1,1,false,false,209900,250800,30720
fork-1,draw_shared_group16_light,I2I,11,2048,1,1,false,false,287600,877300,676864
fork-1,draw_shared_group16_light,CONSTANT_FIXED,11,2048,1,1,false,false,174100,214200,30720
fork-1,draw_shared_group16_light,I2I_CACHED,11,2048,1,1,false,false,227100,389300,30720
fork-1,draw_shared_group16_light,IPOINTER_CACHED,11,2048,1,1,false,false,182500,211800,53248
fork-1,draw_shared_group16_light,I4I,11,2048,1,1,false,false,285100,333700,174080
fork-1,draw_shared_group16_light,ARRAY_FIXED,11,2048,1,1,false,false,187600,226000,29696
fork-1,draw_shared_group16_light,IPOINTER_BIND_RESTORE,11,2048,1,1,false,false,329500,361200,197632
fork-1,draw_shared_group16_light,IPOINTER_EVERY,11,2048,1,1,false,false,297200,465700,262144
fork-1,draw_shared_group16_light,I4I,12,2048,1,1,false,false,286100,347100,226304
fork-1,draw_shared_group16_light,I2I_CACHED,12,2048,1,1,false,false,179600,215300,31744
fork-1,draw_shared_group16_light,ARRAY_FIXED,12,2048,1,1,false,false,175100,199500,28672
fork-1,draw_shared_group16_light,I2I,12,2048,1,1,false,false,285000,330100,146432
fork-1,draw_shared_group16_light,IPOINTER_EVERY,12,2048,1,1,false,false,240500,285400,160768
fork-1,draw_shared_group16_light,IPOINTER_BIND_RESTORE,12,2048,1,1,false,false,346100,386600,245760
fork-1,draw_shared_group16_light,IPOINTER_CACHED,12,2048,1,1,false,false,178100,216200,105472
fork-1,draw_shared_group16_light,CONSTANT_FIXED,12,2048,1,1,false,false,173500,213300,30720
fork-1,draw_shared_group16_light,IPOINTER_BIND_RESTORE,13,2048,1,1,false,false,325700,357000,203776
fork-1,draw_shared_group16_light,I4I,13,2048,1,1,false,false,282600,525100,368640
fork-1,draw_shared_group16_light,I2I_CACHED,13,2048,1,1,false,false,187500,221100,27648
fork-1,draw_shared_group16_light,IPOINTER_EVERY,13,2048,1,1,false,false,282100,321000,183296
fork-1,draw_shared_group16_light,CONSTANT_FIXED,13,2048,1,1,false,false,176800,209900,68608
fork-1,draw_shared_group16_light,I2I,13,2048,1,1,false,false,272700,322100,185344
fork-1,draw_shared_group16_light,ARRAY_FIXED,13,2048,1,1,false,false,179400,219900,30720
fork-1,draw_shared_group16_light,IPOINTER_CACHED,13,2048,1,1,false,false,194800,222400,50176
fork-1,draw_shared_group16_light,ARRAY_FIXED,14,2048,1,1,false,false,190400,240600,49152
fork-1,draw_shared_group16_light,IPOINTER_CACHED,14,2048,1,1,false,false,207000,244000,84992
fork-1,draw_shared_group16_light,I4I,14,2048,1,1,false,false,302600,352600,206848
fork-1,draw_shared_group16_light,IPOINTER_BIND_RESTORE,14,2048,1,1,false,false,350200,387700,202752
fork-1,draw_shared_group16_light,I2I,14,2048,1,1,false,false,273800,319500,156672
fork-1,draw_shared_group16_light,I2I_CACHED,14,2048,1,1,false,false,177800,210000,29696
fork-1,draw_shared_group16_light,IPOINTER_EVERY,14,2048,1,1,false,false,273400,314600,202752
fork-1,draw_shared_group16_light,CONSTANT_FIXED,14,2048,1,1,false,false,177000,209000,71680
fork-1,draw_shared_group16_light,IPOINTER_CACHED,15,2048,1,1,false,false,216500,254800,101376
fork-1,draw_shared_group16_light,IPOINTER_BIND_RESTORE,15,2048,1,1,false,false,334000,387500,290816
fork-1,draw_shared_group16_light,I2I_CACHED,15,2048,1,1,false,false,180000,215700,30720
fork-1,draw_shared_group16_light,ARRAY_FIXED,15,2048,1,1,false,false,169700,194400,28672
fork-1,draw_shared_group16_light,IPOINTER_EVERY,15,2048,1,1,false,false,230300,430900,160768
fork-1,draw_shared_group16_light,CONSTANT_FIXED,15,2048,1,1,false,false,184100,219900,92160
fork-1,draw_shared_group16_light,I2I,15,2048,1,1,false,false,272400,324600,196608
fork-1,draw_shared_group16_light,I4I,15,2048,1,1,false,false,274000,313700,111616
fork-1,draw_shared_group16_light,CONSTANT_FIXED,16,2048,1,1,false,false,172300,215800,30720
fork-1,draw_shared_group16_light,I2I,16,2048,1,1,false,false,286400,438500,126976
fork-1,draw_shared_group16_light,IPOINTER_BIND_RESTORE,16,2048,1,1,false,false,339800,377400,204800
fork-1,draw_shared_group16_light,I4I,16,2048,1,1,false,false,284000,329900,157696
fork-1,draw_shared_group16_light,IPOINTER_CACHED,16,2048,1,1,false,false,205200,236500,35840
fork-1,draw_shared_group16_light,IPOINTER_EVERY,16,2048,1,1,false,false,243900,594200,480256
fork-1,draw_shared_group16_light,I2I_CACHED,16,2048,1,1,false,false,186800,385100,249856
fork-1,draw_shared_group16_light,ARRAY_FIXED,16,2048,1,1,false,false,183000,220100,101376
fork-1,draw_shared_group16_light,IPOINTER_CACHED,17,2048,1,1,false,false,183700,224400,120832
fork-1,draw_shared_group16_light,I2I_CACHED,17,2048,1,1,false,false,184700,220100,30720
fork-1,draw_shared_group16_light,IPOINTER_BIND_RESTORE,17,2048,1,1,false,false,337500,366300,207872
fork-1,draw_shared_group16_light,CONSTANT_FIXED,17,2048,1,1,false,false,178600,209300,70656
fork-1,draw_shared_group16_light,ARRAY_FIXED,17,2048,1,1,false,false,179400,214000,84992
fork-1,draw_shared_group16_light,IPOINTER_EVERY,17,2048,1,1,false,false,244200,414500,209920
fork-1,draw_shared_group16_light,I2I,17,2048,1,1,false,false,285900,324900,114688
fork-1,draw_shared_group16_light,I4I,17,2048,1,1,false,false,356600,398900,117760
fork-1,draw_shared_group16_light,IPOINTER_EVERY,18,2048,1,1,false,false,241100,294000,218112
fork-1,draw_shared_group16_light,I2I,18,2048,1,1,false,false,307000,530700,316416
fork-1,draw_shared_group16_light,IPOINTER_CACHED,18,2048,1,1,false,false,185900,220000,31744
fork-1,draw_shared_group16_light,I4I,18,2048,1,1,false,false,283700,327000,140288
fork-1,draw_shared_group16_light,CONSTANT_FIXED,18,2048,1,1,false,false,172900,213200,30720
fork-1,draw_shared_group16_light,ARRAY_FIXED,18,2048,1,1,false,false,174900,204600,29696
fork-1,draw_shared_group16_light,I2I_CACHED,18,2048,1,1,false,false,180200,208800,41984
fork-1,draw_shared_group16_light,IPOINTER_BIND_RESTORE,18,2048,1,1,false,false,337300,376900,239616
fork-1,draw_shared_group16_light,IPOINTER_CACHED,19,2048,1,1,false,false,180300,218300,104448
fork-1,draw_shared_group16_light,I2I,19,2048,1,1,false,false,280600,320700,114688
fork-1,draw_shared_group16_light,I4I,19,2048,1,1,false,false,365000,408000,120832
fork-1,draw_shared_group16_light,ARRAY_FIXED,19,2048,1,1,false,false,181100,219800,113664
fork-1,draw_shared_group16_light,IPOINTER_BIND_RESTORE,19,2048,1,1,false,false,320100,358600,196608
fork-1,draw_shared_group16_light,CONSTANT_FIXED,19,2048,1,1,false,false,179300,208700,55296
fork-1,draw_shared_group16_light,IPOINTER_EVERY,19,2048,1,1,false,false,241800,279500,178176
fork-1,draw_shared_group16_light,I2I_CACHED,19,2048,1,1,false,false,174900,213700,110592
fork-1,draw_shared_group16_light,I4I,20,2048,1,1,false,false,278800,319100,112640
fork-1,draw_shared_group16_light,I2I_CACHED,20,2048,1,1,false,false,175100,210800,28672
fork-1,draw_shared_group16_light,IPOINTER_EVERY,20,2048,1,1,false,false,230600,271000,156672
fork-1,draw_shared_group16_light,I2I,20,2048,1,1,false,false,307000,356700,199680
fork-1,draw_shared_group16_light,CONSTANT_FIXED,20,2048,1,1,false,false,167900,208000,30720
fork-1,draw_shared_group16_light,IPOINTER_BIND_RESTORE,20,2048,1,1,false,false,321500,352600,197632
fork-1,draw_shared_group16_light,IPOINTER_CACHED,20,2048,1,1,false,false,184000,218600,86016
fork-1,draw_shared_group16_light,ARRAY_FIXED,20,2048,1,1,false,false,175900,212200,91136
fork-1,draw_shared_group16_light,I4I,21,2048,1,1,false,false,290500,569700,445440
fork-1,draw_shared_group16_light,ARRAY_FIXED,21,2048,1,1,false,false,170600,211000,29696
fork-1,draw_shared_group16_light,IPOINTER_EVERY,21,2048,1,1,false,false,287600,351600,235520
fork-1,draw_shared_group16_light,I2I_CACHED,21,2048,1,1,false,false,187000,219500,71680
fork-1,draw_shared_group16_light,I2I,21,2048,1,1,false,false,280500,331200,191488
fork-1,draw_shared_group16_light,IPOINTER_BIND_RESTORE,21,2048,1,1,false,false,320800,358700,196608
fork-1,draw_shared_group16_light,CONSTANT_FIXED,21,2048,1,1,false,false,178100,381600,55296
fork-1,draw_shared_group16_light,IPOINTER_CACHED,21,2048,1,1,false,false,180200,214100,78848
fork-1,draw_shared_group16_light,IPOINTER_EVERY,22,2048,1,1,false,false,238700,287300,203776
fork-1,draw_shared_group16_light,IPOINTER_CACHED,22,2048,1,1,false,false,179800,210300,31744
fork-1,draw_shared_group16_light,IPOINTER_BIND_RESTORE,22,2048,1,1,false,false,321400,381600,235520
fork-1,draw_shared_group16_light,CONSTANT_FIXED,22,2048,1,1,false,false,177600,213700,81920
fork-1,draw_shared_group16_light,I2I,22,2048,1,1,false,false,283100,349700,203776
fork-1,draw_shared_group16_light,I4I,22,2048,1,1,false,false,300200,575400,46080
fork-1,draw_shared_group16_light,ARRAY_FIXED,22,2048,1,1,false,false,175900,218500,29696
fork-1,draw_shared_group16_light,I2I_CACHED,22,2048,1,1,false,false,179300,210000,32768
fork-1,draw_shared_group16_light,I2I_CACHED,23,2048,1,1,false,false,179800,207300,41984
fork-1,draw_shared_group16_light,IPOINTER_EVERY,23,2048,1,1,false,false,228000,261800,162816
fork-1,draw_shared_group16_light,IPOINTER_CACHED,23,2048,1,1,false,false,183400,221900,109568
fork-1,draw_shared_group16_light,I4I,23,2048,1,1,false,false,276000,315000,111616
fork-1,draw_shared_group16_light,IPOINTER_BIND_RESTORE,23,2048,1,1,false,false,321000,360400,195584
fork-1,draw_shared_group16_light,ARRAY_FIXED,23,2048,1,1,false,false,168600,196400,50176
fork-1,draw_shared_group16_light,I2I,23,2048,1,1,false,false,286000,332700,164864
fork-1,draw_shared_group16_light,CONSTANT_FIXED,23,2048,1,1,false,false,221700,253900,30720
fork-1,draw_shared_group16_light,ARRAY_FIXED,24,2048,1,1,false,false,173900,359500,28672
fork-1,draw_shared_group16_light,I2I_CACHED,24,2048,1,1,false,false,174000,201900,39936
fork-1,draw_shared_group16_light,I2I,24,2048,1,1,false,false,285400,331700,160768
fork-1,draw_shared_group16_light,IPOINTER_CACHED,24,2048,1,1,false,false,174000,205800,31744
fork-1,draw_shared_group16_light,IPOINTER_BIND_RESTORE,24,2048,1,1,false,false,331200,367500,221184
fork-1,draw_shared_group16_light,IPOINTER_EVERY,24,2048,1,1,false,false,233800,278600,192512
fork-1,draw_shared_group16_light,I4I,24,2048,1,1,false,false,286100,325700,118784
fork-1,draw_shared_group16_light,CONSTANT_FIXED,24,2048,1,1,false,false,166600,209000,30720
fork-1,draw_shared_group16_light,I4I,25,2048,1,1,false,false,273700,314900,120832
fork-1,draw_shared_group16_light,I2I_CACHED,25,2048,1,1,false,false,172500,208500,30720
fork-1,draw_shared_group16_light,ARRAY_FIXED,25,2048,1,1,false,false,210500,443400,235520
fork-1,draw_shared_group16_light,IPOINTER_CACHED,25,2048,1,1,false,false,211600,454600,73728
fork-1,draw_shared_group16_light,IPOINTER_BIND_RESTORE,25,2048,1,1,false,false,321800,364800,240640
fork-1,draw_shared_group16_light,CONSTANT_FIXED,25,2048,1,1,false,false,162900,200600,102400
fork-1,draw_shared_group16_light,I2I,25,2048,1,1,false,false,272000,311600,111616
fork-1,draw_shared_group16_light,IPOINTER_EVERY,25,2048,1,1,false,false,229100,275500,152576
fork-1,draw_shared_group16_light,IPOINTER_CACHED,26,2048,1,1,false,false,173300,203500,63488
fork-1,draw_shared_group16_light,CONSTANT_FIXED,26,2048,1,1,false,false,181600,215000,74752
fork-1,draw_shared_group16_light,I2I_CACHED,26,2048,1,1,false,false,173300,208000,90112
fork-1,draw_shared_group16_light,I2I,26,2048,1,1,false,false,271300,324200,208896
fork-1,draw_shared_group16_light,I4I,26,2048,1,1,false,false,273800,312700,111616
fork-1,draw_shared_group16_light,ARRAY_FIXED,26,2048,1,1,false,false,169000,211700,29696
fork-1,draw_shared_group16_light,IPOINTER_EVERY,26,2048,1,1,false,false,264300,414500,187392
fork-1,draw_shared_group16_light,IPOINTER_BIND_RESTORE,26,2048,1,1,false,false,425100,470000,287744
fork-1,draw_shared_group16_light,IPOINTER_EVERY,27,2048,1,1,false,false,275900,328300,237568
fork-1,draw_shared_group16_light,I2I,27,2048,1,1,false,false,305300,344500,125952
fork-1,draw_shared_group16_light,CONSTANT_FIXED,27,2048,1,1,false,false,183300,438900,240640
fork-1,draw_shared_group16_light,IPOINTER_CACHED,27,2048,1,1,false,false,179700,384800,36864
fork-1,draw_shared_group16_light,I4I,27,2048,1,1,false,false,274700,319400,149504
fork-1,draw_shared_group16_light,I2I_CACHED,27,2048,1,1,false,false,173300,210500,31744
fork-1,draw_shared_group16_light,IPOINTER_BIND_RESTORE,27,2048,1,1,false,false,330400,363800,214016
fork-1,draw_shared_group16_light,ARRAY_FIXED,27,2048,1,1,false,false,167100,199700,68608
fork-1,draw_shared_group16_light,IPOINTER_BIND_RESTORE,28,2048,1,1,false,false,410600,461900,350208
fork-1,draw_shared_group16_light,ARRAY_FIXED,28,2048,1,1,false,false,175200,239100,30720
fork-1,draw_shared_group16_light,I2I,28,2048,1,1,false,false,342300,749100,524288
fork-1,draw_shared_group16_light,IPOINTER_EVERY,28,2048,1,1,false,false,268300,326000,167936
fork-1,draw_shared_group16_light,IPOINTER_CACHED,28,2048,1,1,false,false,202900,235600,79872
fork-1,draw_shared_group16_light,I2I_CACHED,28,2048,1,1,false,false,218600,253700,101376
fork-1,draw_shared_group16_light,I4I,28,2048,1,1,false,false,384700,625100,404480
fork-1,draw_shared_group16_light,CONSTANT_FIXED,28,2048,1,1,false,false,196200,248800,30720
fork-1,draw_shared_group16_light,IPOINTER_BIND_RESTORE,29,2048,1,1,false,false,352900,407100,215040
fork-1,draw_shared_group16_light,I2I_CACHED,29,2048,1,1,false,false,205600,238700,86016
fork-1,draw_shared_group16_light,I4I,29,2048,1,1,false,false,393600,447100,197632
fork-1,draw_shared_group16_light,IPOINTER_EVERY,29,2048,1,1,false,false,238000,283500,153600
fork-1,draw_shared_group16_light,I2I,29,2048,1,1,false,false,274200,440500,158720
fork-1,draw_shared_group16_light,CONSTANT_FIXED,29,2048,1,1,false,false,173600,213600,30720
fork-1,draw_shared_group16_light,ARRAY_FIXED,29,2048,1,1,false,false,174700,204500,28672
fork-1,draw_shared_group16_light,IPOINTER_CACHED,29,2048,1,1,false,false,177500,205500,47104
fork-1,draw_shared_group16_light,IPOINTER_EVERY,30,2048,1,1,false,false,234800,276400,176128
fork-1,draw_shared_group16_light,ARRAY_FIXED,30,2048,1,1,false,false,173400,209900,102400
fork-1,draw_shared_group16_light,I4I,30,2048,1,1,false,false,282900,543800,46080
fork-1,draw_shared_group16_light,I2I,30,2048,1,1,false,false,290800,789200,46080
fork-1,draw_shared_group16_light,I2I_CACHED,30,2048,1,1,false,false,200500,235700,29696
fork-1,draw_shared_group16_light,IPOINTER_CACHED,30,2048,1,1,false,false,284100,344500,80896
fork-1,draw_shared_group16_light,CONSTANT_FIXED,30,2048,1,1,false,false,211100,242300,84992
fork-1,draw_shared_group16_light,IPOINTER_BIND_RESTORE,30,2048,1,1,false,false,374000,411600,97280
fork-1,draw_item64_light,I2I_CACHED,0,2048,1,1,true,true,483000,519700,366592
fork-1,draw_item64_light,ARRAY_FIXED,0,2048,1,1,true,true,380500,422700,346112
fork-1,draw_item64_light,I2I,0,2048,1,1,true,true,532300,576800,440320
fork-1,draw_item64_light,CONSTANT_FIXED,0,2048,1,1,true,true,375700,426200,280576
fork-1,draw_item64_light,IPOINTER_BIND_RESTORE,0,2048,1,1,true,true,568700,619700,461824
fork-1,draw_item64_light,I4I,0,2048,1,1,true,true,495600,767100,369664
fork-1,draw_item64_light,IPOINTER_CACHED,0,2048,1,1,true,true,451900,491800,403456
fork-1,draw_item64_light,IPOINTER_EVERY,0,2048,1,1,true,true,434300,490400,378880
fork-1,draw_item64_light,I4I,1,2048,1,1,true,true,502900,637900,380928
fork-1,draw_item64_light,CONSTANT_FIXED,1,2048,1,1,true,true,368500,402400,310272
fork-1,draw_item64_light,IPOINTER_EVERY,1,2048,1,1,true,true,441500,480700,394240
fork-1,draw_item64_light,IPOINTER_BIND_RESTORE,1,2048,1,1,true,true,681600,943800,798720
fork-1,draw_item64_light,IPOINTER_CACHED,1,2048,1,1,true,true,478400,527600,382976
fork-1,draw_item64_light,ARRAY_FIXED,1,2048,1,1,true,true,440000,646600,353280
fork-1,draw_item64_light,I2I_CACHED,1,2048,1,1,true,true,483800,520600,361472
fork-1,draw_item64_light,I2I,1,2048,1,1,true,true,510500,561700,459776
fork-1,draw_item64_light,IPOINTER_BIND_RESTORE,2,2048,1,1,true,true,524500,574000,417792
fork-1,draw_item64_light,I2I,2,2048,1,1,true,true,610200,843100,605184
fork-1,draw_item64_light,ARRAY_FIXED,2,2048,1,1,true,true,447800,631100,536576
fork-1,draw_item64_light,I4I,2,2048,1,1,true,true,559700,604000,456704
fork-1,draw_item64_light,IPOINTER_CACHED,2,2048,1,1,true,true,452400,501300,366592
fork-1,draw_item64_light,CONSTANT_FIXED,2,2048,1,1,true,true,355700,403800,266240
fork-1,draw_item64_light,I2I_CACHED,2,2048,1,1,true,true,470000,505800,354304
fork-1,draw_item64_light,IPOINTER_EVERY,2,2048,1,1,true,true,440000,490200,407552
fork-1,draw_item64_light,IPOINTER_CACHED,3,2048,1,1,true,true,449300,505200,390144
fork-1,draw_item64_light,I2I_CACHED,3,2048,1,1,true,true,462500,498700,346112
fork-1,draw_item64_light,ARRAY_FIXED,3,2048,1,1,true,true,365400,407500,334848
fork-1,draw_item64_light,I4I,3,2048,1,1,true,true,464700,753300,379904
fork-1,draw_item64_light,I2I,3,2048,1,1,true,true,523100,560200,389120
fork-1,draw_item64_light,IPOINTER_EVERY,3,2048,1,1,true,true,438900,472600,384000
fork-1,draw_item64_light,IPOINTER_BIND_RESTORE,3,2048,1,1,true,true,651400,858300,586752
fork-1,draw_item64_light,CONSTANT_FIXED,3,2048,1,1,true,true,359900,408000,263168
fork-1,draw_item64_light,I2I,4,2048,1,1,true,true,485000,716900,558080
fork-1,draw_item64_light,CONSTANT_FIXED,4,2048,1,1,true,true,407700,563800,355328
fork-1,draw_item64_light,IPOINTER_BIND_RESTORE,4,2048,1,1,true,true,585400,642800,502784
fork-1,draw_item64_light,IPOINTER_CACHED,4,2048,1,1,true,true,481200,536700,411648
fork-1,draw_item64_light,IPOINTER_EVERY,4,2048,1,1,true,true,478200,526800,385024
fork-1,draw_item64_light,I4I,4,2048,1,1,true,true,653900,883900,586752
fork-1,draw_item64_light,ARRAY_FIXED,4,2048,1,1,true,true,378900,421400,342016
fork-1,draw_item64_light,I2I_CACHED,4,2048,1,1,true,true,452700,496700,367616
fork-1,draw_item64_light,I2I_CACHED,5,2048,1,1,true,true,451100,486600,335872
fork-1,draw_item64_light,IPOINTER_EVERY,5,2048,1,1,true,true,411400,451900,371712
fork-1,draw_item64_light,IPOINTER_CACHED,5,2048,1,1,true,true,439800,693600,373760
fork-1,draw_item64_light,I2I,5,2048,1,1,true,true,639800,682800,501760
fork-1,draw_item64_light,CONSTANT_FIXED,5,2048,1,1,true,true,434100,467300,364544
fork-1,draw_item64_light,IPOINTER_BIND_RESTORE,5,2048,1,1,true,true,773900,1043000,823296
fork-1,draw_item64_light,I4I,5,2048,1,1,true,true,499400,543500,389120
fork-1,draw_item64_light,ARRAY_FIXED,5,2048,1,1,true,true,364700,638000,522240
fork-1,draw_item64_light,CONSTANT_FIXED,6,2048,1,1,true,true,402900,451600,314368
fork-1,draw_item64_light,I2I,6,2048,1,1,true,true,491600,598900,363520
fork-1,draw_item64_light,IPOINTER_BIND_RESTORE,6,2048,1,1,true,true,547800,773300,441344
fork-1,draw_item64_light,IPOINTER_CACHED,6,2048,1,1,true,true,440500,496200,384000
fork-1,draw_item64_light,I2I_CACHED,6,2048,1,1,true,true,472600,508700,349184
fork-1,draw_item64_light,IPOINTER_EVERY,6,2048,1,1,true,true,427200,467400,384000
fork-1,draw_item64_light,ARRAY_FIXED,6,2048,1,1,true,true,363600,418800,322560
fork-1,draw_item64_light,I4I,6,2048,1,1,true,true,472500,508900,354304
fork-1,draw_item64_light,CONSTANT_FIXED,7,2048,1,1,true,true,379400,419200,327680
fork-1,draw_item64_light,IPOINTER_EVERY,7,2048,1,1,true,true,876400,916800,748544
fork-1,draw_item64_light,I2I,7,2048,1,1,true,true,503800,547400,408576
fork-1,draw_item64_light,I2I_CACHED,7,2048,1,1,true,true,483300,519000,358400
fork-1,draw_item64_light,IPOINTER_BIND_RESTORE,7,2048,1,1,true,true,576000,610800,491520
fork-1,draw_item64_light,I4I,7,2048,1,1,true,true,484300,534500,398336
fork-1,draw_item64_light,IPOINTER_CACHED,7,2048,1,1,true,true,431000,650200,347136
fork-1,draw_item64_light,ARRAY_FIXED,7,2048,1,1,true,true,416400,468000,318464
fork-1,draw_item64_light,I2I_CACHED,8,2048,1,1,true,true,543100,579200,379904
fork-1,draw_item64_light,IPOINTER_BIND_RESTORE,8,2048,1,1,true,true,619700,814800,557056
fork-1,draw_item64_light,IPOINTER_EVERY,8,2048,1,1,true,true,424800,480600,369664
fork-1,draw_item64_light,ARRAY_FIXED,8,2048,1,1,true,true,513300,573500,404480
fork-1,draw_item64_light,CONSTANT_FIXED,8,2048,1,1,true,true,354000,401200,263168
fork-1,draw_item64_light,I4I,8,2048,1,1,true,true,603700,646000,464896
fork-1,draw_item64_light,IPOINTER_CACHED,8,2048,1,1,true,true,561900,886300,754688
fork-1,draw_item64_light,I2I,8,2048,1,1,true,true,518100,561200,405504
fork-1,draw_item64_light,I4I,9,2048,1,1,true,true,491700,527500,357376
fork-1,draw_item64_light,I2I,9,2048,1,1,true,true,508700,559900,446464
fork-1,draw_item64_light,IPOINTER_CACHED,9,2048,1,1,true,true,417800,466700,337920
fork-1,draw_item64_light,IPOINTER_EVERY,9,2048,1,1,true,true,426600,474900,337920
fork-1,draw_item64_light,I2I_CACHED,9,2048,1,1,true,true,688900,730500,506880
fork-1,draw_item64_light,ARRAY_FIXED,9,2048,1,1,true,true,384500,427100,350208
fork-1,draw_item64_light,IPOINTER_BIND_RESTORE,9,2048,1,1,true,true,517500,573300,443392
fork-1,draw_item64_light,CONSTANT_FIXED,9,2048,1,1,true,true,354300,402700,265216
fork-1,draw_item64_light,I2I,10,2048,1,1,true,true,514100,1275600,1112064
fork-1,draw_item64_light,I2I_CACHED,10,2048,1,1,true,true,507300,572600,124928
fork-1,draw_item64_light,I4I,10,2048,1,1,true,true,538700,578900,129024
fork-1,draw_item64_light,CONSTANT_FIXED,10,2048,1,1,true,true,443900,482500,392192
fork-1,draw_item64_light,IPOINTER_BIND_RESTORE,10,2048,1,1,true,true,616700,674300,342016
fork-1,draw_item64_light,IPOINTER_CACHED,10,2048,1,1,true,true,488400,544400,416768
fork-1,draw_item64_light,IPOINTER_EVERY,10,2048,1,1,true,true,662200,713900,401408
fork-1,draw_item64_light,ARRAY_FIXED,10,2048,1,1,true,true,375900,425400,308224
fork-1,draw_item64_light,I2I_CACHED,11,2048,1,1,true,true,478600,514400,356352
fork-1,draw_item64_light,ARRAY_FIXED,11,2048,1,1,true,true,385600,427600,352256
fork-1,draw_item64_light,CONSTANT_FIXED,11,2048,1,1,true,true,369200,399700,282624
fork-1,draw_item64_light,IPOINTER_BIND_RESTORE,11,2048,1,1,true,true,527700,582800,449536
fork-1,draw_item64_light,I4I,11,2048,1,1,true,true,581800,914100,447488
fork-1,draw_item64_light,IPOINTER_CACHED,11,2048,1,1,true,true,607300,654800,538624
fork-1,draw_item64_light,IPOINTER_EVERY,11,2048,1,1,true,true,571600,988600,875520
fork-1,draw_item64_light,I2I,11,2048,1,1,true,true,514500,718300,384000
fork-1,draw_item64_light,I4I,12,2048,1,1,true,true,542400,600200,498688
fork-1,draw_item64_light,I2I_CACHED,12,2048,1,1,true,true,559600,669000,413696
fork-1,draw_item64_light,IPOINTER_EVERY,12,2048,1,1,true,true,487800,544100,445440
fork-1,draw_item64_light,IPOINTER_CACHED,12,2048,1,1,true,true,429400,485700,171008
fork-1,draw_item64_light,I2I,12,2048,1,1,true,true,518800,765200,384000
fork-1,draw_item64_light,CONSTANT_FIXED,12,2048,1,1,true,true,365200,398700,308224
fork-1,draw_item64_light,IPOINTER_BIND_RESTORE,12,2048,1,1,true,true,525900,561500,461824
fork-1,draw_item64_light,ARRAY_FIXED,12,2048,1,1,true,true,379400,434800,324608
fork-1,draw_item64_light,I4I,13,2048,1,1,true,true,627600,669200,456704
fork-1,draw_item64_light,IPOINTER_BIND_RESTORE,13,2048,1,1,true,true,779200,836100,699392
fork-1,draw_item64_light,CONSTANT_FIXED,13,2048,1,1,true,true,421400,483000,319488
fork-1,draw_item64_light,IPOINTER_EVERY,13,2048,1,1,true,true,606000,662600,531456
fork-1,draw_item64_light,ARRAY_FIXED,13,2048,1,1,true,true,428800,477500,347136
fork-1,draw_item64_light,IPOINTER_CACHED,13,2048,1,1,true,true,510700,560100,413696
fork-1,draw_item64_light,I2I,13,2048,1,1,true,true,640900,682000,408576
fork-1,draw_item64_light,I2I_CACHED,13,2048,1,1,true,true,467300,518000,421888
fork-1,draw_item64_light,CONSTANT_FIXED,14,2048,1,1,true,true,353800,624000,264192
fork-1,draw_item64_light,I2I,14,2048,1,1,true,true,502500,542600,372736
fork-1,draw_item64_light,I4I,14,2048,1,1,true,true,471500,522900,425984
fork-1,draw_item64_light,IPOINTER_EVERY,14,2048,1,1,true,true,503400,650600,422912
fork-1,draw_item64_light,IPOINTER_CACHED,14,2048,1,1,true,true,566400,620900,472064
fork-1,draw_item64_light,ARRAY_FIXED,14,2048,1,1,true,true,521700,869000,689152
fork-1,draw_item64_light,IPOINTER_BIND_RESTORE,14,2048,1,1,true,true,612800,663600,475136
fork-1,draw_item64_light,I2I_CACHED,14,2048,1,1,true,true,661500,701100,531456
fork-1,draw_item64_light,ARRAY_FIXED,15,2048,1,1,true,true,391200,1908800,354304
fork-1,draw_item64_light,IPOINTER_EVERY,15,2048,1,1,true,true,570000,631300,483328
fork-1,draw_item64_light,CONSTANT_FIXED,15,2048,1,1,true,true,424300,680700,310272
fork-1,draw_item64_light,IPOINTER_BIND_RESTORE,15,2048,1,1,true,true,534600,585700,423936
fork-1,draw_item64_light,I4I,15,2048,1,1,true,true,532200,722300,534528
fork-1,draw_item64_light,IPOINTER_CACHED,15,2048,1,1,true,true,1025900,1066500,932864
fork-1,draw_item64_light,I2I,15,2048,1,1,true,true,1015000,1068500,800768
fork-1,draw_item64_light,I2I_CACHED,15,2048,1,1,true,true,748500,784600,490496
fork-1,draw_item64_light,IPOINTER_BIND_RESTORE,16,2048,1,1,true,true,537000,572700,474112
fork-1,draw_item64_light,I2I_CACHED,16,2048,1,1,true,true,466600,721100,384000
fork-1,draw_item64_light,IPOINTER_EVERY,16,2048,1,1,true,true,538800,590800,414720
fork-1,draw_item64_light,I4I,16,2048,1,1,true,true,556600,595600,419840
fork-1,draw_item64_light,ARRAY_FIXED,16,2048,1,1,true,true,563000,879400,527360
fork-1,draw_item64_light,IPOINTER_CACHED,16,2048,1,1,true,true,431800,488600,373760
fork-1,draw_item64_light,CONSTANT_FIXED,16,2048,1,1,true,true,354600,559200,409600
fork-1,draw_item64_light,I2I,16,2048,1,1,true,true,629000,729900,479232
fork-1,draw_item64_light,CONSTANT_FIXED,17,2048,1,1,true,true,445500,482100,374784
fork-1,draw_item64_light,I4I,17,2048,1,1,true,true,501700,727700,625664
fork-1,draw_item64_light,I2I,17,2048,1,1,true,true,507500,551200,112640
fork-1,draw_item64_light,I2I_CACHED,17,2048,1,1,true,true,490100,540300,231424
fork-1,draw_item64_light,IPOINTER_CACHED,17,2048,1,1,true,true,443100,493600,357376
fork-1,draw_item64_light,IPOINTER_BIND_RESTORE,17,2048,1,1,true,true,537500,588500,429056
fork-1,draw_item64_light,ARRAY_FIXED,17,2048,1,1,true,true,522100,576100,456704
fork-1,draw_item64_light,IPOINTER_EVERY,17,2048,1,1,true,true,508600,558200,406528
fork-1,draw_item64_light,I2I,18,2048,1,1,true,true,614700,653600,470016
fork-1,draw_item64_light,IPOINTER_BIND_RESTORE,18,2048,1,1,true,true,616700,672200,533504
fork-1,draw_item64_light,IPOINTER_CACHED,18,2048,1,1,true,true,511800,568500,438272
fork-1,draw_item64_light,IPOINTER_EVERY,18,2048,1,1,true,true,523300,573000,422912
fork-1,draw_item64_light,I4I,18,2048,1,1,true,true,668000,711000,524288
fork-1,draw_item64_light,I2I_CACHED,18,2048,1,1,true,true,484100,537000,438272
fork-1,draw_item64_light,CONSTANT_FIXED,18,2048,1,1,true,true,365700,415400,275456
fork-1,draw_item64_light,ARRAY_FIXED,18,2048,1,1,true,true,384600,435000,315392
fork-1,draw_item64_light,IPOINTER_CACHED,19,2048,1,1,true,true,439500,488800,354304
fork-1,draw_item64_light,IPOINTER_EVERY,19,2048,1,1,true,true,436600,485500,352256
fork-1,draw_item64_light,CONSTANT_FIXED,19,2048,1,1,true,true,369500,592000,275456
fork-1,draw_item64_light,I4I,19,2048,1,1,true,true,670800,714600,530432
fork-1,draw_item64_light,IPOINTER_BIND_RESTORE,19,2048,1,1,true,true,548100,769500,660480
fork-1,draw_item64_light,I2I,19,2048,1,1,true,true,518300,709500,424960
fork-1,draw_item64_light,ARRAY_FIXED,19,2048,1,1,true,true,379200,428400,308224
fork-1,draw_item64_light,I2I_CACHED,19,2048,1,1,true,true,483000,519400,366592
fork-1,draw_item64_light,IPOINTER_EVERY,20,2048,1,1,true,true,438200,478600,392192
fork-1,draw_item64_light,CONSTANT_FIXED,20,2048,1,1,true,true,364500,558900,443392
fork-1,draw_item64_light,IPOINTER_BIND_RESTORE,20,2048,1,1,true,true,633500,817500,478208
fork-1,draw_item64_light,IPOINTER_CACHED,20,2048,1,1,true,true,471400,771800,613376
fork-1,draw_item64_light,I2I_CACHED,20,2048,1,1,true,true,485700,523100,363520
fork-1,draw_item64_light,I4I,20,2048,1,1,true,true,494400,546600,447488
fork-1,draw_item64_light,ARRAY_FIXED,20,2048,1,1,true,true,373700,624600,498688
fork-1,draw_item64_light,I2I,20,2048,1,1,true,true,512700,552700,381952
fork-1,draw_item64_light,IPOINTER_EVERY,21,2048,1,1,true,true,598400,637100,441344
fork-1,draw_item64_light,I4I,21,2048,1,1,true,true,488000,532200,396288
fork-1,draw_item64_light,IPOINTER_BIND_RESTORE,21,2048,1,1,true,true,527700,576800,417792
fork-1,draw_item64_light,CONSTANT_FIXED,21,2048,1,1,true,true,367200,536000,271360
fork-1,draw_item64_light,I2I,21,2048,1,1,true,true,521700,699400,535552
fork-1,draw_item64_light,I2I_CACHED,21,2048,1,1,true,true,619800,858800,113664
fork-1,draw_item64_light,ARRAY_FIXED,21,2048,1,1,true,true,466400,900800,606208
fork-1,draw_item64_light,IPOINTER_CACHED,21,2048,1,1,true,true,441500,1118700,980992
fork-1,draw_item64_light,CONSTANT_FIXED,22,2048,1,1,true,true,362800,605800,464896
fork-1,draw_item64_light,I4I,22,2048,1,1,true,true,549100,594600,381952
fork-1,draw_item64_light,IPOINTER_EVERY,22,2048,1,1,true,true,440700,480700,394240
fork-1,draw_item64_light,I2I,22,2048,1,1,true,true,491500,534800,400384
fork-1,draw_item64_light,I2I_CACHED,22,2048,1,1,true,true,470100,506700,354304
fork-1,draw_item64_light,IPOINTER_BIND_RESTORE,22,2048,1,1,true,true,535800,569700,472064
fork-1,draw_item64_light,ARRAY_FIXED,22,2048,1,1,true,true,366900,422600,320512
fork-1,draw_item64_light,IPOINTER_CACHED,22,2048,1,1,true,true,433900,485400,353280
fork-1,draw_item64_light,ARRAY_FIXED,23,2048,1,1,true,true,514200,565000,425984
fork-1,draw_item64_light,IPOINTER_EVERY,23,2048,1,1,true,true,439400,489700,356352
fork-1,draw_item64_light,IPOINTER_CACHED,23,2048,1,1,true,true,432400,571100,129024
fork-1,draw_item64_light,I2I,23,2048,1,1,true,true,499700,539000,373760
fork-1,draw_item64_light,I4I,23,2048,1,1,true,true,473800,525500,428032
fork-1,draw_item64_light,CONSTANT_FIXED,23,2048,1,1,true,true,352800,401100,264192
fork-1,draw_item64_light,IPOINTER_BIND_RESTORE,23,2048,1,1,true,true,520700,570200,414720
fork-1,draw_item64_light,I2I_CACHED,23,2048,1,1,true,true,510300,561600,407552
fork-1,draw_item64_light,IPOINTER_CACHED,24,2048,1,1,true,true,492000,760500,450560
fork-1,draw_item64_light,I2I_CACHED,24,2048,1,1,true,true,501900,546000,410624
fork-1,draw_item64_light,IPOINTER_EVERY,24,2048,1,1,true,true,434800,483600,349184
fork-1,draw_item64_light,CONSTANT_FIXED,24,2048,1,1,true,true,366900,415600,274432
fork-1,draw_item64_light,I4I,24,2048,1,1,true,true,494400,530700,365568
fork-1,draw_item64_light,IPOINTER_BIND_RESTORE,24,2048,1,1,true,true,537600,572600,474112
fork-1,draw_item64_light,ARRAY_FIXED,24,2048,1,1,true,true,421300,491600,392192
fork-1,draw_item64_light,I2I,24,2048,1,1,true,true,504500,540800,376832
fork-1,draw_item64_light,ARRAY_FIXED,25,2048,1,1,true,true,377500,420300,345088
fork-1,draw_item64_light,I2I_CACHED,25,2048,1,1,true,true,471600,514600,386048
fork-1,draw_item64_light,I4I,25,2048,1,1,true,true,501700,538700,384000
fork-1,draw_item64_light,IPOINTER_BIND_RESTORE,25,2048,1,1,true,true,539400,569400,468992
fork-1,draw_item64_light,I2I,25,2048,1,1,true,true,507400,551000,412672
fork-1,draw_item64_light,IPOINTER_CACHED,25,2048,1,1,true,true,568000,633400,500736
fork-1,draw_item64_light,CONSTANT_FIXED,25,2048,1,1,true,true,366000,414400,272384
fork-1,draw_item64_light,IPOINTER_EVERY,25,2048,1,1,true,true,427700,476800,346112
fork-1,draw_item64_light,ARRAY_FIXED,26,2048,1,1,true,true,375100,425000,307200
fork-1,draw_item64_light,I2I_CACHED,26,2048,1,1,true,true,494500,532900,371712
fork-1,draw_item64_light,IPOINTER_CACHED,26,2048,1,1,true,true,613900,683400,529408
fork-1,draw_item64_light,CONSTANT_FIXED,26,2048,1,1,true,true,485300,549600,389120
fork-1,draw_item64_light,IPOINTER_BIND_RESTORE,26,2048,1,1,true,true,729200,788400,628736
fork-1,draw_item64_light,IPOINTER_EVERY,26,2048,1,1,true,true,434700,671800,351232
fork-1,draw_item64_light,I4I,26,2048,1,1,true,true,586100,942700,747520
fork-1,draw_item64_light,I2I,26,2048,1,1,true,true,517800,570200,467968
fork-1,draw_item64_light,I2I,27,2048,1,1,true,true,521500,748500,381952
fork-1,draw_item64_light,IPOINTER_CACHED,27,2048,1,1,true,true,490500,528800,442368
fork-1,draw_item64_light,I4I,27,2048,1,1,true,true,488900,532800,399360
fork-1,draw_item64_light,I2I_CACHED,27,2048,1,1,true,true,465800,501700,349184
fork-1,draw_item64_light,IPOINTER_BIND_RESTORE,27,2048,1,1,true,true,540300,780300,681984
fork-1,draw_item64_light,ARRAY_FIXED,27,2048,1,1,true,true,377100,634300,332800
fork-1,draw_item64_light,CONSTANT_FIXED,27,2048,1,1,true,true,478000,526800,340992
fork-1,draw_item64_light,IPOINTER_EVERY,27,2048,1,1,true,true,654300,707800,546816
fork-1,draw_item64_light,IPOINTER_EVERY,28,2048,1,1,true,true,481100,533600,357376
fork-1,draw_item64_light,IPOINTER_BIND_RESTORE,28,2048,1,1,true,true,523900,716100,552960
fork-1,draw_item64_light,CONSTANT_FIXED,28,2048,1,1,true,true,436100,485400,325632
fork-1,draw_item64_light,I2I,28,2048,1,1,true,true,627200,665400,410624
fork-1,draw_item64_light,I2I_CACHED,28,2048,1,1,true,true,527600,578600,467968
fork-1,draw_item64_light,I4I,28,2048,1,1,true,true,533300,570500,401408
fork-1,draw_item64_light,IPOINTER_CACHED,28,2048,1,1,true,true,560600,599700,407552
fork-1,draw_item64_light,ARRAY_FIXED,28,2048,1,1,true,true,400400,455300,343040
fork-1,draw_item64_light,IPOINTER_CACHED,29,2048,1,1,true,true,431000,480400,348160
fork-1,draw_item64_light,IPOINTER_EVERY,29,2048,1,1,true,true,538000,602200,387072
fork-1,draw_item64_light,I4I,29,2048,1,1,true,true,490200,540700,364544
fork-1,draw_item64_light,IPOINTER_BIND_RESTORE,29,2048,1,1,true,true,615300,659600,527360
fork-1,draw_item64_light,ARRAY_FIXED,29,2048,1,1,true,true,412700,467800,359424
fork-1,draw_item64_light,I2I_CACHED,29,2048,1,1,true,true,559400,600400,410624
fork-1,draw_item64_light,CONSTANT_FIXED,29,2048,1,1,true,true,373000,656700,564224
fork-1,draw_item64_light,I2I,29,2048,1,1,true,true,541200,592900,481280
fork-1,draw_item64_light,I2I_CACHED,30,2048,1,1,true,true,503200,540700,370688
fork-1,draw_item64_light,ARRAY_FIXED,30,2048,1,1,true,true,398900,442600,363520
fork-1,draw_item64_light,IPOINTER_EVERY,30,2048,1,1,true,true,468100,523600,387072
fork-1,draw_item64_light,I4I,30,2048,1,1,true,true,525500,591600,394240
fork-1,draw_item64_light,CONSTANT_FIXED,30,2048,1,1,true,true,475800,566200,461824
fork-1,draw_item64_light,IPOINTER_CACHED,30,2048,1,1,true,true,468800,508300,194560
fork-1,draw_item64_light,I2I,30,2048,1,1,true,true,542200,586000,449536
fork-1,draw_item64_light,IPOINTER_BIND_RESTORE,30,2048,1,1,true,true,527900,577900,418816
fork-1,draw_item64_both,CONSTANT_FIXED,0,2048,1,2,true,true,400400,449500,293888
fork-1,draw_item64_both,IPOINTER_EVERY,0,2048,1,2,true,true,563500,612500,446464
fork-1,draw_item64_both,I4I,0,2048,1,2,true,true,751200,809100,624640
fork-1,draw_item64_both,IPOINTER_CACHED,0,2048,1,2,true,true,495400,544600,397312
fork-1,draw_item64_both,ARRAY_FIXED,0,2048,1,2,true,true,430700,479400,343040
fork-1,draw_item64_both,I2I_CACHED,0,2048,1,2,true,true,634700,690500,512000
fork-1,draw_item64_both,IPOINTER_BIND_RESTORE,0,2048,1,2,true,true,635000,684500,501760
fork-1,draw_item64_both,I2I,0,2048,1,2,true,true,634600,690500,508928
fork-1,draw_item64_both,IPOINTER_CACHED,1,2048,1,2,true,true,668900,870500,440320
fork-1,draw_item64_both,I2I,1,2048,1,2,true,true,640200,698400,305152
fork-1,draw_item64_both,I4I,1,2048,1,2,true,true,614800,671600,493568
fork-1,draw_item64_both,ARRAY_FIXED,1,2048,1,2,true,true,387200,875900,613376
fork-1,draw_item64_both,I2I_CACHED,1,2048,1,2,true,true,605100,892400,145408
fork-1,draw_item64_both,IPOINTER_BIND_RESTORE,1,2048,1,2,true,true,601000,647800,129024
fork-1,draw_item64_both,IPOINTER_EVERY,1,2048,1,2,true,true,484300,1183600,1036288
fork-1,draw_item64_both,CONSTANT_FIXED,1,2048,1,2,true,true,357300,602600,462848
fork-1,draw_item64_both,ARRAY_FIXED,2,2048,1,2,true,true,457600,511800,388096
fork-1,draw_item64_both,I4I,2,2048,1,2,true,true,689000,750400,252928
fork-1,draw_item64_both,CONSTANT_FIXED,2,2048,1,2,true,true,372500,577700,275456
fork-1,draw_item64_both,IPOINTER_EVERY,2,2048,1,2,true,true,482100,531400,377856
fork-1,draw_item64_both,IPOINTER_BIND_RESTORE,2,2048,1,2,true,true,565700,614800,446464
fork-1,draw_item64_both,I2I_CACHED,2,2048,1,2,true,true,575200,630800,468992
fork-1,draw_item64_both,IPOINTER_CACHED,2,2048,1,2,true,true,557000,795300,663552
fork-1,draw_item64_both,I2I,2,2048,1,2,true,true,624500,685100,271360
fork-1,draw_item64_both,IPOINTER_EVERY,3,2048,1,2,true,true,499200,549100,393216
fork-1,draw_item64_both,IPOINTER_CACHED,3,2048,1,2,true,true,426200,479600,345088
fork-1,draw_item64_both,I2I,3,2048,1,2,true,true,575200,631400,466944
fork-1,draw_item64_both,I2I_CACHED,3,2048,1,2,true,true,574000,630600,464896
fork-1,draw_item64_both,IPOINTER_BIND_RESTORE,3,2048,1,2,true,true,719300,773000,604160
fork-1,draw_item64_both,ARRAY_FIXED,3,2048,1,2,true,true,372500,421300,302080
fork-1,draw_item64_both,CONSTANT_FIXED,3,2048,1,2,true,true,358000,407900,269312
fork-1,draw_item64_both,I4I,3,2048,1,2,true,true,595100,650700,479232
fork-1,draw_item64_both,I4I,4,2048,1,2,true,true,700400,757000,477184
fork-1,draw_item64_both,ARRAY_FIXED,4,2048,1,2,true,true,368500,417400,301056
fork-1,draw_item64_both,CONSTANT_FIXED,4,2048,1,2,true,true,354500,404800,267264
fork-1,draw_item64_both,IPOINTER_EVERY,4,2048,1,2,true,true,618000,670900,527360
fork-1,draw_item64_both,I2I,4,2048,1,2,true,true,652000,709000,522240
fork-1,draw_item64_both,IPOINTER_CACHED,4,2048,1,2,true,true,496900,546600,397312
fork-1,draw_item64_both,IPOINTER_BIND_RESTORE,4,2048,1,2,true,true,700900,755900,571392
fork-1,draw_item64_both,I2I_CACHED,4,2048,1,2,true,true,622700,678300,497664
fork-1,draw_item64_both,ARRAY_FIXED,5,2048,1,2,true,true,433900,483800,354304
fork-1,draw_item64_both,I2I,5,2048,1,2,true,true,755300,813800,504832
fork-1,draw_item64_both,CONSTANT_FIXED,5,2048,1,2,true,true,364500,413300,277504
fork-1,draw_item64_both,IPOINTER_BIND_RESTORE,5,2048,1,2,true,true,581300,630700,453632
fork-1,draw_item64_both,I4I,5,2048,1,2,true,true,600700,656900,477184
fork-1,draw_item64_both,I2I_CACHED,5,2048,1,2,true,true,565700,621200,461824
fork-1,draw_item64_both,IPOINTER_EVERY,5,2048,1,2,true,true,475800,524800,377856
fork-1,draw_item64_both,IPOINTER_CACHED,5,2048,1,2,true,true,426900,485500,346112
fork-1,draw_item64_both,CONSTANT_FIXED,6,2048,1,2,true,true,460200,772200,584704
fork-1,draw_item64_both,IPOINTER_EVERY,6,2048,1,2,true,true,476000,525700,374784
fork-1,draw_item64_both,I2I_CACHED,6,2048,1,2,true,true,584000,640500,476160
fork-1,draw_item64_both,IPOINTER_BIND_RESTORE,6,2048,1,2,true,true,563400,612500,444416
fork-1,draw_item64_both,ARRAY_FIXED,6,2048,1,2,true,true,364800,414100,297984
fork-1,draw_item64_both,I2I,6,2048,1,2,true,true,636500,702600,537600
fork-1,draw_item64_both,I4I,6,2048,1,2,true,true,691100,1000800,806912
fork-1,draw_item64_both,IPOINTER_CACHED,6,2048,1,2,true,true,446300,496500,350208
fork-1,draw_item64_both,I2I,7,2048,1,2,true,true,572200,628700,463872
fork-1,draw_item64_both,IPOINTER_EVERY,7,2048,1,2,true,true,470900,519700,377856
fork-1,draw_item64_both,IPOINTER_CACHED,7,2048,1,2,true,true,422500,472800,343040
fork-1,draw_item64_both,I4I,7,2048,1,2,true,true,758900,1001500,656384
fork-1,draw_item64_both,IPOINTER_BIND_RESTORE,7,2048,1,2,true,true,625800,675800,504832
fork-1,draw_item64_both,CONSTANT_FIXED,7,2048,1,2,true,true,341200,390300,257024
fork-1,draw_item64_both,ARRAY_FIXED,7,2048,1,2,true,true,440500,740500,413696
fork-1,draw_item64_both,I2I_CACHED,7,2048,1,2,true,true,632000,688700,503808
fork-1,draw_item64_both,I4I,8,2048,1,2,true,true,836700,913500,720896
fork-1,draw_item64_both,IPOINTER_BIND_RESTORE,8,2048,1,2,true,true,622500,674500,488448
fork-1,draw_item64_both,I2I,8,2048,1,2,true,true,602100,660100,471040
fork-1,draw_item64_both,CONSTANT_FIXED,8,2048,1,2,true,true,351200,399600,264192
fork-1,draw_item64_both,I2I_CACHED,8,2048,1,2,true,true,571900,628000,465920
fork-1,draw_item64_both,IPOINTER_CACHED,8,2048,1,2,true,true,423200,472400,339968
fork-1,draw_item64_both,ARRAY_FIXED,8,2048,1,2,true,true,359900,408700,296960
fork-1,draw_item64_both,IPOINTER_EVERY,8,2048,1,2,true,true,544200,596100,454656
fork-1,draw_item64_both,I2I,9,2048,1,2,true,true,574600,814900,649216
fork-1,draw_item64_both,IPOINTER_BIND_RESTORE,9,2048,1,2,true,true,568100,719600,129024
fork-1,draw_item64_both,ARRAY_FIXED,9,2048,1,2,true,true,359700,409000,294912
fork-1,draw_item64_both,IPOINTER_CACHED,9,2048,1,2,true,true,421500,470600,339968
fork-1,draw_item64_both,CONSTANT_FIXED,9,2048,1,2,true,true,351800,540800,264192
fork-1,draw_item64_both,I2I_CACHED,9,2048,1,2,true,true,754500,824000,645120
fork-1,draw_item64_both,IPOINTER_EVERY,9,2048,1,2,true,true,538600,592800,411648
fork-1,draw_item64_both,I4I,9,2048,1,2,true,true,597100,654100,477184
fork-1,draw_item64_both,ARRAY_FIXED,10,2048,1,2,true,true,372000,704400,487424
fork-1,draw_item64_both,I2I,10,2048,1,2,true,true,573700,630700,461824
fork-1,draw_item64_both,IPOINTER_BIND_RESTORE,10,2048,1,2,true,true,567800,618700,449536
fork-1,draw_item64_both,IPOINTER_EVERY,10,2048,1,2,true,true,558800,726500,384000
fork-1,draw_item64_both,IPOINTER_CACHED,10,2048,1,2,true,true,422900,471900,338944
fork-1,draw_item64_both,CONSTANT_FIXED,10,2048,1,2,true,true,342300,389900,256000
fork-1,draw_item64_both,I2I_CACHED,10,2048,1,2,true,true,545900,601600,443392
fork-1,draw_item64_both,I4I,10,2048,1,2,true,true,607600,805600,623616
fork-1,draw_item64_both,IPOINTER_EVERY,11,2048,1,2,true,true,467600,516600,373760
fork-1,draw_item64_both,I2I_CACHED,11,2048,1,2,true,true,688400,932800,698368
fork-1,draw_item64_both,CONSTANT_FIXED,11,2048,1,2,true,true,353000,530400,265216
fork-1,draw_item64_both,I4I,11,2048,1,2,true,true,602200,659300,486400
fork-1,draw_item64_both,IPOINTER_BIND_RESTORE,11,2048,1,2,true,true,567500,617700,448512
fork-1,draw_item64_both,IPOINTER_CACHED,11,2048,1,2,true,true,425800,474900,346112
fork-1,draw_item64_both,ARRAY_FIXED,11,2048,1,2,true,true,359500,565200,450560
fork-1,draw_item64_both,I2I,11,2048,1,2,true,true,734200,794000,629760
fork-1,draw_item64_both,CONSTANT_FIXED,12,2048,1,2,true,true,392600,440900,287744
fork-1,draw_item64_both,I2I,12,2048,1,2,true,true,615400,671300,497664
fork-1,draw_item64_both,IPOINTER_EVERY,12,2048,1,2,true,true,536300,585800,431104
fork-1,draw_item64_both,IPOINTER_BIND_RESTORE,12,2048,1,2,true,true,889100,1044200,852992
fork-1,draw_item64_both,ARRAY_FIXED,12,2048,1,2,true,true,361700,411000,296960
fork-1,draw_item64_both,I4I,12,2048,1,2,true,true,777400,837400,602112
fork-1,draw_item64_both,IPOINTER_CACHED,12,2048,1,2,true,true,424700,474000,339968
fork-1,draw_item64_both,I2I_CACHED,12,2048,1,2,true,true,571700,627600,463872
fork-1,draw_item64_both,IPOINTER_CACHED,13,2048,1,2,true,true,467600,515100,342016
fork-1,draw_item64_both,IPOINTER_BIND_RESTORE,13,2048,1,2,true,true,563100,889000,129024
fork-1,draw_item64_both,CONSTANT_FIXED,13,2048,1,2,true,true,463600,523200,79872
fork-1,draw_item64_both,ARRAY_FIXED,13,2048,1,2,true,true,454500,505800,353280
fork-1,draw_item64_both,I2I_CACHED,13,2048,1,2,true,true,612300,870600,145408
fork-1,draw_item64_both,I4I,13,2048,1,2,true,true,857400,1228400,1038336
fork-1,draw_item64_both,I2I,13,2048,1,2,true,true,662300,720700,375808
fork-1,draw_item64_both,IPOINTER_EVERY,13,2048,1,2,true,true,535800,804700,425984
fork-1,draw_item64_both,IPOINTER_BIND_RESTORE,14,2048,1,2,true,true,569400,619900,447488
fork-1,draw_item64_both,CONSTANT_FIXED,14,2048,1,2,true,true,354500,404700,267264
fork-1,draw_item64_both,I2I,14,2048,1,2,true,true,631800,691200,523264
fork-1,draw_item64_both,IPOINTER_EVERY,14,2048,1,2,true,true,611100,882100,690176
fork-1,draw_item64_both,I2I_CACHED,14,2048,1,2,true,true,624600,683200,478208
fork-1,draw_item64_both,IPOINTER_CACHED,14,2048,1,2,true,true,431300,481100,347136
fork-1,draw_item64_both,ARRAY_FIXED,14,2048,1,2,true,true,362400,409700,296960
fork-1,draw_item64_both,I4I,14,2048,1,2,true,true,594200,650700,475136
fork-1,draw_item64_both,ARRAY_FIXED,15,2048,1,2,true,true,477300,533200,418816
fork-1,draw_item64_both,IPOINTER_CACHED,15,2048,1,2,true,true,431900,480100,349184
fork-1,draw_item64_both,I2I_CACHED,15,2048,1,2,true,true,617000,672900,505856
fork-1,draw_item64_both,I4I,15,2048,1,2,true,true,589400,644500,474112
fork-1,draw_item64_both,IPOINTER_EVERY,15,2048,1,2,true,true,463800,512800,374784
fork-1,draw_item64_both,CONSTANT_FIXED,15,2048,1,2,true,true,345200,393700,256000
fork-1,draw_item64_both,IPOINTER_BIND_RESTORE,15,2048,1,2,true,true,547200,596500,433152
fork-1,draw_item64_both,I2I,15,2048,1,2,true,true,680500,740600,579584
fork-1,draw_item64_both,CONSTANT_FIXED,16,2048,1,2,true,true,379000,690100,539648
fork-1,draw_item64_both,IPOINTER_EVERY,16,2048,1,2,true,true,474400,522900,379904
fork-1,draw_item64_both,I2I_CACHED,16,2048,1,2,true,true,580500,636000,466944
fork-1,draw_item64_both,IPOINTER_CACHED,16,2048,1,2,true,true,425800,474200,342016
fork-1,draw_item64_both,IPOINTER_BIND_RESTORE,16,2048,1,2,true,true,560500,609900,448512
fork-1,draw_item64_both,ARRAY_FIXED,16,2048,1,2,true,true,348300,397100,286720
fork-1,draw_item64_both,I2I,16,2048,1,2,true,true,755400,943500,630784
fork-1,draw_item64_both,I4I,16,2048,1,2,true,true,645300,701700,512000
fork-1,draw_item64_both,CONSTANT_FIXED,17,2048,1,2,true,true,365100,413500,273408
fork-1,draw_item64_both,IPOINTER_CACHED,17,2048,1,2,true,true,438700,487600,352256
fork-1,draw_item64_both,IPOINTER_EVERY,17,2048,1,2,true,true,480300,529400,384000
fork-1,draw_item64_both,I4I,17,2048,1,2,true,true,619900,675800,504832
fork-1,draw_item64_both,I2I,17,2048,1,2,true,true,672200,731300,563200
fork-1,draw_item64_both,IPOINTER_BIND_RESTORE,17,2048,1,2,true,true,573300,622700,448512
fork-1,draw_item64_both,ARRAY_FIXED,17,2048,1,2,true,true,349000,397500,286720
fork-1,draw_item64_both,I2I_CACHED,17,2048,1,2,true,true,566700,622800,455680
fork-1,draw_item64_both,CONSTANT_FIXED,18,2048,1,2,true,true,357600,405800,265216
fork-1,draw_item64_both,I4I,18,2048,1,2,true,true,630100,687100,514048
fork-1,draw_item64_both,IPOINTER_CACHED,18,2048,1,2,true,true,419300,468600,339968
fork-1,draw_item64_both,I2I,18,2048,1,2,true,true,747300,817100,610304
fork-1,draw_item64_both,ARRAY_FIXED,18,2048,1,2,true,true,370600,420300,302080
fork-1,draw_item64_both,IPOINTER_BIND_RESTORE,18,2048,1,2,true,true,567500,617800,445440
fork-1,draw_item64_both,IPOINTER_EVERY,18,2048,1,2,true,true,467200,516900,373760
fork-1,draw_item64_both,I2I_CACHED,18,2048,1,2,true,true,568400,624900,460800
fork-1,draw_item64_both,ARRAY_FIXED,19,2048,1,2,true,true,360900,569300,295936
fork-1,draw_item64_both,IPOINTER_BIND_RESTORE,19,2048,1,2,true,true,704800,757200,458752
fork-1,draw_item64_both,I4I,19,2048,1,2,true,true,598100,654400,479232
fork-1,draw_item64_both,CONSTANT_FIXED,19,2048,1,2,true,true,353000,489700,265216
fork-1,draw_item64_both,I2I,19,2048,1,2,true,true,564300,621800,455680
fork-1,draw_item64_both,IPOINTER_EVERY,19,2048,1,2,true,true,465300,513800,370688
fork-1,draw_item64_both,IPOINTER_CACHED,19,2048,1,2,true,true,444700,495100,359424
fork-1,draw_item64_both,I2I_CACHED,19,2048,1,2,true,true,698700,995000,834560
fork-1,draw_item64_both,I2I_CACHED,20,2048,1,2,true,true,627000,840700,626688
fork-1,draw_item64_both,ARRAY_FIXED,20,2048,1,2,true,true,410400,757900,439296
fork-1,draw_item64_both,CONSTANT_FIXED,20,2048,1,2,true,true,469700,654700,376832
fork-1,draw_item64_both,IPOINTER_BIND_RESTORE,20,2048,1,2,true,true,701200,770900,594944
fork-1,draw_item64_both,IPOINTER_CACHED,20,2048,1,2,true,true,553500,888600,662528
fork-1,draw_item64_both,I4I,20,2048,1,2,true,true,617200,673900,477184
fork-1,draw_item64_both,IPOINTER_EVERY,20,2048,1,2,true,true,520200,727800,532480
fork-1,draw_item64_both,I2I,20,2048,1,2,true,true,641200,697700,515072
fork-1,draw_item64_both,CONSTANT_FIXED,21,2048,1,2,true,true,387300,435300,287744
fork-1,draw_item64_both,I2I_CACHED,21,2048,1,2,true,true,670300,729100,482304
fork-1,draw_item64_both,I4I,21,2048,1,2,true,true,585500,641700,476160
fork-1,draw_item64_both,IPOINTER_EVERY,21,2048,1,2,true,true,468000,517500,374784
fork-1,draw_item64_both,IPOINTER_CACHED,21,2048,1,2,true,true,424800,473800,344064
fork-1,draw_item64_both,ARRAY_FIXED,21,2048,1,2,true,true,359500,408500,296960
fork-1,draw_item64_both,IPOINTER_BIND_RESTORE,21,2048,1,2,true,true,596600,646300,466944
fork-1,draw_item64_both,I2I,21,2048,1,2,true,true,709300,767800,598016
fork-1,draw_item64_both,I2I,22,2048,1,2,true,true,597200,653600,478208
fork-1,draw_item64_both,IPOINTER_EVERY,22,2048,1,2,true,true,483500,533200,386048
fork-1,draw_item64_both,CONSTANT_FIXED,22,2048,1,2,true,true,382300,431600,284672
fork-1,draw_item64_both,ARRAY_FIXED,22,2048,1,2,true,true,380800,429500,310272
fork-1,draw_item64_both,I2I_CACHED,22,2048,1,2,true,true,588200,644700,476160
fork-1,draw_item64_both,IPOINTER_CACHED,22,2048,1,2,true,true,438200,487500,352256
fork-1,draw_item64_both,IPOINTER_BIND_RESTORE,22,2048,1,2,true,true,690300,869300,621568
fork-1,draw_item64_both,I4I,22,2048,1,2,true,true,595100,651900,480256
fork-1,draw_item64_both,CONSTANT_FIXED,23,2048,1,2,true,true,354700,402400,263168
fork-1,draw_item64_both,I4I,23,2048,1,2,true,true,588200,726900,479232
fork-1,draw_item64_both,IPOINTER_CACHED,23,2048,1,2,true,true,453400,503400,348160
fork-1,draw_item64_both,IPOINTER_BIND_RESTORE,23,2048,1,2,true,true,565900,614800,447488
fork-1,draw_item64_both,IPOINTER_EVERY,23,2048,1,2,true,true,670400,723100,581632
fork-1,draw_item64_both,ARRAY_FIXED,23,2048,1,2,true,true,374300,423300,306176
fork-1,draw_item64_both,I2I_CACHED,23,2048,1,2,true,true,586700,642900,474112
fork-1,draw_item64_both,I2I,23,2048,1,2,true,true,587300,1845100,472064
fork-1,draw_item64_both,I2I_CACHED,24,2048,1,2,true,true,667100,737300,565248
fork-1,draw_item64_both,I2I,24,2048,1,2,true,true,751100,825000,599040
fork-1,draw_item64_both,ARRAY_FIXED,24,2048,1,2,true,true,405400,461300,320512
fork-1,draw_item64_both,IPOINTER_BIND_RESTORE,24,2048,1,2,true,true,595600,906200,140288
fork-1,draw_item64_both,CONSTANT_FIXED,24,2048,1,2,true,true,407100,538100,93184
fork-1,draw_item64_both,I4I,24,2048,1,2,true,true,672500,756300,542720
fork-1,draw_item64_both,IPOINTER_CACHED,24,2048,1,2,true,true,435400,484800,349184
fork-1,draw_item64_both,IPOINTER_EVERY,24,2048,1,2,true,true,479500,528800,384000
fork-1,draw_item64_both,IPOINTER_BIND_RESTORE,25,2048,1,2,true,true,575800,625700,455680
fork-1,draw_item64_both,IPOINTER_EVERY,25,2048,1,2,true,true,477100,526800,381952
fork-1,draw_item64_both,I2I_CACHED,25,2048,1,2,true,true,895200,966400,747520
fork-1,draw_item64_both,I2I,25,2048,1,2,true,true,614500,1114200,926720
fork-1,draw_item64_both,CONSTANT_FIXED,25,2048,1,2,true,true,412800,462300,303104
fork-1,draw_item64_both,I4I,25,2048,1,2,true,true,615400,673500,475136
fork-1,draw_item64_both,IPOINTER_CACHED,25,2048,1,2,true,true,424800,474300,342016
fork-1,draw_item64_both,ARRAY_FIXED,25,2048,1,2,true,true,391500,470200,307200
fork-1,draw_item64_both,I2I_CACHED,26,2048,1,2,true,true,731000,787600,557056
fork-1,draw_item64_both,ARRAY_FIXED,26,2048,1,2,true,true,385300,435000,297984
fork-1,draw_item64_both,I2I,26,2048,1,2,true,true,572900,981500,464896
fork-1,draw_item64_both,IPOINTER_CACHED,26,2048,1,2,true,true,424800,474800,340992
fork-1,draw_item64_both,IPOINTER_BIND_RESTORE,26,2048,1,2,true,true,563600,613900,446464
fork-1,draw_item64_both,I4I,26,2048,1,2,true,true,709300,1168500,668672
fork-1,draw_item64_both,IPOINTER_EVERY,26,2048,1,2,true,true,470400,520000,374784
fork-1,draw_item64_both,CONSTANT_FIXED,26,2048,1,2,true,true,353700,403700,268288
fork-1,draw_item64_both,I4I,27,2048,1,2,true,true,608500,668600,500736
fork-1,draw_item64_both,IPOINTER_BIND_RESTORE,27,2048,1,2,true,true,591700,968700,796672
fork-1,draw_item64_both,ARRAY_FIXED,27,2048,1,2,true,true,398000,447800,333824
fork-1,draw_item64_both,IPOINTER_CACHED,27,2048,1,2,true,true,425500,474700,342016
fork-1,draw_item64_both,CONSTANT_FIXED,27,2048,1,2,true,true,355700,505500,266240
fork-1,draw_item64_both,I2I_CACHED,27,2048,1,2,true,true,612400,669800,503808
fork-1,draw_item64_both,I2I,27,2048,1,2,true,true,568200,624500,460800
fork-1,draw_item64_both,IPOINTER_EVERY,27,2048,1,2,true,true,484200,615900,389120
fork-1,draw_item64_both,I4I,28,2048,1,2,true,true,956300,1190500,718848
fork-1,draw_item64_both,IPOINTER_CACHED,28,2048,1,2,true,true,451500,502700,357376
fork-1,draw_item64_both,IPOINTER_EVERY,28,2048,1,2,true,true,478100,527600,384000
fork-1,draw_item64_both,IPOINTER_BIND_RESTORE,28,2048,1,2,true,true,575000,628900,459776
fork-1,draw_item64_both,CONSTANT_FIXED,28,2048,1,2,true,true,362600,412100,271360
fork-1,draw_item64_both,ARRAY_FIXED,28,2048,1,2,true,true,374600,421900,304128
fork-1,draw_item64_both,I2I_CACHED,28,2048,1,2,true,true,723900,783600,526336
fork-1,draw_item64_both,I2I,28,2048,1,2,true,true,566300,622100,458752
fork-1,draw_item64_both,IPOINTER_BIND_RESTORE,29,2048,1,2,true,true,597600,647800,479232
fork-1,draw_item64_both,CONSTANT_FIXED,29,2048,1,2,true,true,351800,402400,264192
fork-1,draw_item64_both,IPOINTER_CACHED,29,2048,1,2,true,true,424300,472500,340992
fork-1,draw_item64_both,I2I_CACHED,29,2048,1,2,true,true,567300,623700,460800
fork-1,draw_item64_both,I2I,29,2048,1,2,true,true,659800,1187200,1017856
fork-1,draw_item64_both,I4I,29,2048,1,2,true,true,763800,883600,669696
fork-1,draw_item64_both,ARRAY_FIXED,29,2048,1,2,true,true,415900,767400,335872
fork-1,draw_item64_both,IPOINTER_EVERY,29,2048,1,2,true,true,468100,517700,374784
fork-1,draw_item64_both,IPOINTER_CACHED,30,2048,1,2,true,true,433800,483100,346112
fork-1,draw_item64_both,IPOINTER_BIND_RESTORE,30,2048,1,2,true,true,718000,955700,546816
fork-1,draw_item64_both,I2I_CACHED,30,2048,1,2,true,true,563100,619100,452608
fork-1,draw_item64_both,I2I,30,2048,1,2,true,true,631400,689700,521216
fork-1,draw_item64_both,IPOINTER_EVERY,30,2048,1,2,true,true,622000,672100,436224
fork-1,draw_item64_both,CONSTANT_FIXED,30,2048,1,2,true,true,391300,598800,447488
fork-1,draw_item64_both,ARRAY_FIXED,30,2048,1,2,true,true,697800,760000,425984
fork-1,draw_item64_both,I4I,30,2048,1,2,true,true,617800,979000,801792
fork-1,draw_item64_mesh128_light,IPOINTER_BIND_RESTORE,0,512,128,1,true,true,128300,609000,458752
fork-1,draw_item64_mesh128_light,I4I,0,512,128,1,true,true,158000,643400,458752
fork-1,draw_item64_mesh128_light,IPOINTER_CACHED,0,512,128,1,true,true,127300,977100,826368
fork-1,draw_item64_mesh128_light,ARRAY_FIXED,0,512,128,1,true,true,116200,866600,459776
fork-1,draw_item64_mesh128_light,I2I,0,512,128,1,true,true,120000,603800,459776
fork-1,draw_item64_mesh128_light,CONSTANT_FIXED,0,512,128,1,true,true,87600,569500,459776
fork-1,draw_item64_mesh128_light,I2I_CACHED,0,512,128,1,true,true,127300,1112100,955392
fork-1,draw_item64_mesh128_light,IPOINTER_EVERY,0,512,128,1,true,true,112100,596400,458752
fork-1,draw_item64_mesh128_light,I2I_CACHED,1,512,128,1,true,true,115200,596700,458752
fork-1,draw_item64_mesh128_light,I4I,1,512,128,1,true,true,121200,604900,459776
fork-1,draw_item64_mesh128_light,I2I,1,512,128,1,true,true,125200,606700,458752
fork-1,draw_item64_mesh128_light,ARRAY_FIXED,1,512,128,1,true,true,99000,583900,459776
fork-1,draw_item64_mesh128_light,CONSTANT_FIXED,1,512,128,1,true,true,92700,575900,459776
fork-1,draw_item64_mesh128_light,IPOINTER_EVERY,1,512,128,1,true,true,113200,595800,458752
fork-1,draw_item64_mesh128_light,IPOINTER_CACHED,1,512,128,1,true,true,100400,583100,459776
fork-1,draw_item64_mesh128_light,IPOINTER_BIND_RESTORE,1,512,128,1,true,true,124200,606100,459776
fork-1,draw_item64_mesh128_light,IPOINTER_CACHED,2,512,128,1,true,true,103300,586300,460800
fork-1,draw_item64_mesh128_light,IPOINTER_BIND_RESTORE,2,512,128,1,true,true,128300,609800,458752
fork-1,draw_item64_mesh128_light,I2I,2,512,128,1,true,true,151000,637600,458752
fork-1,draw_item64_mesh128_light,IPOINTER_EVERY,2,512,128,1,true,true,102600,586000,458752
fork-1,draw_item64_mesh128_light,I4I,2,512,128,1,true,true,157500,642000,458752
fork-1,draw_item64_mesh128_light,ARRAY_FIXED,2,512,128,1,true,true,111700,1130600,840704
fork-1,draw_item64_mesh128_light,I2I_CACHED,2,512,128,1,true,true,113800,1367300,1226752
fork-1,draw_item64_mesh128_light,CONSTANT_FIXED,2,512,128,1,true,true,99600,898800,459776
fork-1,draw_item64_mesh128_light,I4I,3,512,128,1,true,true,126100,611900,458752
fork-1,draw_item64_mesh128_light,I2I_CACHED,3,512,128,1,true,true,114200,596100,458752
fork-1,draw_item64_mesh128_light,IPOINTER_BIND_RESTORE,3,512,128,1,true,true,188600,1216900,993280
fork-1,draw_item64_mesh128_light,IPOINTER_CACHED,3,512,128,1,true,true,127000,768100,461824
fork-1,draw_item64_mesh128_light,IPOINTER_EVERY,3,512,128,1,true,true,138100,620600,458752
fork-1,draw_item64_mesh128_light,I2I,3,512,128,1,true,true,135000,717200,458752
fork-1,draw_item64_mesh128_light,ARRAY_FIXED,3,512,128,1,true,true,116100,1440200,824320
fork-1,draw_item64_mesh128_light,CONSTANT_FIXED,3,512,128,1,true,true,91000,572900,458752
fork-1,draw_item64_mesh128_light,I2I_CACHED,4,512,128,1,true,true,123300,605300,457728
fork-1,draw_item64_mesh128_light,IPOINTER_EVERY,4,512,128,1,true,true,101200,583400,459776
fork-1,draw_item64_mesh128_light,CONSTANT_FIXED,4,512,128,1,true,true,99200,583800,459776
fork-1,draw_item64_mesh128_light,IPOINTER_BIND_RESTORE,4,512,128,1,true,true,135300,642200,459776
fork-1,draw_item64_mesh128_light,IPOINTER_CACHED,4,512,128,1,true,true,110200,595500,458752
fork-1,draw_item64_mesh128_light,I4I,4,512,128,1,true,true,132100,615100,458752
fork-1,draw_item64_mesh128_light,ARRAY_FIXED,4,512,128,1,true,true,107500,590700,458752
fork-1,draw_item64_mesh128_light,I2I,4,512,128,1,true,true,134100,919400,458752
fork-1,draw_item64_mesh128_light,ARRAY_FIXED,5,512,128,1,true,true,89000,1089900,975872
fork-1,draw_item64_mesh128_light,I2I,5,512,128,1,true,true,119700,603100,458752
fork-1,draw_item64_mesh128_light,I2I_CACHED,5,512,128,1,true,true,116800,599400,458752
fork-1,draw_item64_mesh128_light,IPOINTER_EVERY,5,512,128,1,true,true,101600,583900,458752
fork-1,draw_item64_mesh128_light,IPOINTER_CACHED,5,512,128,1,true,true,99900,582400,459776
fork-1,draw_item64_mesh128_light,CONSTANT_FIXED,5,512,128,1,true,true,95600,587200,459776
fork-1,draw_item64_mesh128_light,IPOINTER_BIND_RESTORE,5,512,128,1,true,true,127100,610700,459776
fork-1,draw_item64_mesh128_light,I4I,5,512,128,1,true,true,121300,602900,458752
fork-1,draw_item64_mesh128_light,IPOINTER_BIND_RESTORE,6,512,128,1,true,true,135900,618700,458752
fork-1,draw_item64_mesh128_light,I2I,6,512,128,1,true,true,123600,604700,458752
fork-1,draw_item64_mesh128_light,I4I,6,512,128,1,true,true,117500,599900,458752
fork-1,draw_item64_mesh128_light,CONSTANT_FIXED,6,512,128,1,true,true,88200,572800,458752
fork-1,draw_item64_mesh128_light,IPOINTER_CACHED,6,512,128,1,true,true,144100,999000,459776
fork-1,draw_item64_mesh128_light,IPOINTER_EVERY,6,512,128,1,true,true,118100,1045300,459776
fork-1,draw_item64_mesh128_light,I2I_CACHED,6,512,128,1,true,true,202800,686100,458752
fork-1,draw_item64_mesh128_light,ARRAY_FIXED,6,512,128,1,true,true,104000,585100,459776
fork-1,draw_item64_mesh128_light,IPOINTER_CACHED,7,512,128,1,true,true,120400,603300,458752
fork-1,draw_item64_mesh128_light,IPOINTER_BIND_RESTORE,7,512,128,1,true,true,126200,803200,458752
fork-1,draw_item64_mesh128_light,CONSTANT_FIXED,7,512,128,1,true,true,92100,575800,459776
fork-1,draw_item64_mesh128_light,I4I,7,512,128,1,true,true,112700,593900,457728
fork-1,draw_item64_mesh128_light,I2I_CACHED,7,512,128,1,true,true,107900,588100,458752
fork-1,draw_item64_mesh128_light,I2I,7,512,128,1,true,true,119000,599200,458752
fork-1,draw_item64_mesh128_light,ARRAY_FIXED,7,512,128,1,true,true,87500,569500,458752
fork-1,draw_item64_mesh128_light,IPOINTER_EVERY,7,512,128,1,true,true,211300,1108400,856064
fork-1,draw_item64_mesh128_light,I2I,8,512,128,1,true,true,137800,626800,458752
fork-1,draw_item64_mesh128_light,I2I_CACHED,8,512,128,1,true,true,129700,611200,458752
fork-1,draw_item64_mesh128_light,CONSTANT_FIXED,8,512,128,1,true,true,106500,589400,459776
fork-1,draw_item64_mesh128_light,IPOINTER_EVERY,8,512,128,1,true,true,114500,597900,458752
fork-1,draw_item64_mesh128_light,ARRAY_FIXED,8,512,128,1,true,true,165300,659500,458752
fork-1,draw_item64_mesh128_light,I4I,8,512,128,1,true,true,115000,596900,458752
fork-1,draw_item64_mesh128_light,IPOINTER_BIND_RESTORE,8,512,128,1,true,true,125700,609800,459776
fork-1,draw_item64_mesh128_light,IPOINTER_CACHED,8,512,128,1,true,true,122400,615000,458752
fork-1,draw_item64_mesh128_light,IPOINTER_BIND_RESTORE,9,512,128,1,true,true,126100,614000,459776
fork-1,draw_item64_mesh128_light,CONSTANT_FIXED,9,512,128,1,true,true,108500,1486400,890880
fork-1,draw_item64_mesh128_light,ARRAY_FIXED,9,512,128,1,true,true,89000,1099600,790528
fork-1,draw_item64_mesh128_light,IPOINTER_EVERY,9,512,128,1,true,true,110500,837200,459776
fork-1,draw_item64_mesh128_light,IPOINTER_CACHED,9,512,128,1,true,true,100800,584000,458752
fork-1,draw_item64_mesh128_light,I2I,9,512,128,1,true,true,253400,750000,458752
fork-1,draw_item64_mesh128_light,I2I_CACHED,9,512,128,1,true,true,112600,847100,458752
fork-1,draw_item64_mesh128_light,I4I,9,512,128,1,true,true,119800,602100,458752
fork-1,draw_item64_mesh128_light,I2I_CACHED,10,512,128,1,true,true,109300,590500,458752
fork-1,draw_item64_mesh128_light,IPOINTER_BIND_RESTORE,10,512,128,1,true,true,153100,639500,458752
fork-1,draw_item64_mesh128_light,IPOINTER_CACHED,10,512,128,1,true,true,99900,584000,458752
fork-1,draw_item64_mesh128_light,I2I,10,512,128,1,true,true,130400,980300,458752
fork-1,draw_item64_mesh128_light,ARRAY_FIXED,10,512,128,1,true,true,105200,588600,459776
fork-1,draw_item64_mesh128_light,I4I,10,512,128,1,true,true,146800,628700,458752
fork-1,draw_item64_mesh128_light,IPOINTER_EVERY,10,512,128,1,true,true,114900,597600,459776
fork-1,draw_item64_mesh128_light,CONSTANT_FIXED,10,512,128,1,true,true,105200,586000,458752
fork-1,draw_item64_mesh128_light,IPOINTER_BIND_RESTORE,11,512,128,1,true,true,252700,744000,459776
fork-1,draw_item64_mesh128_light,CONSTANT_FIXED,11,512,128,1,true,true,88500,570000,458752
fork-1,draw_item64_mesh128_light,I2I_CACHED,11,512,128,1,true,true,115800,597100,457728
fork-1,draw_item64_mesh128_light,IPOINTER_EVERY,11,512,128,1,true,true,104300,586000,458752
fork-1,draw_item64_mesh128_light,I2I,11,512,128,1,true,true,117300,598700,458752
fork-1,draw_item64_mesh128_light,ARRAY_FIXED,11,512,128,1,true,true,87200,881600,458752
fork-1,draw_item64_mesh128_light,IPOINTER_CACHED,11,512,128,1,true,true,163300,653300,459776
fork-1,draw_item64_mesh128_light,I4I,11,512,128,1,true,true,122100,604600,458752
fork-1,draw_item64_mesh128_light,I2I_CACHED,12,512,128,1,true,true,116600,598800,458752
fork-1,draw_item64_mesh128_light,IPOINTER_EVERY,12,512,128,1,true,true,102700,586300,460800
fork-1,draw_item64_mesh128_light,IPOINTER_CACHED,12,512,128,1,true,true,100800,583200,459776
fork-1,draw_item64_mesh128_light,I2I,12,512,128,1,true,true,123200,606700,459776
fork-1,draw_item64_mesh128_light,ARRAY_FIXED,12,512,128,1,true,true,109400,608100,459776
fork-1,draw_item64_mesh128_light,IPOINTER_BIND_RESTORE,12,512,128,1,true,true,140200,624500,460800
fork-1,draw_item64_mesh128_light,CONSTANT_FIXED,12,512,128,1,true,true,106600,587800,458752
fork-1,draw_item64_mesh128_light,I4I,12,512,128,1,true,true,146600,628200,457728
fork-1,draw_item64_mesh128_light,IPOINTER_BIND_RESTORE,13,512,128,1,true,true,139800,623500,458752
fork-1,draw_item64_mesh128_light,CONSTANT_FIXED,13,512,128,1,true,true,98900,580200,458752
fork-1,draw_item64_mesh128_light,I2I_CACHED,13,512,128,1,true,true,228100,1046900,789504
fork-1,draw_item64_mesh128_light,IPOINTER_EVERY,13,512,128,1,true,true,192700,998600,460800
fork-1,draw_item64_mesh128_light,I2I,13,512,128,1,true,true,128800,1657500,904192
fork-1,draw_item64_mesh128_light,ARRAY_FIXED,13,512,128,1,true,true,101500,911200,782336
fork-1,draw_item64_mesh128_light,IPOINTER_CACHED,13,512,128,1,true,true,119200,1475300,778240
fork-1,draw_item64_mesh128_light,I4I,13,512,128,1,true,true,120200,927600,458752
fork-1,draw_item64_mesh128_light,I4I,14,512,128,1,true,true,227300,720900,459776
fork-1,draw_item64_mesh128_light,I2I_CACHED,14,512,128,1,true,true,187000,1040000,822272
fork-1,draw_item64_mesh128_light,I2I,14,512,128,1,true,true,139200,621700,458752
fork-1,draw_item64_mesh128_light,ARRAY_FIXED,14,512,128,1,true,true,94400,576300,458752
fork-1,draw_item64_mesh128_light,CONSTANT_FIXED,14,512,128,1,true,true,86200,568800,458752
fork-1,draw_item64_mesh128_light,IPOINTER_EVERY,14,512,128,1,true,true,108900,1086400,952320
fork-1,draw_item64_mesh128_light,IPOINTER_BIND_RESTORE,14,512,128,1,true,true,145200,630600,458752
fork-1,draw_item64_mesh128_light,IPOINTER_CACHED,14,512,128,1,true,true,121900,603100,458752
fork-1,draw_item64_mesh128_light,CONSTANT_FIXED,15,512,128,1,true,true,117100,602700,459776
fork-1,draw_item64_mesh128_light,I2I,15,512,128,1,true,true,131400,612800,458752
fork-1,draw_item64_mesh128_light,IPOINTER_BIND_RESTORE,15,512,128,1,true,true,138700,621100,458752
fork-1,draw_item64_mesh128_light,IPOINTER_CACHED,15,512,128,1,true,true,104500,588000,459776
fork-1,draw_item64_mesh128_light,IPOINTER_EVERY,15,512,128,1,true,true,103400,584900,458752
fork-1,draw_item64_mesh128_light,I2I_CACHED,15,512,128,1,true,true,115100,596700,458752
fork-1,draw_item64_mesh128_light,ARRAY_FIXED,15,512,128,1,true,true,89700,572700,460800
fork-1,draw_item64_mesh128_light,I4I,15,512,128,1,true,true,115600,596900,458752
fork-1,draw_item64_mesh128_light,I2I_CACHED,16,512,128,1,true,true,122300,605000,458752
fork-1,draw_item64_mesh128_light,IPOINTER_CACHED,16,512,128,1,true,true,116800,887600,459776
fork-1,draw_item64_mesh128_light,IPOINTER_BIND_RESTORE,16,512,128,1,true,true,147100,633000,459776
fork-1,draw_item64_mesh128_light,IPOINTER_EVERY,16,512,128,1,true,true,99800,581600,458752
fork-1,draw_item64_mesh128_light,ARRAY_FIXED,16,512,128,1,true,true,84400,567100,459776
fork-1,draw_item64_mesh128_light,I2I,16,512,128,1,true,true,122700,604700,458752
fork-1,draw_item64_mesh128_light,CONSTANT_FIXED,16,512,128,1,true,true,92000,579500,458752
fork-1,draw_item64_mesh128_light,I4I,16,512,128,1,true,true,150000,635000,458752
fork-1,draw_item64_mesh128_light,IPOINTER_EVERY,17,512,128,1,true,true,135000,620800,458752
fork-1,draw_item64_mesh128_light,ARRAY_FIXED,17,512,128,1,true,true,105100,612900,458752
fork-1,draw_item64_mesh128_light,CONSTANT_FIXED,17,512,128,1,true,true,96600,579900,458752
fork-1,draw_item64_mesh128_light,I2I,17,512,128,1,true,true,127600,609900,458752
fork-1,draw_item64_mesh128_light,I4I,17,512,128,1,true,true,116600,1104900,964608
fork-1,draw_item64_mesh128_light,I2I_CACHED,17,512,128,1,true,true,112600,595100,458752
fork-1,draw_item64_mesh128_light,IPOINTER_BIND_RESTORE,17,512,128,1,true,true,137100,618500,458752
fork-1,draw_item64_mesh128_light,IPOINTER_CACHED,17,512,128,1,true,true,103000,584600,458752
fork-1,draw_item64_mesh128_light,I4I,18,512,128,1,true,true,116100,597700,458752
fork-1,draw_item64_mesh128_light,ARRAY_FIXED,18,512,128,1,true,true,103200,584900,458752
fork-1,draw_item64_mesh128_light,IPOINTER_EVERY,18,512,128,1,true,true,129300,634400,459776
fork-1,draw_item64_mesh128_light,IPOINTER_CACHED,18,512,128,1,true,true,120800,1267800,855040
fork-1,draw_item64_mesh128_light,I2I,18,512,128,1,true,true,124200,608100,459776
fork-1,draw_item64_mesh128_light,IPOINTER_BIND_RESTORE,18,512,128,1,true,true,125800,608700,459776
fork-1,draw_item64_mesh128_light,I2I_CACHED,18,512,128,1,true,true,114100,595900,458752
fork-1,draw_item64_mesh128_light,CONSTANT_FIXED,18,512,128,1,true,true,84900,567100,459776
fork-1,draw_item64_mesh128_light,IPOINTER_CACHED,19,512,128,1,true,true,110400,592500,458752
fork-1,draw_item64_mesh128_light,IPOINTER_EVERY,19,512,128,1,true,true,100700,583300,459776
fork-1,draw_item64_mesh128_light,CONSTANT_FIXED,19,512,128,1,true,true,94000,576700,459776
fork-1,draw_item64_mesh128_light,I4I,19,512,128,1,true,true,120200,601900,458752
fork-1,draw_item64_mesh128_light,ARRAY_FIXED,19,512,128,1,true,true,89400,582300,466944
fork-1,draw_item64_mesh128_light,IPOINTER_BIND_RESTORE,19,512,128,1,true,true,246900,747500,459776
fork-1,draw_item64_mesh128_light,I2I,19,512,128,1,true,true,156100,1017100,834560
fork-1,draw_item64_mesh128_light,I2I_CACHED,19,512,128,1,true,true,166500,657100,458752
fork-1,draw_item64_mesh128_light,IPOINTER_BIND_RESTORE,20,512,128,1,true,true,122100,604200,460800
fork-1,draw_item64_mesh128_light,ARRAY_FIXED,20,512,128,1,true,true,83100,563800,458752
fork-1,draw_item64_mesh128_light,I2I,20,512,128,1,true,true,129500,612500,458752
fork-1,draw_item64_mesh128_light,CONSTANT_FIXED,20,512,128,1,true,true,111200,1176000,787456
fork-1,draw_item64_mesh128_light,IPOINTER_CACHED,20,512,128,1,true,true,103300,587500,459776
fork-1,draw_item64_mesh128_light,I2I_CACHED,20,512,128,1,true,true,112000,896200,458752
fork-1,draw_item64_mesh128_light,IPOINTER_EVERY,20,512,128,1,true,true,102600,587100,459776
fork-1,draw_item64_mesh128_light,I4I,20,512,128,1,true,true,115500,602700,458752
fork-1,draw_item64_mesh128_light,I4I,21,512,128,1,true,true,127400,609800,458752
fork-1,draw_item64_mesh128_light,CONSTANT_FIXED,21,512,128,1,true,true,98000,581400,458752
fork-1,draw_item64_mesh128_light,IPOINTER_BIND_RESTORE,21,512,128,1,true,true,139000,620600,458752
fork-1,draw_item64_mesh128_light,I2I_CACHED,21,512,128,1,true,true,152900,637000,459776
fork-1,draw_item64_mesh128_light,ARRAY_FIXED,21,512,128,1,true,true,106100,640700,459776
fork-1,draw_item64_mesh128_light,IPOINTER_CACHED,21,512,128,1,true,true,148100,644400,458752
fork-1,draw_item64_mesh128_light,I2I,21,512,128,1,true,true,120100,602000,458752
fork-1,draw_item64_mesh128_light,IPOINTER_EVERY,21,512,128,1,true,true,103800,585900,458752
fork-1,draw_item64_mesh128_light,IPOINTER_EVERY,22,512,128,1,true,true,116700,597900,454656
fork-1,draw_item64_mesh128_light,IPOINTER_BIND_RESTORE,22,512,128,1,true,true,124100,605900,459776
fork-1,draw_item64_mesh128_light,CONSTANT_FIXED,22,512,128,1,true,true,89300,571600,459776
fork-1,draw_item64_mesh128_light,IPOINTER_CACHED,22,512,128,1,true,true,117400,601800,458752
fork-1,draw_item64_mesh128_light,I2I,22,512,128,1,true,true,134200,616700,457728
fork-1,draw_item64_mesh128_light,I2I_CACHED,22,512,128,1,true,true,134300,615600,458752
fork-1,draw_item64_mesh128_light,ARRAY_FIXED,22,512,128,1,true,true,103700,585100,458752
fork-1,draw_item64_mesh128_light,I4I,22,512,128,1,true,true,130700,983100,459776
fork-1,draw_item64_mesh128_light,CONSTANT_FIXED,23,512,128,1,true,true,88800,578300,459776
fork-1,draw_item64_mesh128_light,I4I,23,512,128,1,true,true,138300,622600,458752
fork-1,draw_item64_mesh128_light,IPOINTER_EVERY,23,512,128,1,true,true,117100,930200,452608
fork-1,draw_item64_mesh128_light,ARRAY_FIXED,23,512,128,1,true,true,107600,589600,456704
fork-1,draw_item64_mesh128_light,IPOINTER_BIND_RESTORE,23,512,128,1,true,true,165900,646900,457728
fork-1,draw_item64_mesh128_light,I2I_CACHED,23,512,128,1,true,true,134700,616700,459776
fork-1,draw_item64_mesh128_light,I2I,23,512,128,1,true,true,217400,2167900,1916928
fork-1,draw_item64_mesh128_light,IPOINTER_CACHED,23,512,128,1,true,true,125900,892000,460800
fork-1,draw_item64_mesh128_light,IPOINTER_BIND_RESTORE,24,512,128,1,true,true,164300,466300,241664
fork-1,draw_item64_mesh128_light,CONSTANT_FIXED,24,512,128,1,true,true,117600,378700,239616
fork-1,draw_item64_mesh128_light,IPOINTER_EVERY,24,512,128,1,true,true,102700,453400,241664
fork-1,draw_item64_mesh128_light,IPOINTER_CACHED,24,512,128,1,true,true,101000,358800,240640
fork-1,draw_item64_mesh128_light,I4I,24,512,128,1,true,true,113900,372200,240640
fork-1,draw_item64_mesh128_light,I2I,24,512,128,1,true,true,146700,806200,241664
fork-1,draw_item64_mesh128_light,I2I_CACHED,24,512,128,1,true,true,116900,376200,240640
fork-1,draw_item64_mesh128_light,ARRAY_FIXED,24,512,128,1,true,true,84800,342200,240640
fork-1,draw_item64_mesh128_light,IPOINTER_EVERY,25,512,128,1,true,true,105900,363300,237568
fork-1,draw_item64_mesh128_light,ARRAY_FIXED,25,512,128,1,true,true,87500,597300,240640
fork-1,draw_item64_mesh128_light,IPOINTER_BIND_RESTORE,25,512,128,1,true,true,133400,395000,242688
fork-1,draw_item64_mesh128_light,I2I,25,512,128,1,true,true,127500,392000,240640
fork-1,draw_item64_mesh128_light,I4I,25,512,128,1,true,true,114300,371800,240640
fork-1,draw_item64_mesh128_light,CONSTANT_FIXED,25,512,128,1,true,true,91400,348700,239616
fork-1,draw_item64_mesh128_light,IPOINTER_CACHED,25,512,128,1,true,true,109100,368200,241664
fork-1,draw_item64_mesh128_light,I2I_CACHED,25,512,128,1,true,true,117200,377200,241664
fork-1,draw_item64_mesh128_light,CONSTANT_FIXED,26,512,128,1,true,true,86000,343600,240640
fork-1,draw_item64_mesh128_light,I2I,26,512,128,1,true,true,120800,387400,240640
fork-1,draw_item64_mesh128_light,IPOINTER_CACHED,26,512,128,1,true,true,110400,371100,240640
fork-1,draw_item64_mesh128_light,ARRAY_FIXED,26,512,128,1,true,true,89400,347500,240640
fork-1,draw_item64_mesh128_light,IPOINTER_BIND_RESTORE,26,512,128,1,true,true,127800,385700,240640
fork-1,draw_item64_mesh128_light,I4I,26,512,128,1,true,true,122500,380900,236544
fork-1,draw_item64_mesh128_light,I2I_CACHED,26,512,128,1,true,true,115700,373700,239616
fork-1,draw_item64_mesh128_light,IPOINTER_EVERY,26,512,128,1,true,true,104200,362500,240640
fork-1,draw_item64_mesh128_light,IPOINTER_BIND_RESTORE,27,512,128,1,true,true,133500,393800,241664
fork-1,draw_item64_mesh128_light,IPOINTER_CACHED,27,512,128,1,true,true,101100,358900,240640
fork-1,draw_item64_mesh128_light,IPOINTER_EVERY,27,512,128,1,true,true,102300,360700,240640
fork-1,draw_item64_mesh128_light,CONSTANT_FIXED,27,512,128,1,true,true,86600,518900,240640
fork-1,draw_item64_mesh128_light,I2I,27,512,128,1,true,true,164700,577600,241664
fork-1,draw_item64_mesh128_light,I2I_CACHED,27,512,128,1,true,true,112600,371600,239616
fork-1,draw_item64_mesh128_light,ARRAY_FIXED,27,512,128,1,true,true,98800,355700,239616
fork-1,draw_item64_mesh128_light,I4I,27,512,128,1,true,true,113300,371700,240640
fork-1,draw_item64_mesh128_light,I2I,28,512,128,1,true,true,118500,375800,240640
fork-1,draw_item64_mesh128_light,IPOINTER_CACHED,28,512,128,1,true,true,125900,385500,241664
fork-1,draw_item64_mesh128_light,I4I,28,512,128,1,true,true,120000,377900,240640
fork-1,draw_item64_mesh128_light,CONSTANT_FIXED,28,512,128,1,true,true,88800,349100,240640
fork-1,draw_item64_mesh128_light,IPOINTER_BIND_RESTORE,28,512,128,1,true,true,136400,395100,240640
fork-1,draw_item64_mesh128_light,ARRAY_FIXED,28,512,128,1,true,true,95800,356700,240640
fork-1,draw_item64_mesh128_light,I2I_CACHED,28,512,128,1,true,true,117200,375800,240640
fork-1,draw_item64_mesh128_light,IPOINTER_EVERY,28,512,128,1,true,true,103900,361600,240640
fork-1,draw_item64_mesh128_light,IPOINTER_BIND_RESTORE,29,512,128,1,true,true,131100,390000,240640
fork-1,draw_item64_mesh128_light,I2I,29,512,128,1,true,true,122500,382700,240640
fork-1,draw_item64_mesh128_light,IPOINTER_CACHED,29,512,128,1,true,true,108300,365700,239616
fork-1,draw_item64_mesh128_light,I4I,29,512,128,1,true,true,115700,373800,240640
fork-1,draw_item64_mesh128_light,I2I_CACHED,29,512,128,1,true,true,118400,379200,242688
fork-1,draw_item64_mesh128_light,CONSTANT_FIXED,29,512,128,1,true,true,92100,550800,240640
fork-1,draw_item64_mesh128_light,IPOINTER_EVERY,29,512,128,1,true,true,108800,371700,241664
fork-1,draw_item64_mesh128_light,ARRAY_FIXED,29,512,128,1,true,true,93500,352400,240640
fork-1,draw_item64_mesh128_light,IPOINTER_CACHED,30,512,128,1,true,true,106600,365300,241664
fork-1,draw_item64_mesh128_light,CONSTANT_FIXED,30,512,128,1,true,true,89500,348100,240640
fork-1,draw_item64_mesh128_light,I2I_CACHED,30,512,128,1,true,true,118700,376900,239616
fork-1,draw_item64_mesh128_light,I4I,30,512,128,1,true,true,117100,376200,241664
fork-1,draw_item64_mesh128_light,IPOINTER_EVERY,30,512,128,1,true,true,111500,369800,240640
fork-1,draw_item64_mesh128_light,IPOINTER_BIND_RESTORE,30,512,128,1,true,true,127000,385000,240640
fork-1,draw_item64_mesh128_light,I2I,30,512,128,1,true,true,149800,409700,240640
fork-1,draw_item64_mesh128_light,ARRAY_FIXED,30,512,128,1,true,true,97700,356500,240640
fork-2,state_only_light,ARRAY_FIXED,0,100000,1,1,false,false,231600,231900,0
fork-2,state_only_light,IPOINTER_CACHED,0,100000,1,1,false,false,2784700,2786500,0
fork-2,state_only_light,IPOINTER_BIND_RESTORE,0,100000,1,1,false,false,7079200,7080700,0
fork-2,state_only_light,I2I_CACHED,0,100000,1,1,false,false,6303500,6361800,0
fork-2,state_only_light,I2I,0,100000,1,1,false,false,6058300,6114700,0
fork-2,state_only_light,IPOINTER_EVERY,0,100000,1,1,false,false,2642500,2644400,0
fork-2,state_only_light,I4I,0,100000,1,1,false,false,5919300,5976700,0
fork-2,state_only_light,CONSTANT_FIXED,0,100000,1,1,false,false,231900,232200,0
fork-2,state_only_light,CONSTANT_FIXED,1,100000,1,1,false,false,231600,231900,0
fork-2,state_only_light,I4I,1,100000,1,1,false,false,5910400,5967600,0
fork-2,state_only_light,IPOINTER_CACHED,1,100000,1,1,false,false,2589500,2590000,0
fork-2,state_only_light,IPOINTER_BIND_RESTORE,1,100000,1,1,false,false,6815200,6817800,0
fork-2,state_only_light,ARRAY_FIXED,1,100000,1,1,false,false,265000,267700,0
fork-2,state_only_light,IPOINTER_EVERY,1,100000,1,1,false,false,2568300,2569800,0
fork-2,state_only_light,I2I,1,100000,1,1,false,false,5820100,6242300,0
fork-2,state_only_light,I2I_CACHED,1,100000,1,1,false,false,5866600,5922400,0
fork-2,state_only_light,I4I,2,100000,1,1,false,false,5777500,5846000,0
fork-2,state_only_light,CONSTANT_FIXED,2,100000,1,1,false,false,257900,260200,0
fork-2,state_only_light,IPOINTER_EVERY,2,100000,1,1,false,false,2673700,2674900,0
fork-2,state_only_light,I2I_CACHED,2,100000,1,1,false,false,5643200,5714400,0
fork-2,state_only_light,I2I,2,100000,1,1,false,false,5794000,6000400,0
fork-2,state_only_light,IPOINTER_CACHED,2,100000,1,1,false,false,2640100,2642000,0
fork-2,state_only_light,ARRAY_FIXED,2,100000,1,1,false,false,241300,243900,0
fork-2,state_only_light,IPOINTER_BIND_RESTORE,2,100000,1,1,false,false,7085100,7087000,0
fork-2,state_only_light,ARRAY_FIXED,3,100000,1,1,false,false,231900,232500,0
fork-2,state_only_light,IPOINTER_EVERY,3,100000,1,1,false,false,2484500,2485100,0
fork-2,state_only_light,I4I,3,100000,1,1,false,false,5746700,5827100,0
fork-2,state_only_light,I2I,3,100000,1,1,false,false,5562300,5762300,0
fork-2,state_only_light,IPOINTER_BIND_RESTORE,3,100000,1,1,false,false,6922100,6924800,0
fork-2,state_only_light,IPOINTER_CACHED,3,100000,1,1,false,false,2956600,2958800,0
fork-2,state_only_light,CONSTANT_FIXED,3,100000,1,1,false,false,231800,232500,0
fork-2,state_only_light,I2I_CACHED,3,100000,1,1,false,false,5682100,5754000,0
fork-2,state_only_light,I4I,4,100000,1,1,false,false,6068300,6136800,0
fork-2,state_only_light,IPOINTER_EVERY,4,100000,1,1,false,false,2556600,2557600,0
fork-2,state_only_light,I2I,4,100000,1,1,false,false,5928000,6566900,0
fork-2,state_only_light,ARRAY_FIXED,4,100000,1,1,false,false,244500,244800,0
fork-2,state_only_light,IPOINTER_BIND_RESTORE,4,100000,1,1,false,false,7117900,7120500,0
fork-2,state_only_light,I2I_CACHED,4,100000,1,1,false,false,6253700,6324100,0
fork-2,state_only_light,IPOINTER_CACHED,4,100000,1,1,false,false,2625700,2627700,0
fork-2,state_only_light,CONSTANT_FIXED,4,100000,1,1,false,false,232200,232500,0
fork-2,state_only_light,I2I,5,100000,1,1,false,false,5872700,5947100,0
fork-2,state_only_light,ARRAY_FIXED,5,100000,1,1,false,false,231900,232300,0
fork-2,state_only_light,I2I_CACHED,5,100000,1,1,false,false,5656400,5729200,0
fork-2,state_only_light,I4I,5,100000,1,1,false,false,5774000,6355500,0
fork-2,state_only_light,IPOINTER_CACHED,5,100000,1,1,false,false,2596700,2597300,0
fork-2,state_only_light,CONSTANT_FIXED,5,100000,1,1,false,false,236300,236700,0
fork-2,state_only_light,IPOINTER_BIND_RESTORE,5,100000,1,1,false,false,7134600,7137700,0
fork-2,state_only_light,IPOINTER_EVERY,5,100000,1,1,false,false,2571000,2573200,0
fork-2,state_only_light,IPOINTER_CACHED,6,100000,1,1,false,false,2617400,2618700,0
fork-2,state_only_light,I4I,6,100000,1,1,false,false,5661800,5736800,0
fork-2,state_only_light,I2I,6,100000,1,1,false,false,5647500,5719300,0
fork-2,state_only_light,IPOINTER_BIND_RESTORE,6,100000,1,1,false,false,7074500,7076400,0
fork-2,state_only_light,I2I_CACHED,6,100000,1,1,false,false,6968400,7043300,0
fork-2,state_only_light,IPOINTER_EVERY,6,100000,1,1,false,false,2611800,2628100,0
fork-2,state_only_light,CONSTANT_FIXED,6,100000,1,1,false,false,257400,257900,0
fork-2,state_only_light,ARRAY_FIXED,6,100000,1,1,false,false,249500,250000,0
fork-2,state_only_light,I2I,7,100000,1,1,false,false,5833600,5906100,0
fork-2,state_only_light,IPOINTER_EVERY,7,100000,1,1,false,false,2663000,2664800,0
fork-2,state_only_light,I4I,7,100000,1,1,false,false,5704000,5776100,0
fork-2,state_only_light,IPOINTER_BIND_RESTORE,7,100000,1,1,false,false,7261000,7263300,0
fork-2,state_only_light,ARRAY_FIXED,7,100000,1,1,false,false,240000,240400,0
fork-2,state_only_light,IPOINTER_CACHED,7,100000,1,1,false,false,2564800,2566300,0
fork-2,state_only_light,I2I_CACHED,7,100000,1,1,false,false,6267500,6341800,0
fork-2,state_only_light,CONSTANT_FIXED,7,100000,1,1,false,false,231800,232100,0
fork-2,state_only_light,I2I_CACHED,8,100000,1,1,false,false,6025200,6096000,0
fork-2,state_only_light,IPOINTER_EVERY,8,100000,1,1,false,false,2580300,2582400,0
fork-2,state_only_light,I2I,8,100000,1,1,false,false,6067600,6139600,0
fork-2,state_only_light,IPOINTER_CACHED,8,100000,1,1,false,false,2599700,2601800,0
fork-2,state_only_light,IPOINTER_BIND_RESTORE,8,100000,1,1,false,false,7646100,7647900,0
fork-2,state_only_light,I4I,8,100000,1,1,false,false,6023400,6096800,0
fork-2,state_only_light,CONSTANT_FIXED,8,100000,1,1,false,false,235100,235400,0
fork-2,state_only_light,ARRAY_FIXED,8,100000,1,1,false,false,231700,232000,0
fork-2,state_only_light,IPOINTER_EVERY,9,100000,1,1,false,false,2564600,2567400,0
fork-2,state_only_light,I2I_CACHED,9,100000,1,1,false,false,5837600,5910500,0
fork-2,state_only_light,IPOINTER_CACHED,9,100000,1,1,false,false,2863700,2865700,0
fork-2,state_only_light,I2I,9,100000,1,1,false,false,5810400,5891200,0
fork-2,state_only_light,I4I,9,100000,1,1,false,false,6066800,6137700,0
fork-2,state_only_light,ARRAY_FIXED,9,100000,1,1,false,false,239700,240200,0
fork-2,state_only_light,IPOINTER_BIND_RESTORE,9,100000,1,1,false,false,7563900,7567600,0
fork-2,state_only_light,CONSTANT_FIXED,9,100000,1,1,false,false,232200,232500,0
fork-2,state_only_light,I4I,10,100000,1,1,false,false,5957800,6031000,0
fork-2,state_only_light,I2I_CACHED,10,100000,1,1,false,false,6328100,6726200,0
fork-2,state_only_light,IPOINTER_EVERY,10,100000,1,1,false,false,2580400,2582300,0
fork-2,state_only_light,ARRAY_FIXED,10,100000,1,1,false,false,236300,236700,0
fork-2,state_only_light,IPOINTER_BIND_RESTORE,10,100000,1,1,false,false,6969200,6970600,0
fork-2,state_only_light,CONSTANT_FIXED,10,100000,1,1,false,false,252200,252800,0
fork-2,state_only_light,I2I,10,100000,1,1,false,false,5872400,5946500,0
fork-2,state_only_light,IPOINTER_CACHED,10,100000,1,1,false,false,2635000,2637100,0
fork-2,state_only_light,I4I,11,100000,1,1,false,false,7478600,7551600,0
fork-2,state_only_light,IPOINTER_CACHED,11,100000,1,1,false,false,2556400,2557100,0
fork-2,state_only_light,IPOINTER_EVERY,11,100000,1,1,false,false,2596700,2598200,0
fork-2,state_only_light,I2I,11,100000,1,1,false,false,5924400,6233500,0
fork-2,state_only_light,CONSTANT_FIXED,11,100000,1,1,false,false,232500,232900,0
fork-2,state_only_light,IPOINTER_BIND_RESTORE,11,100000,1,1,false,false,6992700,6996000,0
fork-2,state_only_light,I2I_CACHED,11,100000,1,1,false,false,7047500,7204700,0
fork-2,state_only_light,ARRAY_FIXED,11,100000,1,1,false,false,379500,383100,0
fork-2,state_only_light,I2I_CACHED,12,100000,1,1,false,false,6066700,6142300,0
fork-2,state_only_light,ARRAY_FIXED,12,100000,1,1,false,false,231800,232200,0
fork-2,state_only_light,I4I,12,100000,1,1,false,false,5766500,5849200,0
fork-2,state_only_light,IPOINTER_BIND_RESTORE,12,100000,1,1,false,false,6876800,6880100,0
fork-2,state_only_light,IPOINTER_CACHED,12,100000,1,1,false,false,2609500,2610900,0
fork-2,state_only_light,I2I,12,100000,1,1,false,false,5865500,5940600,0
fork-2,state_only_light,CONSTANT_FIXED,12,100000,1,1,false,false,230800,231300,0
fork-2,state_only_light,IPOINTER_EVERY,12,100000,1,1,false,false,2631100,2633200,0
fork-2,state_only_light,IPOINTER_EVERY,13,100000,1,1,false,false,2606800,2608900,0
fork-2,state_only_light,IPOINTER_CACHED,13,100000,1,1,false,false,2713100,2714400,0
fork-2,state_only_light,IPOINTER_BIND_RESTORE,13,100000,1,1,false,false,6849500,6850900,0
fork-2,state_only_light,I2I_CACHED,13,100000,1,1,false,false,6089300,6695600,0
fork-2,state_only_light,CONSTANT_FIXED,13,100000,1,1,false,false,232800,233200,0
fork-2,state_only_light,I2I,13,100000,1,1,false,false,5766600,6132400,0
fork-2,state_only_light,I4I,13,100000,1,1,false,false,6277900,6352100,0
fork-2,state_only_light,ARRAY_FIXED,13,100000,1,1,false,false,249400,249700,0
fork-2,state_only_light,IPOINTER_CACHED,14,100000,1,1,false,false,2640100,2642200,0
fork-2,state_only_light,CONSTANT_FIXED,14,100000,1,1,false,false,231900,232200,0
fork-2,state_only_light,IPOINTER_BIND_RESTORE,14,100000,1,1,false,false,6872900,6875400,0
fork-2,state_only_light,I4I,14,100000,1,1,false,false,5975800,6051600,0
fork-2,state_only_light,I2I,14,100000,1,1,false,false,5685700,5766300,0
fork-2,state_only_light,ARRAY_FIXED,14,100000,1,1,false,false,242900,245900,0
fork-2,state_only_light,I2I_CACHED,14,100000,1,1,false,false,6683600,6758000,0
fork-2,state_only_light,IPOINTER_EVERY,14,100000,1,1,false,false,2609100,2611700,0
fork-2,state_only_light,IPOINTER_BIND_RESTORE,15,100000,1,1,false,false,6838800,6840700,0
fork-2,state_only_light,IPOINTER_CACHED,15,100000,1,1,false,false,2523600,2525400,0
fork-2,state_only_light,I2I_CACHED,15,100000,1,1,false,false,5553500,5629700,0
fork-2,state_only_light,I4I,15,100000,1,1,false,false,5807400,6412600,0
fork-2,state_only_light,ARRAY_FIXED,15,100000,1,1,false,false,236300,237500,0
fork-2,state_only_light,I2I,15,100000,1,1,false,false,5877700,5959600,0
fork-2,state_only_light,IPOINTER_EVERY,15,100000,1,1,false,false,2579600,2581200,0
fork-2,state_only_light,CONSTANT_FIXED,15,100000,1,1,false,false,240900,242500,0
fork-2,state_only_light,I2I,16,100000,1,1,false,false,5909800,5987500,0
fork-2,state_only_light,I4I,16,100000,1,1,false,false,6053500,6335100,0
fork-2,state_only_light,ARRAY_FIXED,16,100000,1,1,false,false,237900,238300,0
fork-2,state_only_light,IPOINTER_CACHED,16,100000,1,1,false,false,2548100,2550400,0
fork-2,state_only_light,I2I_CACHED,16,100000,1,1,false,false,6098200,6175200,0
fork-2,state_only_light,CONSTANT_FIXED,16,100000,1,1,false,false,235000,235500,0
fork-2,state_only_light,IPOINTER_BIND_RESTORE,16,100000,1,1,false,false,6934800,6940200,0
fork-2,state_only_light,IPOINTER_EVERY,16,100000,1,1,false,false,2700800,2704200,0
fork-2,state_only_light,IPOINTER_EVERY,17,100000,1,1,false,false,2572600,2573800,0
fork-2,state_only_light,ARRAY_FIXED,17,100000,1,1,false,false,235000,235300,0
fork-2,state_only_light,IPOINTER_CACHED,17,100000,1,1,false,false,2570300,2570700,0
fork-2,state_only_light,I2I,17,100000,1,1,false,false,6119000,6201600,0
fork-2,state_only_light,I4I,17,100000,1,1,false,false,6373100,6452500,0
fork-2,state_only_light,I2I_CACHED,17,100000,1,1,false,false,6454000,6543600,0
fork-2,state_only_light,IPOINTER_BIND_RESTORE,17,100000,1,1,false,false,7536800,7543300,0
fork-2,state_only_light,CONSTANT_FIXED,17,100000,1,1,false,false,238500,239100,0
fork-2,state_only_light,I4I,18,100000,1,1,false,false,6107200,6248500,0
fork-2,state_only_light,I2I_CACHED,18,100000,1,1,false,false,6525700,6623300,0
fork-2,state_only_light,CONSTANT_FIXED,18,100000,1,1,false,false,281700,284000,0
fork-2,state_only_light,IPOINTER_BIND_RESTORE,18,100000,1,1,false,false,7181200,7188100,0
fork-2,state_only_light,ARRAY_FIXED,18,100000,1,1,false,false,246700,249100,0
fork-2,state_only_light,IPOINTER_EVERY,18,100000,1,1,false,false,2718700,2720800,0
fork-2,state_only_light,IPOINTER_CACHED,18,100000,1,1,false,false,2675800,2678600,0
fork-2,state_only_light,I2I,18,100000,1,1,false,false,6160500,6252500,0
fork-2,state_only_light,I2I_CACHED,19,100000,1,1,false,false,6147000,6224200,0
fork-2,state_only_light,IPOINTER_CACHED,19,100000,1,1,false,false,2632300,2632900,0
fork-2,state_only_light,IPOINTER_BIND_RESTORE,19,100000,1,1,false,false,7171600,7177500,0
fork-2,state_only_light,CONSTANT_FIXED,19,100000,1,1,false,false,238200,238600,0
fork-2,state_only_light,IPOINTER_EVERY,19,100000,1,1,false,false,2768600,2772900,0
fork-2,state_only_light,I2I,19,100000,1,1,false,false,6305200,6671600,0
fork-2,state_only_light,I4I,19,100000,1,1,false,false,6210700,6354500,0
fork-2,state_only_light,ARRAY_FIXED,19,100000,1,1,false,false,235400,235800,0
fork-2,state_only_light,IPOINTER_CACHED,20,100000,1,1,false,false,2623900,2626200,0
fork-2,state_only_light,CONSTANT_FIXED,20,100000,1,1,false,false,241100,241700,0
fork-2,state_only_light,IPOINTER_BIND_RESTORE,20,100000,1,1,false,false,7047600,7052000,0
fork-2,state_only_light,I2I_CACHED,20,100000,1,1,false,false,5841400,5924200,0
fork-2,state_only_light,ARRAY_FIXED,20,100000,1,1,false,false,232000,232300,0
fork-2,state_only_light,I2I,20,100000,1,1,false,false,5853700,5933900,0
fork-2,state_only_light,IPOINTER_EVERY,20,100000,1,1,false,false,2657800,2661100,0
fork-2,state_only_light,I4I,20,100000,1,1,false,false,6136900,6222400,0
fork-2,state_only_light,I2I_CACHED,21,100000,1,1,false,false,6076500,6430600,0
fork-2,state_only_light,IPOINTER_EVERY,21,100000,1,1,false,false,2559100,2562200,0
fork-2,state_only_light,I2I,21,100000,1,1,false,false,6026700,6106700,0
fork-2,state_only_light,I4I,21,100000,1,1,false,false,6137700,6245200,0
fork-2,state_only_light,IPOINTER_BIND_RESTORE,21,100000,1,1,false,false,7206000,7208300,0
fork-2,state_only_light,ARRAY_FIXED,21,100000,1,1,false,false,275700,276200,0
fork-2,state_only_light,CONSTANT_FIXED,21,100000,1,1,false,false,231800,232000,0
fork-2,state_only_light,IPOINTER_CACHED,21,100000,1,1,false,false,2832400,2835300,0
fork-2,state_only_light,I2I_CACHED,22,100000,1,1,false,false,6111900,6191500,0
fork-2,state_only_light,IPOINTER_BIND_RESTORE,22,100000,1,1,false,false,6958600,6961100,0
fork-2,state_only_light,IPOINTER_EVERY,22,100000,1,1,false,false,3058200,3060700,0
fork-2,state_only_light,I2I,22,100000,1,1,false,false,6099800,6431100,0
fork-2,state_only_light,CONSTANT_FIXED,22,100000,1,1,false,false,231800,232300,0
fork-2,state_only_light,I4I,22,100000,1,1,false,false,6155900,6232500,0
fork-2,state_only_light,IPOINTER_CACHED,22,100000,1,1,false,false,2759400,2761400,0
fork-2,state_only_light,ARRAY_FIXED,22,100000,1,1,false,false,229700,230100,0
fork-2,state_only_light,CONSTANT_FIXED,23,100000,1,1,false,false,228100,228300,0
fork-2,state_only_light,IPOINTER_EVERY,23,100000,1,1,false,false,2560800,2567800,0
fork-2,state_only_light,I2I,23,100000,1,1,false,false,5739700,5822200,0
fork-2,state_only_light,ARRAY_FIXED,23,100000,1,1,false,false,231700,232100,0
fork-2,state_only_light,IPOINTER_BIND_RESTORE,23,100000,1,1,false,false,6989400,6991400,0
fork-2,state_only_light,I4I,23,100000,1,1,false,false,6102200,6309700,0
fork-2,state_only_light,I2I_CACHED,23,100000,1,1,false,false,6312100,6390100,0
fork-2,state_only_light,IPOINTER_CACHED,23,100000,1,1,false,false,2751300,2753500,0
fork-2,state_only_light,IPOINTER_CACHED,24,100000,1,1,false,false,2671600,2674000,0
fork-2,state_only_light,I2I,24,100000,1,1,false,false,5617200,5696900,0
fork-2,state_only_light,I4I,24,100000,1,1,false,false,5695400,5773300,0
fork-2,state_only_light,IPOINTER_BIND_RESTORE,24,100000,1,1,false,false,7120900,7122800,0
fork-2,state_only_light,ARRAY_FIXED,24,100000,1,1,false,false,233300,233700,0
fork-2,state_only_light,IPOINTER_EVERY,24,100000,1,1,false,false,2643600,2645500,0
fork-2,state_only_light,I2I_CACHED,24,100000,1,1,false,false,7617900,7762300,0
fork-2,state_only_light,CONSTANT_FIXED,24,100000,1,1,false,false,259400,261300,0
fork-2,state_only_light,IPOINTER_CACHED,25,100000,1,1,false,false,2826700,2828000,0
fork-2,state_only_light,I2I_CACHED,25,100000,1,1,false,false,5935200,6014300,0
fork-2,state_only_light,I4I,25,100000,1,1,false,false,5940200,6296800,0
fork-2,state_only_light,I2I,25,100000,1,1,false,false,5888400,5966600,0
fork-2,state_only_light,ARRAY_FIXED,25,100000,1,1,false,false,231800,232200,0
fork-2,state_only_light,IPOINTER_BIND_RESTORE,25,100000,1,1,false,false,7079000,7082300,0
fork-2,state_only_light,CONSTANT_FIXED,25,100000,1,1,false,false,318700,319400,0
fork-2,state_only_light,IPOINTER_EVERY,25,100000,1,1,false,false,2941500,2945100,0
fork-2,state_only_light,IPOINTER_BIND_RESTORE,26,100000,1,1,false,false,7002200,7006000,0
fork-2,state_only_light,I4I,26,100000,1,1,false,false,5637200,5719200,0
fork-2,state_only_light,ARRAY_FIXED,26,100000,1,1,false,false,231800,232100,0
fork-2,state_only_light,CONSTANT_FIXED,26,100000,1,1,false,false,231600,231800,0
fork-2,state_only_light,I2I_CACHED,26,100000,1,1,false,false,5752400,5843300,0
fork-2,state_only_light,IPOINTER_EVERY,26,100000,1,1,false,false,2555300,2556300,0
fork-2,state_only_light,I2I,26,100000,1,1,false,false,5958400,6052700,0
fork-2,state_only_light,IPOINTER_CACHED,26,100000,1,1,false,false,2590300,2592100,0
fork-2,state_only_light,CONSTANT_FIXED,27,100000,1,1,false,false,338500,340700,0
fork-2,state_only_light,IPOINTER_CACHED,27,100000,1,1,false,false,2604900,2606900,0
fork-2,state_only_light,I2I_CACHED,27,100000,1,1,false,false,5866100,5947000,0
fork-2,state_only_light,I2I,27,100000,1,1,false,false,5818100,5896000,0
fork-2,state_only_light,IPOINTER_BIND_RESTORE,27,100000,1,1,false,false,7220700,7223200,0
fork-2,state_only_light,ARRAY_FIXED,27,100000,1,1,false,false,225900,226100,0
fork-2,state_only_light,IPOINTER_EVERY,27,100000,1,1,false,false,2668900,2671300,0
fork-2,state_only_light,I4I,27,100000,1,1,false,false,5708600,5788500,0
fork-2,state_only_light,I2I_CACHED,28,100000,1,1,false,false,5896600,6157800,0
fork-2,state_only_light,IPOINTER_BIND_RESTORE,28,100000,1,1,false,false,6852900,6854600,0
fork-2,state_only_light,I2I,28,100000,1,1,false,false,5644200,6268000,0
fork-2,state_only_light,IPOINTER_EVERY,28,100000,1,1,false,false,2838600,2841000,0
fork-2,state_only_light,I4I,28,100000,1,1,false,false,7714300,7944200,0
fork-2,state_only_light,IPOINTER_CACHED,28,100000,1,1,false,false,2571600,2572200,0
fork-2,state_only_light,CONSTANT_FIXED,28,100000,1,1,false,false,264900,267600,0
fork-2,state_only_light,ARRAY_FIXED,28,100000,1,1,false,false,257800,260500,0
fork-2,state_only_light,IPOINTER_BIND_RESTORE,29,100000,1,1,false,false,7107000,7109800,0
fork-2,state_only_light,IPOINTER_CACHED,29,100000,1,1,false,false,2660000,2660900,0
fork-2,state_only_light,I2I_CACHED,29,100000,1,1,false,false,5867900,5951400,0
fork-2,state_only_light,I4I,29,100000,1,1,false,false,6068000,6519500,0
fork-2,state_only_light,I2I,29,100000,1,1,false,false,5644200,5724600,0
fork-2,state_only_light,CONSTANT_FIXED,29,100000,1,1,false,false,239400,239800,0
fork-2,state_only_light,IPOINTER_EVERY,29,100000,1,1,false,false,2696700,2699300,0
fork-2,state_only_light,ARRAY_FIXED,29,100000,1,1,false,false,258700,259900,0
fork-2,state_only_light,I2I,30,100000,1,1,false,false,5823500,5903900,0
fork-2,state_only_light,IPOINTER_BIND_RESTORE,30,100000,1,1,false,false,6833800,6836300,0
fork-2,state_only_light,CONSTANT_FIXED,30,100000,1,1,false,false,230600,230900,0
fork-2,state_only_light,I2I_CACHED,30,100000,1,1,false,false,6036700,6116400,0
fork-2,state_only_light,IPOINTER_CACHED,30,100000,1,1,false,false,2566900,2569000,0
fork-2,state_only_light,I4I,30,100000,1,1,false,false,6053300,6139800,0
fork-2,state_only_light,ARRAY_FIXED,30,100000,1,1,false,false,236200,236600,0
fork-2,state_only_light,IPOINTER_EVERY,30,100000,1,1,false,false,2663900,2665800,0
fork-2,draw_shared_light,I2I_CACHED,0,2048,1,1,false,false,289100,326700,114688
fork-2,draw_shared_light,IPOINTER_CACHED,0,2048,1,1,false,false,250700,301600,223232
fork-2,draw_shared_light,I2I,0,2048,1,1,false,false,279000,316200,112640
fork-2,draw_shared_light,IPOINTER_EVERY,0,2048,1,1,false,false,305300,369500,80896
fork-2,draw_shared_light,I4I,0,2048,1,1,false,false,293600,338100,156672
fork-2,draw_shared_light,ARRAY_FIXED,0,2048,1,1,false,false,235000,291700,28672
fork-2,draw_shared_light,IPOINTER_BIND_RESTORE,0,2048,1,1,false,false,402700,684100,373760
fork-2,draw_shared_light,CONSTANT_FIXED,0,2048,1,1,false,false,201800,233400,80896
fork-2,draw_shared_light,IPOINTER_CACHED,1,2048,1,1,false,false,242800,287100,193536
fork-2,draw_shared_light,I4I,1,2048,1,1,false,false,273500,310600,108544
fork-2,draw_shared_light,ARRAY_FIXED,1,2048,1,1,false,false,175800,216200,29696
fork-2,draw_shared_light,IPOINTER_EVERY,1,2048,1,1,false,false,231900,271300,150528
fork-2,draw_shared_light,CONSTANT_FIXED,1,2048,1,1,false,false,168600,199400,62464
fork-2,draw_shared_light,I2I,1,2048,1,1,false,false,278600,509600,177152
fork-2,draw_shared_light,I2I_CACHED,1,2048,1,1,false,false,379000,420300,189440
fork-2,draw_shared_light,IPOINTER_BIND_RESTORE,1,2048,1,1,false,false,372800,438200,220160
fork-2,draw_shared_light,I4I,2,2048,1,1,false,false,330500,374500,177152
fork-2,draw_shared_light,CONSTANT_FIXED,2,2048,1,1,false,false,183300,235600,29696
fork-2,draw_shared_light,ARRAY_FIXED,2,2048,1,1,false,false,177800,658800,479232
fork-2,draw_shared_light,IPOINTER_CACHED,2,2048,1,1,false,false,246900,530100,162816
fork-2,draw_shared_light,IPOINTER_EVERY,2,2048,1,1,false,false,239400,282800,191488
fork-2,draw_shared_light,I2I_CACHED,2,2048,1,1,false,false,274600,312500,110592
fork-2,draw_shared_light,I2I,2,2048,1,1,false,false,272700,309800,107520
fork-2,draw_shared_light,IPOINTER_BIND_RESTORE,2,2048,1,1,false,false,320700,373700,282624
fork-2,draw_shared_light,ARRAY_FIXED,3,2048,1,1,false,false,178900,218300,29696
fork-2,draw_shared_light,I4I,3,2048,1,1,false,false,286600,326300,130048
fork-2,draw_shared_light,I2I,3,2048,1,1,false,false,272800,310600,110592
fork-2,draw_shared_light,IPOINTER_CACHED,3,2048,1,1,false,false,237900,448500,320512
fork-2,draw_shared_light,IPOINTER_BIND_RESTORE,3,2048,1,1,false,false,332700,512200,236544
fork-2,draw_shared_light,CONSTANT_FIXED,3,2048,1,1,false,false,208400,324400,112640
fork-2,draw_shared_light,I2I_CACHED,3,2048,1,1,false,false,319500,369800,231424
fork-2,draw_shared_light,IPOINTER_EVERY,3,2048,1,1,false,false,259700,321300,163840
fork-2,draw_shared_light,IPOINTER_CACHED,4,2048,1,1,false,false,264300,296700,182272
fork-2,draw_shared_light,IPOINTER_EVERY,4,2048,1,1,false,false,350300,400200,241664
fork-2,draw_shared_light,I4I,4,2048,1,1,false,false,453100,856500,45056
fork-2,draw_shared_light,IPOINTER_BIND_RESTORE,4,2048,1,1,false,false,321600,357300,192512
fork-2,draw_shared_light,CONSTANT_FIXED,4,2048,1,1,false,false,170600,197600,50176
fork-2,draw_shared_light,I2I,4,2048,1,1,false,false,275700,320600,164864
fork-2,draw_shared_light,ARRAY_FIXED,4,2048,1,1,false,false,172200,211700,29696
fork-2,draw_shared_light,I2I_CACHED,4,2048,1,1,false,false,276400,315500,123904
fork-2,draw_shared_light,IPOINTER_BIND_RESTORE,5,2048,1,1,false,false,318900,353500,192512
fork-2,draw_shared_light,I2I_CACHED,5,2048,1,1,false,false,295500,340600,166912
fork-2,draw_shared_light,IPOINTER_CACHED,5,2048,1,1,false,false,314000,802900,523264
fork-2,draw_shared_light,I2I,5,2048,1,1,false,false,329400,377100,183296
fork-2,draw_shared_light,ARRAY_FIXED,5,2048,1,1,false,false,194500,245900,29696
fork-2,draw_shared_light,IPOINTER_EVERY,5,2048,1,1,false,false,262500,322300,166912
fork-2,draw_shared_light,CONSTANT_FIXED,5,2048,1,1,false,false,199300,234800,83968
fork-2,draw_shared_light,I4I,5,2048,1,1,false,false,371200,418700,261120
fork-2,draw_shared_light,I4I,6,2048,1,1,false,false,326200,523700,129024
fork-2,draw_shared_light,ARRAY_FIXED,6,2048,1,1,false,false,173200,215000,29696
fork-2,draw_shared_light,IPOINTER_EVERY,6,2048,1,1,false,false,243500,282100,159744
fork-2,draw_shared_light,CONSTANT_FIXED,6,2048,1,1,false,false,224100,256700,80896
fork-2,draw_shared_light,I2I,6,2048,1,1,false,false,341300,401800,236544
fork-2,draw_shared_light,IPOINTER_CACHED,6,2048,1,1,false,false,240400,281900,156672
fork-2,draw_shared_light,IPOINTER_BIND_RESTORE,6,2048,1,1,false,false,325900,364500,228352
fork-2,draw_shared_light,I2I_CACHED,6,2048,1,1,false,false,275400,325600,200704
fork-2,draw_shared_light,IPOINTER_EVERY,7,2048,1,1,false,false,232500,275200,150528
fork-2,draw_shared_light,I2I_CACHED,7,2048,1,1,false,false,280600,325000,163840
fork-2,draw_shared_light,I4I,7,2048,1,1,false,false,288300,502400,118784
fork-2,draw_shared_light,IPOINTER_CACHED,7,2048,1,1,false,false,271900,336300,169984
fork-2,draw_shared_light,I2I,7,2048,1,1,false,false,421300,477900,186368
fork-2,draw_shared_light,CONSTANT_FIXED,7,2048,1,1,false,false,179500,216600,28672
fork-2,draw_shared_light,ARRAY_FIXED,7,2048,1,1,false,false,175200,202600,27648
fork-2,draw_shared_light,IPOINTER_BIND_RESTORE,7,2048,1,1,false,false,323400,352500,205824
fork-2,draw_shared_light,ARRAY_FIXED,8,2048,1,1,false,false,174000,206800,75776
fork-2,draw_shared_light,IPOINTER_CACHED,8,2048,1,1,false,false,243900,288800,202752
fork-2,draw_shared_light,CONSTANT_FIXED,8,2048,1,1,false,false,179400,218200,28672
fork-2,draw_shared_light,IPOINTER_EVERY,8,2048,1,1,false,false,233400,272300,155648
fork-2,draw_shared_light,IPOINTER_BIND_RESTORE,8,2048,1,1,false,false,437700,540400,388096
fork-2,draw_shared_light,I4I,8,2048,1,1,false,false,291700,343500,225280
fork-2,draw_shared_light,I2I,8,2048,1,1,false,false,290600,329500,117760
fork-2,draw_shared_light,I2I_CACHED,8,2048,1,1,false,false,293800,334400,115712
fork-2,draw_shared_light,I2I_CACHED,9,2048,1,1,false,false,347800,410900,290816
fork-2,draw_shared_light,I4I,9,2048,1,1,false,false,278000,317100,113664
fork-2,draw_shared_light,IPOINTER_CACHED,9,2048,1,1,false,false,1560100,1702600,1564672
fork-2,draw_shared_light,ARRAY_FIXED,9,2048,1,1,false,false,169200,196900,50176
fork-2,draw_shared_light,CONSTANT_FIXED,9,2048,1,1,false,false,168600,200400,62464
fork-2,draw_shared_light,IPOINTER_EVERY,9,2048,1,1,false,false,228200,271000,183296
fork-2,draw_shared_light,IPOINTER_BIND_RESTORE,9,2048,1,1,false,false,320800,353700,191488
fork-2,draw_shared_light,I2I,9,2048,1,1,false,false,331000,390100,227328
fork-2,draw_shared_light,I2I_CACHED,10,2048,1,1,false,false,306200,347400,120832
fork-2,draw_shared_light,IPOINTER_CACHED,10,2048,1,1,false,false,236700,279500,153600
fork-2,draw_shared_light,IPOINTER_BIND_RESTORE,10,2048,1,1,false,false,337100,523500,387072
fork-2,draw_shared_light,CONSTANT_FIXED,10,2048,1,1,false,false,185600,495400,371712
fork-2,draw_shared_light,IPOINTER_EVERY,10,2048,1,1,false,false,236400,857800,86016
fork-2,draw_shared_light,I2I,10,2048,1,1,false,false,341300,636300,374784
fork-2,draw_shared_light,I4I,10,2048,1,1,false,false,298700,661700,437248
fork-2,draw_shared_light,ARRAY_FIXED,10,2048,1,1,false,false,206400,342400,21504
fork-2,draw_shared_light,I2I_CACHED,11,2048,1,1,false,false,328500,572800,137216
fork-2,draw_shared_light,I2I,11,2048,1,1,false,false,281700,319900,108544
fork-2,draw_shared_light,IPOINTER_CACHED,11,2048,1,1,false,false,227800,279400,207872
fork-2,draw_shared_light,CONSTANT_FIXED,11,2048,1,1,false,false,205300,231800,52224
fork-2,draw_shared_light,ARRAY_FIXED,11,2048,1,1,false,false,198900,448200,28672
fork-2,draw_shared_light,I4I,11,2048,1,1,false,false,292000,777400,45056
fork-2,draw_shared_light,IPOINTER_EVERY,11,2048,1,1,false,false,235700,278000,150528
fork-2,draw_shared_light,IPOINTER_BIND_RESTORE,11,2048,1,1,false,false,313900,548900,419840
fork-2,draw_shared_light,CONSTANT_FIXED,12,2048,1,1,false,false,172100,207400,95232
fork-2,draw_shared_light,I4I,12,2048,1,1,false,false,282600,333600,220160
fork-2,draw_shared_light,I2I_CACHED,12,2048,1,1,false,false,279200,428400,221184
fork-2,draw_shared_light,IPOINTER_BIND_RESTORE,12,2048,1,1,false,false,357600,416500,248832
fork-2,draw_shared_light,ARRAY_FIXED,12,2048,1,1,false,false,210400,241000,70656
fork-2,draw_shared_light,IPOINTER_EVERY,12,2048,1,1,false,false,269700,311000,197632
fork-2,draw_shared_light,IPOINTER_CACHED,12,2048,1,1,false,false,247500,301100,218112
fork-2,draw_shared_light,I2I,12,2048,1,1,false,false,282900,448500,115712
fork-2,draw_shared_light,IPOINTER_CACHED,13,2048,1,1,false,false,256900,300000,157696
fork-2,draw_shared_light,I2I,13,2048,1,1,false,false,281300,325700,160768
fork-2,draw_shared_light,IPOINTER_BIND_RESTORE,13,2048,1,1,false,false,315500,350500,190464
fork-2,draw_shared_light,I4I,13,2048,1,1,false,false,274000,458600,156672
fork-2,draw_shared_light,IPOINTER_EVERY,13,2048,1,1,false,false,241700,283200,156672
fork-2,draw_shared_light,ARRAY_FIXED,13,2048,1,1,false,false,218000,250900,62464
fork-2,draw_shared_light,I2I_CACHED,13,2048,1,1,false,false,290700,525300,364544
fork-2,draw_shared_light,CONSTANT_FIXED,13,2048,1,1,false,false,181200,219700,29696
fork-2,draw_shared_light,IPOINTER_EVERY,14,2048,1,1,false,false,246300,382000,257024
fork-2,draw_shared_light,IPOINTER_BIND_RESTORE,14,2048,1,1,false,false,352800,395100,267264
fork-2,draw_shared_light,CONSTANT_FIXED,14,2048,1,1,false,false,174300,211200,110592
fork-2,draw_shared_light,I2I_CACHED,14,2048,1,1,false,false,285000,322800,114688
fork-2,draw_shared_light,I2I,14,2048,1,1,false,false,353900,396800,121856
fork-2,draw_shared_light,ARRAY_FIXED,14,2048,1,1,false,false,175500,213200,108544
fork-2,draw_shared_light,IPOINTER_CACHED,14,2048,1,1,false,false,238400,370900,156672
fork-2,draw_shared_light,I4I,14,2048,1,1,false,false,344500,405900,230400
fork-2,draw_shared_light,IPOINTER_BIND_RESTORE,15,2048,1,1,false,false,334300,651000,81920
fork-2,draw_shared_light,CONSTANT_FIXED,15,2048,1,1,false,false,177300,205500,53248
fork-2,draw_shared_light,ARRAY_FIXED,15,2048,1,1,false,false,180000,211800,68608
fork-2,draw_shared_light,IPOINTER_EVERY,15,2048,1,1,false,false,241900,285400,194560
fork-2,draw_shared_light,I2I,15,2048,1,1,false,false,292100,331500,115712
fork-2,draw_shared_light,I4I,15,2048,1,1,false,false,280100,317900,111616
fork-2,draw_shared_light,IPOINTER_CACHED,15,2048,1,1,false,false,242300,294400,222208
fork-2,draw_shared_light,I2I_CACHED,15,2048,1,1,false,false,293000,531400,313344
fork-2,draw_shared_light,ARRAY_FIXED,16,2048,1,1,false,false,180600,221500,28672
fork-2,draw_shared_light,IPOINTER_BIND_RESTORE,16,2048,1,1,false,false,340900,370300,200704
fork-2,draw_shared_light,CONSTANT_FIXED,16,2048,1,1,false,false,184900,216500,65536
fork-2,draw_shared_light,I4I,16,2048,1,1,false,false,289500,337300,185344
fork-2,draw_shared_light,IPOINTER_CACHED,16,2048,1,1,false,false,246000,287600,160768
fork-2,draw_shared_light,I2I,16,2048,1,1,false,false,302800,521000,44032
fork-2,draw_shared_light,I2I_CACHED,16,2048,1,1,false,false,282200,320900,115712
fork-2,draw_shared_light,IPOINTER_EVERY,16,2048,1,1,false,false,228400,271500,149504
fork-2,draw_shared_light,ARRAY_FIXED,17,2048,1,1,false,false,176500,203700,50176
fork-2,draw_shared_light,I2I_CACHED,17,2048,1,1,false,false,283100,331000,169984
fork-2,draw_shared_light,I4I,17,2048,1,1,false,false,281000,318500,111616
fork-2,draw_shared_light,IPOINTER_EVERY,17,2048,1,1,false,false,234500,276700,152576
fork-2,draw_shared_light,CONSTANT_FIXED,17,2048,1,1,false,false,171400,198300,49152
fork-2,draw_shared_light,IPOINTER_BIND_RESTORE,17,2048,1,1,false,false,314800,360100,230400
fork-2,draw_shared_light,IPOINTER_CACHED,17,2048,1,1,false,false,252200,640400,559104
fork-2,draw_shared_light,I2I,17,2048,1,1,false,false,288200,325900,112640
fork-2,draw_shared_light,I2I,18,2048,1,1,false,false,286800,323400,111616
fork-2,draw_shared_light,CONSTANT_FIXED,18,2048,1,1,false,false,171200,207700,105472
fork-2,draw_shared_light,IPOINTER_EVERY,18,2048,1,1,false,false,245300,462400,335872
fork-2,draw_shared_light,IPOINTER_CACHED,18,2048,1,1,false,false,247000,413400,178176
fork-2,draw_shared_light,ARRAY_FIXED,18,2048,1,1,false,false,180800,217300,101376
fork-2,draw_shared_light,I2I_CACHED,18,2048,1,1,false,false,270900,322700,208896
fork-2,draw_shared_light,IPOINTER_BIND_RESTORE,18,2048,1,1,false,false,315500,350300,190464
fork-2,draw_shared_light,I4I,18,2048,1,1,false,false,299000,365300,194560
fork-2,draw_shared_light,IPOINTER_BIND_RESTORE,19,2048,1,1,false,false,393300,665800,335872
fork-2,draw_shared_light,IPOINTER_CACHED,19,2048,1,1,false,false,280000,317000,189440
fork-2,draw_shared_light,I2I_CACHED,19,2048,1,1,false,false,309400,359800,217088
fork-2,draw_shared_light,IPOINTER_EVERY,19,2048,1,1,false,false,260900,323600,166912
fork-2,draw_shared_light,CONSTANT_FIXED,19,2048,1,1,false,false,199500,229400,69632
fork-2,draw_shared_light,I4I,19,2048,1,1,false,false,312800,519100,352256
fork-2,draw_shared_light,ARRAY_FIXED,19,2048,1,1,false,false,194400,244300,29696
fork-2,draw_shared_light,I2I,19,2048,1,1,false,false,336100,439300,234496
fork-2,draw_shared_light,I2I_CACHED,20,2048,1,1,false,false,318700,366100,124928
fork-2,draw_shared_light,CONSTANT_FIXED,20,2048,1,1,false,false,174500,215700,29696
fork-2,draw_shared_light,IPOINTER_EVERY,20,2048,1,1,false,false,229200,268600,152576
fork-2,draw_shared_light,IPOINTER_BIND_RESTORE,20,2048,1,1,false,false,322300,476800,243712
fork-2,draw_shared_light,IPOINTER_CACHED,20,2048,1,1,false,false,230000,280500,206848
fork-2,draw_shared_light,I4I,20,2048,1,1,false,false,274900,313800,111616
fork-2,draw_shared_light,ARRAY_FIXED,20,2048,1,1,false,false,169100,210600,29696
fork-2,draw_shared_light,I2I,20,2048,1,1,false,false,285300,457400,122880
fork-2,draw_shared_light,I4I,21,2048,1,1,false,false,283000,320600,113664
fork-2,draw_shared_light,IPOINTER_CACHED,21,2048,1,1,false,false,235400,426600,296960
fork-2,draw_shared_light,I2I_CACHED,21,2048,1,1,false,false,286600,333500,164864
fork-2,draw_shared_light,ARRAY_FIXED,21,2048,1,1,false,false,202700,241700,29696
fork-2,draw_shared_light,IPOINTER_EVERY,21,2048,1,1,false,false,324200,438300,319488
fork-2,draw_shared_light,IPOINTER_BIND_RESTORE,21,2048,1,1,false,false,352400,497300,82944
fork-2,draw_shared_light,CONSTANT_FIXED,21,2048,1,1,false,false,179800,651500,544768
fork-2,draw_shared_light,I2I,21,2048,1,1,false,false,286800,324500,110592
fork-2,draw_shared_light,IPOINTER_CACHED,22,2048,1,1,false,false,236400,278700,156672
fork-2,draw_shared_light,I2I,22,2048,1,1,false,false,282600,329100,161792
fork-2,draw_shared_light,IPOINTER_EVERY,22,2048,1,1,false,false,237600,279500,156672
fork-2,draw_shared_light,IPOINTER_BIND_RESTORE,22,2048,1,1,false,false,363100,400700,224256
fork-2,draw_shared_light,I4I,22,2048,1,1,false,false,319900,373800,240640
fork-2,draw_shared_light,I2I_CACHED,22,2048,1,1,false,false,342100,927000,664576
fork-2,draw_shared_light,ARRAY_FIXED,22,2048,1,1,false,false,181100,222100,29696
fork-2,draw_shared_light,CONSTANT_FIXED,22,2048,1,1,false,false,172000,202300,28672
fork-2,draw_shared_light,I4I,23,2048,1,1,false,false,298300,343600,138240
fork-2,draw_shared_light,IPOINTER_CACHED,23,2048,1,1,false,false,234700,276600,153600
fork-2,draw_shared_light,IPOINTER_EVERY,23,2048,1,1,false,false,233300,269800,169984
fork-2,draw_shared_light,ARRAY_FIXED,23,2048,1,1,false,false,183100,343000,98304
fork-2,draw_shared_light,CONSTANT_FIXED,23,2048,1,1,false,false,176200,217500,109568
fork-2,draw_shared_light,I2I,23,2048,1,1,false,false,285100,323600,114688
fork-2,draw_shared_light,I2I_CACHED,23,2048,1,1,false,false,309600,384000,175104
fork-2,draw_shared_light,IPOINTER_BIND_RESTORE,23,2048,1,1,false,false,358200,668400,558080
fork-2,draw_shared_light,IPOINTER_BIND_RESTORE,24,2048,1,1,false,false,334700,369400,202752
fork-2,draw_shared_light,I4I,24,2048,1,1,false,false,282400,327600,163840
fork-2,draw_shared_light,I2I_CACHED,24,2048,1,1,false,false,291400,330200,112640
fork-2,draw_shared_light,ARRAY_FIXED,24,2048,1,1,false,false,172100,214400,29696
fork-2,draw_shared_light,IPOINTER_CACHED,24,2048,1,1,false,false,232500,274900,156672
fork-2,draw_shared_light,I2I,24,2048,1,1,false,false,288600,334900,174080
fork-2,draw_shared_light,IPOINTER_EVERY,24,2048,1,1,false,false,231500,275600,153600
fork-2,draw_shared_light,CONSTANT_FIXED,24,2048,1,1,false,false,170000,198600,52224
fork-2,draw_shared_light,I2I,25,2048,1,1,false,false,286200,337900,184320
fork-2,draw_shared_light,IPOINTER_CACHED,25,2048,1,1,false,false,257200,301000,178176
fork-2,draw_shared_light,CONSTANT_FIXED,25,2048,1,1,false,false,182900,213400,59392
fork-2,draw_shared_light,I4I,25,2048,1,1,false,false,281800,329600,172032
fork-2,draw_shared_light,IPOINTER_BIND_RESTORE,25,2048,1,1,false,false,333800,368600,201728
fork-2,draw_shared_light,ARRAY_FIXED,25,2048,1,1,false,false,173800,201600,53248
fork-2,draw_shared_light,I2I_CACHED,25,2048,1,1,false,false,281000,327800,172032
fork-2,draw_shared_light,IPOINTER_EVERY,25,2048,1,1,false,false,235000,277500,155648
fork-2,draw_shared_light,CONSTANT_FIXED,26,2048,1,1,false,false,172200,200700,53248
fork-2,draw_shared_light,IPOINTER_CACHED,26,2048,1,1,false,false,236200,277800,181248
fork-2,draw_shared_light,IPOINTER_BIND_RESTORE,26,2048,1,1,false,false,328600,382000,287744
fork-2,draw_shared_light,I2I,26,2048,1,1,false,false,290900,330600,113664
fork-2,draw_shared_light,IPOINTER_EVERY,26,2048,1,1,false,false,331200,511900,84992
fork-2,draw_shared_light,I2I_CACHED,26,2048,1,1,false,false,321400,368800,180224
fork-2,draw_shared_light,ARRAY_FIXED,26,2048,1,1,false,false,178400,218000,29696
fork-2,draw_shared_light,I4I,26,2048,1,1,false,false,284000,324800,134144
fork-2,draw_shared_light,CONSTANT_FIXED,27,2048,1,1,false,false,180500,220300,29696
fork-2,draw_shared_light,IPOINTER_EVERY,27,2048,1,1,false,false,295500,420400,306176
fork-2,draw_shared_light,IPOINTER_CACHED,27,2048,1,1,false,false,247300,289400,185344
fork-2,draw_shared_light,I2I_CACHED,27,2048,1,1,false,false,274800,327500,212992
fork-2,draw_shared_light,IPOINTER_BIND_RESTORE,27,2048,1,1,false,false,315100,351700,191488
fork-2,draw_shared_light,ARRAY_FIXED,27,2048,1,1,false,false,208500,238800,94208
fork-2,draw_shared_light,I4I,27,2048,1,1,false,false,281900,328700,168960
fork-2,draw_shared_light,I2I,27,2048,1,1,false,false,273100,311700,111616
fork-2,draw_shared_light,IPOINTER_CACHED,28,2048,1,1,false,false,279000,323300,158720
fork-2,draw_shared_light,I4I,28,2048,1,1,false,false,280600,325300,161792
fork-2,draw_shared_light,ARRAY_FIXED,28,2048,1,1,false,false,167900,207000,29696
fork-2,draw_shared_light,I2I,28,2048,1,1,false,false,270300,452800,121856
fork-2,draw_shared_light,I2I_CACHED,28,2048,1,1,false,false,282300,322500,111616
fork-2,draw_shared_light,IPOINTER_EVERY,28,2048,1,1,false,false,248000,292800,151552
fork-2,draw_shared_light,CONSTANT_FIXED,28,2048,1,1,false,false,167600,196500,50176
fork-2,draw_shared_light,IPOINTER_BIND_RESTORE,28,2048,1,1,false,false,421600,463100,240640
fork-2,draw_shared_light,CONSTANT_FIXED,29,2048,1,1,false,false,178500,527200,291840
fork-2,draw_shared_light,IPOINTER_CACHED,29,2048,1,1,false,false,235400,280100,152576
fork-2,draw_shared_light,IPOINTER_BIND_RESTORE,29,2048,1,1,false,false,485800,535100,321536
fork-2,draw_shared_light,I2I,29,2048,1,1,false,false,282400,335400,206848
fork-2,draw_shared_light,I4I,29,2048,1,1,false,false,477900,576600,46080
fork-2,draw_shared_light,I2I_CACHED,29,2048,1,1,false,false,373800,784600,45056
fork-2,draw_shared_light,ARRAY_FIXED,29,2048,1,1,false,false,181500,220400,110592
fork-2,draw_shared_light,IPOINTER_EVERY,29,2048,1,1,false,false,275400,315800,188416
fork-2,draw_shared_light,I4I,30,2048,1,1,false,false,360700,402900,46080
fork-2,draw_shared_light,I2I,30,2048,1,1,false,false,283100,322600,112640
fork-2,draw_shared_light,IPOINTER_CACHED,30,2048,1,1,false,false,232600,817800,84992
fork-2,draw_shared_light,I2I_CACHED,30,2048,1,1,false,false,276400,320900,155648
fork-2,draw_shared_light,IPOINTER_BIND_RESTORE,30,2048,1,1,false,false,321000,357400,194560
fork-2,draw_shared_light,ARRAY_FIXED,30,2048,1,1,false,false,171400,198700,52224
fork-2,draw_shared_light,IPOINTER_EVERY,30,2048,1,1,false,false,230900,268100,174080
fork-2,draw_shared_light,CONSTANT_FIXED,30,2048,1,1,false,false,171100,207900,105472
fork-2,draw_shared_both,IPOINTER_EVERY,0,2048,1,2,false,false,268700,310000,167936
fork-2,draw_shared_both,IPOINTER_BIND_RESTORE,0,2048,1,2,false,false,360900,400000,257024
fork-2,draw_shared_both,I4I,0,2048,1,2,false,false,372600,410700,282624
fork-2,draw_shared_both,ARRAY_FIXED,0,2048,1,2,false,false,162200,195800,81920
fork-2,draw_shared_both,I2I,0,2048,1,2,false,false,369100,407800,282624
fork-2,draw_shared_both,CONSTANT_FIXED,0,2048,1,2,false,false,172100,207000,91136
fork-2,draw_shared_both,I2I_CACHED,0,2048,1,2,false,false,471500,514900,374784
fork-2,draw_shared_both,IPOINTER_CACHED,0,2048,1,2,false,false,364200,415900,276480
fork-2,draw_shared_both,ARRAY_FIXED,1,2048,1,2,false,false,180900,219400,30720
fork-2,draw_shared_both,CONSTANT_FIXED,1,2048,1,2,false,false,172000,201500,28672
fork-2,draw_shared_both,I2I_CACHED,1,2048,1,2,false,false,550200,595900,285696
fork-2,draw_shared_both,IPOINTER_CACHED,1,2048,1,2,false,false,351200,391700,203776
fork-2,draw_shared_both,IPOINTER_BIND_RESTORE,1,2048,1,2,false,false,419000,464300,301056
fork-2,draw_shared_both,I4I,1,2048,1,2,false,false,423600,464900,330752
fork-2,draw_shared_both,IPOINTER_EVERY,1,2048,1,2,false,false,349400,404000,309248
fork-2,draw_shared_both,I2I,1,2048,1,2,false,false,562000,641400,137216
fork-2,draw_shared_both,IPOINTER_BIND_RESTORE,2,2048,1,2,false,false,457000,508200,260096
fork-2,draw_shared_both,IPOINTER_CACHED,2,2048,1,2,false,false,420200,690700,440320
fork-2,draw_shared_both,I4I,2,2048,1,2,false,false,404900,444900,307200
fork-2,draw_shared_both,IPOINTER_EVERY,2,2048,1,2,false,false,292100,340700,238592
fork-2,draw_shared_both,CONSTANT_FIXED,2,2048,1,2,false,false,167200,206000,29696
fork-2,draw_shared_both,I2I,2,2048,1,2,false,false,379500,442800,239616
fork-2,draw_shared_both,I2I_CACHED,2,2048,1,2,false,false,461100,698600,78848
fork-2,draw_shared_both,ARRAY_FIXED,2,2048,1,2,false,false,1766700,1929400,1195008
fork-2,draw_shared_both,I4I,3,2048,1,2,false,false,469400,1072700,798720
fork-2,draw_shared_both,CONSTANT_FIXED,3,2048,1,2,false,false,204600,254300,29696
fork-2,draw_shared_both,I2I_CACHED,3,2048,1,2,false,false,417100,488400,267264
fork-2,draw_shared_both,IPOINTER_BIND_RESTORE,3,2048,1,2,false,false,396200,424200,236544
fork-2,draw_shared_both,IPOINTER_CACHED,3,2048,1,2,false,false,295700,336200,217088
fork-2,draw_shared_both,I2I,3,2048,1,2,false,false,403400,443600,310272
fork-2,draw_shared_both,IPOINTER_EVERY,3,2048,1,2,false,false,281500,330800,238592
fork-2,draw_shared_both,ARRAY_FIXED,3,2048,1,2,false,false,177800,379000,189440
fork-2,draw_shared_both,I2I_CACHED,4,2048,1,2,false,false,396200,804300,246784
fork-2,draw_shared_both,IPOINTER_CACHED,4,2048,1,2,false,false,313600,350900,191488
fork-2,draw_shared_both,I4I,4,2048,1,2,false,false,419100,696100,516096
fork-2,draw_shared_both,IPOINTER_BIND_RESTORE,4,2048,1,2,false,false,405000,446700,277504
fork-2,draw_shared_both,ARRAY_FIXED,4,2048,1,2,false,false,179000,214400,91136
fork-2,draw_shared_both,I2I,4,2048,1,2,false,false,398600,442500,313344
fork-2,draw_shared_both,CONSTANT_FIXED,4,2048,1,2,false,false,182400,218000,92160
fork-2,draw_shared_both,IPOINTER_EVERY,4,2048,1,2,false,false,282200,332600,244736
fork-2,draw_shared_both,IPOINTER_EVERY,5,2048,1,2,false,false,282500,321700,179200
fork-2,draw_shared_both,IPOINTER_BIND_RESTORE,5,2048,1,2,false,false,388800,428000,273408
fork-2,draw_shared_both,ARRAY_FIXED,5,2048,1,2,false,false,389800,700100,579584
fork-2,draw_shared_both,IPOINTER_CACHED,5,2048,1,2,false,false,344200,397700,287744
fork-2,draw_shared_both,I2I_CACHED,5,2048,1,2,false,false,407500,467600,238592
fork-2,draw_shared_both,I4I,5,2048,1,2,false,false,409700,469200,240640
fork-2,draw_shared_both,I2I,5,2048,1,2,false,false,424000,709000,246784
fork-2,draw_shared_both,CONSTANT_FIXED,5,2048,1,2,false,false,168500,207800,29696
fork-2,draw_shared_both,CONSTANT_FIXED,6,2048,1,2,false,false,187200,216900,28672
fork-2,draw_shared_both,IPOINTER_CACHED,6,2048,1,2,false,false,291100,320900,185344
fork-2,draw_shared_both,IPOINTER_BIND_RESTORE,6,2048,1,2,false,false,383000,726800,587776
fork-2,draw_shared_both,I2I,6,2048,1,2,false,false,394400,454500,232448
fork-2,draw_shared_both,ARRAY_FIXED,6,2048,1,2,false,false,167100,207200,29696
fork-2,draw_shared_both,I2I_CACHED,6,2048,1,2,false,false,404800,468700,257024
fork-2,draw_shared_both,I4I,6,2048,1,2,false,false,397500,458500,246784
fork-2,draw_shared_both,IPOINTER_EVERY,6,2048,1,2,false,false,282400,321800,180224
fork-2,draw_shared_both,IPOINTER_CACHED,7,2048,1,2,false,false,286000,319700,199680
fork-2,draw_shared_both,I4I,7,2048,1,2,false,false,415500,458600,328704
fork-2,draw_shared_both,I2I_CACHED,7,2048,1,2,false,false,413800,450700,301056
fork-2,draw_shared_both,I2I,7,2048,1,2,false,false,400500,434400,282624
fork-2,draw_shared_both,ARRAY_FIXED,7,2048,1,2,false,false,179600,211600,69632
fork-2,draw_shared_both,IPOINTER_BIND_RESTORE,7,2048,1,2,false,false,376400,423600,296960
fork-2,draw_shared_both,CONSTANT_FIXED,7,2048,1,2,false,false,346100,382800,28672
fork-2,draw_shared_both,IPOINTER_EVERY,7,2048,1,2,false,false,293300,328600,181248
fork-2,draw_shared_both,IPOINTER_CACHED,8,2048,1,2,false,false,290300,333500,220160
fork-2,draw_shared_both,I2I_CACHED,8,2048,1,2,false,false,399600,442000,317440
fork-2,draw_shared_both,IPOINTER_BIND_RESTORE,8,2048,1,2,false,false,383000,434900,310272
fork-2,draw_shared_both,ARRAY_FIXED,8,2048,1,2,false,false,364500,401300,29696
fork-2,draw_shared_both,I2I,8,2048,1,2,false,false,402100,464200,253952
fork-2,draw_shared_both,IPOINTER_EVERY,8,2048,1,2,false,false,279000,543900,395264
fork-2,draw_shared_both,I4I,8,2048,1,2,false,false,402400,624900,253952
fork-2,draw_shared_both,CONSTANT_FIXED,8,2048,1,2,false,false,189100,235600,66560
fork-2,draw_shared_both,ARRAY_FIXED,9,2048,1,2,false,false,263600,295000,75776
fork-2,draw_shared_both,I4I,9,2048,1,2,false,false,430600,460300,286720
fork-2,draw_shared_both,CONSTANT_FIXED,9,2048,1,2,false,false,194300,225400,73728
fork-2,draw_shared_both,IPOINTER_BIND_RESTORE,9,2048,1,2,false,false,410900,544500,304128
fork-2,draw_shared_both,I2I,9,2048,1,2,false,false,397100,654600,75776
fork-2,draw_shared_both,I2I_CACHED,9,2048,1,2,false,false,390000,449700,227328
fork-2,draw_shared_both,IPOINTER_EVERY,9,2048,1,2,false,false,280000,319900,173056
fork-2,draw_shared_both,IPOINTER_CACHED,9,2048,1,2,false,false,285800,475500,356352
fork-2,draw_shared_both,ARRAY_FIXED,10,2048,1,2,false,false,191800,386300,109568
fork-2,draw_shared_both,CONSTANT_FIXED,10,2048,1,2,false,false,170400,208200,105472
fork-2,draw_shared_both,IPOINTER_BIND_RESTORE,10,2048,1,2,false,false,371600,403500,219136
fork-2,draw_shared_both,IPOINTER_EVERY,10,2048,1,2,false,false,273300,313000,197632
fork-2,draw_shared_both,I4I,10,2048,1,2,false,false,423500,478400,334848
fork-2,draw_shared_both,IPOINTER_CACHED,10,2048,1,2,false,false,297900,348000,241664
fork-2,draw_shared_both,I2I,10,2048,1,2,false,false,405200,466600,237568
fork-2,draw_shared_both,I2I_CACHED,10,2048,1,2,false,false,388200,448500,232448
fork-2,draw_shared_both,IPOINTER_BIND_RESTORE,11,2048,1,2,false,false,376500,408400,221184
fork-2,draw_shared_both,I4I,11,2048,1,2,false,false,393600,427800,253952
fork-2,draw_shared_both,CONSTANT_FIXED,11,2048,1,2,false,false,186200,213800,45056
fork-2,draw_shared_both,IPOINTER_CACHED,11,2048,1,2,false,false,286000,325800,204800
fork-2,draw_shared_both,I2I_CACHED,11,2048,1,2,false,false,394400,430800,296960
fork-2,draw_shared_both,I2I,11,2048,1,2,false,false,411100,446400,294912
fork-2,draw_shared_both,ARRAY_FIXED,11,2048,1,2,false,false,187100,224600,83968
fork-2,draw_shared_both,IPOINTER_EVERY,11,2048,1,2,false,false,292700,342500,244736
fork-2,draw_shared_both,I2I_CACHED,12,2048,1,2,false,false,406900,479400,248832
fork-2,draw_shared_both,I2I,12,2048,1,2,false,false,569300,808300,75776
fork-2,draw_shared_both,ARRAY_FIXED,12,2048,1,2,false,false,186000,225000,29696
fork-2,draw_shared_both,IPOINTER_BIND_RESTORE,12,2048,1,2,false,false,365600,391600,219136
fork-2,draw_shared_both,CONSTANT_FIXED,12,2048,1,2,false,false,166200,197600,63488
fork-2,draw_shared_both,IPOINTER_CACHED,12,2048,1,2,false,false,283400,327700,224256
fork-2,draw_shared_both,I4I,12,2048,1,2,false,false,414200,474600,241664
fork-2,draw_shared_both,IPOINTER_EVERY,12,2048,1,2,false,false,305400,344500,194560
fork-2,draw_shared_both,I2I_CACHED,13,2048,1,2,false,false,434800,469300,272384
fork-2,draw_shared_both,I4I,13,2048,1,2,false,false,415100,472900,80896
fork-2,draw_shared_both,I2I,13,2048,1,2,false,false,408900,457800,260096
fork-2,draw_shared_both,CONSTANT_FIXED,13,2048,1,2,false,false,166200,191200,27648
fork-2,draw_shared_both,IPOINTER_CACHED,13,2048,1,2,false,false,352800,532500,405504
fork-2,draw_shared_both,IPOINTER_EVERY,13,2048,1,2,false,false,284500,331700,230400
fork-2,draw_shared_both,ARRAY_FIXED,13,2048,1,2,false,false,169100,208900,29696
fork-2,draw_shared_both,IPOINTER_BIND_RESTORE,13,2048,1,2,false,false,381000,407800,226304
fork-2,draw_shared_both,IPOINTER_CACHED,14,2048,1,2,false,false,276100,317500,207872
fork-2,draw_shared_both,ARRAY_FIXED,14,2048,1,2,false,false,219300,370700,119808
fork-2,draw_shared_both,I2I_CACHED,14,2048,1,2,false,false,489500,553000,119808
fork-2,draw_shared_both,IPOINTER_EVERY,14,2048,1,2,false,false,314900,374900,190464
fork-2,draw_shared_both,CONSTANT_FIXED,14,2048,1,2,false,false,200000,229800,67584
fork-2,draw_shared_both,I2I,14,2048,1,2,false,false,414800,462300,266240
fork-2,draw_shared_both,IPOINTER_BIND_RESTORE,14,2048,1,2,false,false,397700,438900,282624
fork-2,draw_shared_both,I4I,14,2048,1,2,false,false,431300,469500,314368
fork-2,draw_shared_both,IPOINTER_EVERY,15,2048,1,2,false,false,386800,484800,368640
fork-2,draw_shared_both,CONSTANT_FIXED,15,2048,1,2,false,false,193200,231600,29696
fork-2,draw_shared_both,ARRAY_FIXED,15,2048,1,2,false,false,174300,203100,28672
fork-2,draw_shared_both,IPOINTER_CACHED,15,2048,1,2,false,false,287900,325400,196608
fork-2,draw_shared_both,I4I,15,2048,1,2,false,false,420900,454400,292864
fork-2,draw_shared_both,I2I,15,2048,1,2,false,false,386200,411700,252928
fork-2,draw_shared_both,IPOINTER_BIND_RESTORE,15,2048,1,2,false,false,391900,442200,288768
fork-2,draw_shared_both,I2I_CACHED,15,2048,1,2,false,false,387800,427800,301056
fork-2,draw_shared_both,CONSTANT_FIXED,16,2048,1,2,false,false,166600,201800,88064
fork-2,draw_shared_both,IPOINTER_BIND_RESTORE,16,2048,1,2,false,false,366600,417800,313344
fork-2,draw_shared_both,IPOINTER_EVERY,16,2048,1,2,false,false,273900,314600,174080
fork-2,draw_shared_both,ARRAY_FIXED,16,2048,1,2,false,false,239500,284200,104448
fork-2,draw_shared_both,I2I,16,2048,1,2,false,false,479000,666400,462848
fork-2,draw_shared_both,I2I_CACHED,16,2048,1,2,false,false,405500,439100,259072
fork-2,draw_shared_both,I4I,16,2048,1,2,false,false,391200,430800,250880
fork-2,draw_shared_both,IPOINTER_CACHED,16,2048,1,2,false,false,277600,307600,181248
fork-2,draw_shared_both,I2I,17,2048,1,2,false,false,382100,416300,272384
fork-2,draw_shared_both,ARRAY_FIXED,17,2048,1,2,false,false,200900,431700,77824
fork-2,draw_shared_both,I4I,17,2048,1,2,false,false,387300,422800,277504
fork-2,draw_shared_both,IPOINTER_CACHED,17,2048,1,2,false,false,297900,341500,224256
fork-2,draw_shared_both,IPOINTER_EVERY,17,2048,1,2,false,false,343500,383200,179200
fork-2,draw_shared_both,IPOINTER_BIND_RESTORE,17,2048,1,2,false,false,405000,444400,278528
fork-2,draw_shared_both,CONSTANT_FIXED,17,2048,1,2,false,false,175300,422700,21504
fork-2,draw_shared_both,I2I_CACHED,17,2048,1,2,false,false,413000,453700,327680
fork-2,draw_shared_both,I2I,18,2048,1,2,false,false,386600,425400,292864
fork-2,draw_shared_both,I4I,18,2048,1,2,false,false,408900,446900,309248
fork-2,draw_shared_both,IPOINTER_CACHED,18,2048,1,2,false,false,359900,535600,435200
fork-2,draw_shared_both,IPOINTER_BIND_RESTORE,18,2048,1,2,false,false,361900,394400,214016
fork-2,draw_shared_both,ARRAY_FIXED,18,2048,1,2,false,false,167100,195700,51200
fork-2,draw_shared_both,CONSTANT_FIXED,18,2048,1,2,false,false,232300,272000,87040
fork-2,draw_shared_both,IPOINTER_EVERY,18,2048,1,2,false,false,380300,727100,405504
fork-2,draw_shared_both,I2I_CACHED,18,2048,1,2,false,false,427700,488800,246784
fork-2,draw_shared_both,I4I,19,2048,1,2,false,false,411700,470600,245760
fork-2,draw_shared_both,IPOINTER_EVERY,19,2048,1,2,false,false,295400,361000,185344
fork-2,draw_shared_both,I2I,19,2048,1,2,false,false,397500,454500,253952
fork-2,draw_shared_both,IPOINTER_BIND_RESTORE,19,2048,1,2,false,false,399200,438700,275456
fork-2,draw_shared_both,I2I_CACHED,19,2048,1,2,false,false,582100,851400,670720
fork-2,draw_shared_both,CONSTANT_FIXED,19,2048,1,2,false,false,179600,751000,21504
fork-2,draw_shared_both,IPOINTER_CACHED,19,2048,1,2,false,false,327400,641800,521216
fork-2,draw_shared_both,ARRAY_FIXED,19,2048,1,2,false,false,187400,227100,29696
fork-2,draw_shared_both,I4I,20,2048,1,2,false,false,393400,1033100,82944
fork-2,draw_shared_both,CONSTANT_FIXED,20,2048,1,2,false,false,183500,220500,29696
fork-2,draw_shared_both,IPOINTER_BIND_RESTORE,20,2048,1,2,false,false,375800,410600,240640
fork-2,draw_shared_both,ARRAY_FIXED,20,2048,1,2,false,false,187000,218700,65536
fork-2,draw_shared_both,I2I,20,2048,1,2,false,false,381500,414900,268288
fork-2,draw_shared_both,IPOINTER_EVERY,20,2048,1,2,false,false,292200,335000,218112
fork-2,draw_shared_both,IPOINTER_CACHED,20,2048,1,2,false,false,295900,337600,177152
fork-2,draw_shared_both,I2I_CACHED,20,2048,1,2,false,false,388000,425400,246784
fork-2,draw_shared_both,CONSTANT_FIXED,21,2048,1,2,false,false,165200,191900,39936
fork-2,draw_shared_both,ARRAY_FIXED,21,2048,1,2,false,false,166600,194900,52224
fork-2,draw_shared_both,IPOINTER_BIND_RESTORE,21,2048,1,2,false,false,392600,446200,301056
fork-2,draw_shared_both,IPOINTER_EVERY,21,2048,1,2,false,false,292100,344400,260096
fork-2,draw_shared_both,I2I_CACHED,21,2048,1,2,false,false,429500,809300,560128
fork-2,draw_shared_both,I2I,21,2048,1,2,false,false,403500,464000,228352
fork-2,draw_shared_both,IPOINTER_CACHED,21,2048,1,2,false,false,278000,319400,176128
fork-2,draw_shared_both,I4I,21,2048,1,2,false,false,405000,436400,264192
fork-2,draw_shared_both,ARRAY_FIXED,22,2048,1,2,false,false,249000,275700,49152
fork-2,draw_shared_both,I4I,22,2048,1,2,false,false,381000,414600,242688
fork-2,draw_shared_both,CONSTANT_FIXED,22,2048,1,2,false,false,159300,186800,44032
fork-2,draw_shared_both,I2I_CACHED,22,2048,1,2,false,false,459800,510600,343040
fork-2,draw_shared_both,IPOINTER_CACHED,22,2048,1,2,false,false,456700,659300,87040
fork-2,draw_shared_both,IPOINTER_EVERY,22,2048,1,2,false,false,375800,478000,89088
fork-2,draw_shared_both,IPOINTER_BIND_RESTORE,22,2048,1,2,false,false,407100,459000,231424
fork-2,draw_shared_both,I2I,22,2048,1,2,false,false,415500,472200,261120
fork-2,draw_shared_both,I2I,23,2048,1,2,false,false,507200,667600,453632
fork-2,draw_shared_both,CONSTANT_FIXED,23,2048,1,2,false,false,190700,219600,36864
fork-2,draw_shared_both,IPOINTER_BIND_RESTORE,23,2048,1,2,false,false,509700,561900,397312
fork-2,draw_shared_both,ARRAY_FIXED,23,2048,1,2,false,false,184800,221900,95232
fork-2,draw_shared_both,IPOINTER_CACHED,23,2048,1,2,false,false,292900,344600,242688
fork-2,draw_shared_both,I2I_CACHED,23,2048,1,2,false,false,378400,439600,226304
fork-2,draw_shared_both,I4I,23,2048,1,2,false,false,398200,458700,227328
fork-2,draw_shared_both,IPOINTER_EVERY,23,2048,1,2,false,false,273500,313700,172032
fork-2,draw_shared_both,I4I,24,2048,1,2,false,false,391900,424600,249856
fork-2,draw_shared_both,CONSTANT_FIXED,24,2048,1,2,false,false,164900,191700,44032
fork-2,draw_shared_both,IPOINTER_CACHED,24,2048,1,2,false,false,276700,316000,201728
fork-2,draw_shared_both,IPOINTER_EVERY,24,2048,1,2,false,false,327300,381800,293888
fork-2,draw_shared_both,ARRAY_FIXED,24,2048,1,2,false,false,172300,211800,29696
fork-2,draw_shared_both,IPOINTER_BIND_RESTORE,24,2048,1,2,false,false,472400,951000,778240
fork-2,draw_shared_both,I2I,24,2048,1,2,false,false,385700,411800,249856
fork-2,draw_shared_both,I2I_CACHED,24,2048,1,2,false,false,402300,434700,251904
fork-2,draw_shared_both,I2I_CACHED,25,2048,1,2,false,false,387800,427800,249856
fork-2,draw_shared_both,IPOINTER_EVERY,25,2048,1,2,false,false,298400,329100,203776
fork-2,draw_shared_both,ARRAY_FIXED,25,2048,1,2,false,false,167700,200900,77824
fork-2,draw_shared_both,I2I,25,2048,1,2,false,false,381500,421700,288768
fork-2,draw_shared_both,I4I,25,2048,1,2,false,false,418300,452100,296960
fork-2,draw_shared_both,CONSTANT_FIXED,25,2048,1,2,false,false,165400,197800,72704
fork-2,draw_shared_both,IPOINTER_CACHED,25,2048,1,2,false,false,381200,439800,336896
fork-2,draw_shared_both,IPOINTER_BIND_RESTORE,25,2048,1,2,false,false,421900,475700,224256
fork-2,draw_shared_both,I2I,26,2048,1,2,false,false,439000,496100,266240
fork-2,draw_shared_both,CONSTANT_FIXED,26,2048,1,2,false,false,183100,210000,43008
fork-2,draw_shared_both,IPOINTER_CACHED,26,2048,1,2,false,false,315400,366800,232448
fork-2,draw_shared_both,IPOINTER_BIND_RESTORE,26,2048,1,2,false,false,504900,556300,430080
fork-2,draw_shared_both,I4I,26,2048,1,2,false,false,404400,464600,238592
fork-2,draw_shared_both,ARRAY_FIXED,26,2048,1,2,false,false,178700,229400,29696
fork-2,draw_shared_both,I2I_CACHED,26,2048,1,2,false,false,419000,492300,259072
fork-2,draw_shared_both,IPOINTER_EVERY,26,2048,1,2,false,false,414400,453900,182272
fork-2,draw_shared_both,I2I_CACHED,27,2048,1,2,false,false,395100,424000,246784
fork-2,draw_shared_both,ARRAY_FIXED,27,2048,1,2,false,false,170300,197700,46080
fork-2,draw_shared_both,IPOINTER_EVERY,27,2048,1,2,false,false,274700,317100,203776
fork-2,draw_shared_both,CONSTANT_FIXED,27,2048,1,2,false,false,159900,195800,96256
fork-2,draw_shared_both,IPOINTER_BIND_RESTORE,27,2048,1,2,false,false,365600,399100,215040
fork-2,draw_shared_both,I2I,27,2048,1,2,false,false,646900,682200,386048
fork-2,draw_shared_both,IPOINTER_CACHED,27,2048,1,2,false,false,342700,378000,192512
fork-2,draw_shared_both,I4I,27,2048,1,2,false,false,402200,448500,303104
fork-2,draw_shared_both,CONSTANT_FIXED,28,2048,1,2,false,false,185400,218800,82944
fork-2,draw_shared_both,IPOINTER_EVERY,28,2048,1,2,false,false,293500,342300,241664
fork-2,draw_shared_both,IPOINTER_CACHED,28,2048,1,2,false,false,293300,587700,437248
fork-2,draw_shared_both,I2I_CACHED,28,2048,1,2,false,false,408100,891400,79872
fork-2,draw_shared_both,I4I,28,2048,1,2,false,false,388400,429800,246784
fork-2,draw_shared_both,ARRAY_FIXED,28,2048,1,2,false,false,216800,246600,38912
fork-2,draw_shared_both,IPOINTER_BIND_RESTORE,28,2048,1,2,false,false,366700,404600,247808
fork-2,draw_shared_both,I2I,28,2048,1,2,false,false,420200,458300,315392
fork-2,draw_shared_both,IPOINTER_EVERY,29,2048,1,2,false,false,426000,663000,419840
fork-2,draw_shared_both,ARRAY_FIXED,29,2048,1,2,false,false,194700,234000,29696
fork-2,draw_shared_both,IPOINTER_CACHED,29,2048,1,2,false,false,289700,327800,182272
fork-2,draw_shared_both,I2I_CACHED,29,2048,1,2,false,false,368500,397300,241664
fork-2,draw_shared_both,I4I,29,2048,1,2,false,false,386600,574100,403456
fork-2,draw_shared_both,CONSTANT_FIXED,29,2048,1,2,false,false,167900,324500,47104
fork-2,draw_shared_both,IPOINTER_BIND_RESTORE,29,2048,1,2,false,false,364400,406600,263168
fork-2,draw_shared_both,I2I,29,2048,1,2,false,false,376500,415000,294912
fork-2,draw_shared_both,I2I_CACHED,30,2048,1,2,false,false,439000,495900,300032
fork-2,draw_shared_both,CONSTANT_FIXED,30,2048,1,2,false,false,200700,236100,94208
fork-2,draw_shared_both,ARRAY_FIXED,30,2048,1,2,false,false,188400,227500,100352
fork-2,draw_shared_both,IPOINTER_CACHED,30,2048,1,2,false,false,305900,358600,253952
fork-2,draw_shared_both,I2I,30,2048,1,2,false,false,442800,502300,112640
fork-2,draw_shared_both,IPOINTER_BIND_RESTORE,30,2048,1,2,false,false,573300,652000,87040
fork-2,draw_shared_both,I4I,30,2048,1,2,false,false,475200,532800,349184
fork-2,draw_shared_both,IPOINTER_EVERY,30,2048,1,2,false,false,292000,324900,197632
fork-2,draw_shared_group16_light,IPOINTER_CACHED,0,2048,1,1,false,false,187200,233400,35840
fork-2,draw_shared_group16_light,IPOINTER_BIND_RESTORE,0,2048,1,1,false,false,341700,379400,230400
fork-2,draw_shared_group16_light,I4I,0,2048,1,1,false,false,306200,357100,207872
fork-2,draw_shared_group16_light,I2I,0,2048,1,1,false,false,305100,342800,124928
fork-2,draw_shared_group16_light,CONSTANT_FIXED,0,2048,1,1,false,false,179100,233100,30720
fork-2,draw_shared_group16_light,ARRAY_FIXED,0,2048,1,1,false,false,182900,227300,28672
fork-2,draw_shared_group16_light,IPOINTER_EVERY,0,2048,1,1,false,false,272100,330900,177152
fork-2,draw_shared_group16_light,I2I_CACHED,0,2048,1,1,false,false,203900,236700,91136
fork-2,draw_shared_group16_light,I4I,1,2048,1,1,false,false,309800,360500,210944
fork-2,draw_shared_group16_light,I2I_CACHED,1,2048,1,1,false,false,279300,313500,29696
fork-2,draw_shared_group16_light,I2I,1,2048,1,1,false,false,287900,335200,134144
fork-2,draw_shared_group16_light,IPOINTER_EVERY,1,2048,1,1,false,false,237200,281400,160768
fork-2,draw_shared_group16_light,IPOINTER_CACHED,1,2048,1,1,false,false,178000,209600,64512
fork-2,draw_shared_group16_light,IPOINTER_BIND_RESTORE,1,2048,1,1,false,false,316200,363000,250880
fork-2,draw_shared_group16_light,ARRAY_FIXED,1,2048,1,1,false,false,169000,208700,29696
fork-2,draw_shared_group16_light,CONSTANT_FIXED,1,2048,1,1,false,false,175000,203800,28672
fork-2,draw_shared_group16_light,I2I,2,2048,1,1,false,false,280100,322400,135168
fork-2,draw_shared_group16_light,ARRAY_FIXED,2,2048,1,1,false,false,169100,207700,29696
fork-2,draw_shared_group16_light,IPOINTER_EVERY,2,2048,1,1,false,false,233600,273700,157696
fork-2,draw_shared_group16_light,IPOINTER_BIND_RESTORE,2,2048,1,1,false,false,327600,370000,241664
fork-2,draw_shared_group16_light,CONSTANT_FIXED,2,2048,1,1,false,false,238400,278700,110592
fork-2,draw_shared_group16_light,IPOINTER_CACHED,2,2048,1,1,false,false,183400,370400,188416
fork-2,draw_shared_group16_light,I4I,2,2048,1,1,false,false,391300,685900,184320
fork-2,draw_shared_group16_light,I2I_CACHED,2,2048,1,1,false,false,181000,216300,31744
fork-2,draw_shared_group16_light,I2I_CACHED,3,2048,1,1,false,false,194500,224600,39936
fork-2,draw_shared_group16_light,I4I,3,2048,1,1,false,false,303200,347500,149504
fork-2,draw_shared_group16_light,CONSTANT_FIXED,3,2048,1,1,false,false,169400,209600,29696
fork-2,draw_shared_group16_light,IPOINTER_BIND_RESTORE,3,2048,1,1,false,false,326600,357500,202752
fork-2,draw_shared_group16_light,I2I,3,2048,1,1,false,false,300800,431200,172032
fork-2,draw_shared_group16_light,ARRAY_FIXED,3,2048,1,1,false,false,186100,225900,30720
fork-2,draw_shared_group16_light,IPOINTER_CACHED,3,2048,1,1,false,false,206700,233800,49152
fork-2,draw_shared_group16_light,IPOINTER_EVERY,3,2048,1,1,false,false,302700,343100,184320
fork-2,draw_shared_group16_light,I2I_CACHED,4,2048,1,1,false,false,183700,220100,98304
fork-2,draw_shared_group16_light,IPOINTER_BIND_RESTORE,4,2048,1,1,false,false,315200,369600,276480
fork-2,draw_shared_group16_light,I2I,4,2048,1,1,false,false,340100,380200,123904
fork-2,draw_shared_group16_light,IPOINTER_EVERY,4,2048,1,1,false,false,227100,273100,151552
fork-2,draw_shared_group16_light,IPOINTER_CACHED,4,2048,1,1,false,false,173100,202700,60416
fork-2,draw_shared_group16_light,CONSTANT_FIXED,4,2048,1,1,false,false,167100,199500,74752
fork-2,draw_shared_group16_light,ARRAY_FIXED,4,2048,1,1,false,false,179500,215500,91136
fork-2,draw_shared_group16_light,I4I,4,2048,1,1,false,false,274600,647300,430080
fork-2,draw_shared_group16_light,ARRAY_FIXED,5,2048,1,1,false,false,178000,218500,30720
fork-2,draw_shared_group16_light,I4I,5,2048,1,1,false,false,271900,312300,122880
fork-2,draw_shared_group16_light,CONSTANT_FIXED,5,2048,1,1,false,false,164800,204700,30720
fork-2,draw_shared_group16_light,I2I,5,2048,1,1,false,false,293500,334800,128000
fork-2,draw_shared_group16_light,IPOINTER_CACHED,5,2048,1,1,false,false,171300,202000,30720
fork-2,draw_shared_group16_light,I2I_CACHED,5,2048,1,1,false,false,171800,344900,187392
fork-2,draw_shared_group16_light,IPOINTER_EVERY,5,2048,1,1,false,false,245200,520100,167936
fork-2,draw_shared_group16_light,IPOINTER_BIND_RESTORE,5,2048,1,1,false,false,319500,370300,268288
fork-2,draw_shared_group16_light,I4I,6,2048,1,1,false,false,263100,302700,107520
fork-2,draw_shared_group16_light,I2I,6,2048,1,1,false,false,282000,320600,104448
fork-2,draw_shared_group16_light,IPOINTER_BIND_RESTORE,6,2048,1,1,false,false,358900,411900,322560
fork-2,draw_shared_group16_light,I2I_CACHED,6,2048,1,1,false,false,172400,208500,30720
fork-2,draw_shared_group16_light,CONSTANT_FIXED,6,2048,1,1,false,false,159500,184600,27648
fork-2,draw_shared_group16_light,IPOINTER_EVERY,6,2048,1,1,false,false,217700,255600,153600
fork-2,draw_shared_group16_light,IPOINTER_CACHED,6,2048,1,1,false,false,231400,271300,139264
fork-2,draw_shared_group16_light,ARRAY_FIXED,6,2048,1,1,false,false,178300,216100,106496
fork-2,draw_shared_group16_light,IPOINTER_EVERY,7,2048,1,1,false,false,236700,439000,158720
fork-2,draw_shared_group16_light,I2I_CACHED,7,2048,1,1,false,false,202600,363100,24576
fork-2,draw_shared_group16_light,CONSTANT_FIXED,7,2048,1,1,false,false,176700,209500,69632
fork-2,draw_shared_group16_light,I2I,7,2048,1,1,false,false,310800,594800,45056
fork-2,draw_shared_group16_light,IPOINTER_BIND_RESTORE,7,2048,1,1,false,false,336600,373400,194560
fork-2,draw_shared_group16_light,IPOINTER_CACHED,7,2048,1,1,false,false,176600,206600,64512
fork-2,draw_shared_group16_light,ARRAY_FIXED,7,2048,1,1,false,false,194200,227300,88064
fork-2,draw_shared_group16_light,I4I,7,2048,1,1,false,false,277500,327800,196608
fork-2,draw_shared_group16_light,CONSTANT_FIXED,8,2048,1,1,false,false,197300,236800,29696
fork-2,draw_shared_group16_light,IPOINTER_EVERY,8,2048,1,1,false,false,268800,309400,183296
fork-2,draw_shared_group16_light,IPOINTER_BIND_RESTORE,8,2048,1,1,false,false,347700,389700,248832
fork-2,draw_shared_group16_light,ARRAY_FIXED,8,2048,1,1,false,false,190300,594500,480256
fork-2,draw_shared_group16_light,I4I,8,2048,1,1,false,false,284600,324200,115712
fork-2,draw_shared_group16_light,IPOINTER_CACHED,8,2048,1,1,false,false,173300,205600,30720
fork-2,draw_shared_group16_light,I2I_CACHED,8,2048,1,1,false,false,189900,228300,52224
fork-2,draw_shared_group16_light,I2I,8,2048,1,1,false,false,306000,356200,168960
fork-2,draw_shared_group16_light,I4I,9,2048,1,1,false,false,296300,335500,118784
fork-2,draw_shared_group16_light,IPOINTER_BIND_RESTORE,9,2048,1,1,false,false,421700,573800,86016
fork-2,draw_shared_group16_light,I2I_CACHED,9,2048,1,1,false,false,183400,213800,59392
fork-2,draw_shared_group16_light,IPOINTER_CACHED,9,2048,1,1,false,false,227900,274100,104448
fork-2,draw_shared_group16_light,ARRAY_FIXED,9,2048,1,1,false,false,181400,218000,97280
fork-2,draw_shared_group16_light,CONSTANT_FIXED,9,2048,1,1,false,false,215300,548500,420864
fork-2,draw_shared_group16_light,I2I,9,2048,1,1,false,false,299100,714900,46080
fork-2,draw_shared_group16_light,IPOINTER_EVERY,9,2048,1,1,false,false,455400,567600,86016
fork-2,draw_shared_group16_light,IPOINTER_CACHED,10,2048,1,1,false,false,212800,245900,80896
fork-2,draw_shared_group16_light,CONSTANT_FIXED,10,2048,1,1,false,false,199900,233500,90112
fork-2,draw_shared_group16_light,I2I_CACHED,10,2048,1,1,false,false,205000,240900,107520
fork-2,draw_shared_group16_light,IPOINTER_BIND_RESTORE,10,2048,1,1,false,false,369000,423800,312320
fork-2,draw_shared_group16_light,IPOINTER_EVERY,10,2048,1,1,false,false,361000,403100,164864
fork-2,draw_shared_group16_light,ARRAY_FIXED,10,2048,1,1,false,false,181600,210200,52224
fork-2,draw_shared_group16_light,I4I,10,2048,1,1,false,false,286100,333600,176128
fork-2,draw_shared_group16_light,I2I,10,2048,1,1,false,false,273100,312700,111616
fork-2,draw_shared_group16_light,I2I,11,2048,1,1,false,false,278900,317500,113664
fork-2,draw_shared_group16_light,IPOINTER_BIND_RESTORE,11,2048,1,1,false,false,332100,504100,290816
fork-2,draw_shared_group16_light,IPOINTER_EVERY,11,2048,1,1,false,false,242400,288800,162816
fork-2,draw_shared_group16_light,I4I,11,2048,1,1,false,false,284500,332500,162816
fork-2,draw_shared_group16_light,CONSTANT_FIXED,11,2048,1,1,false,false,167100,206700,30720
fork-2,draw_shared_group16_light,ARRAY_FIXED,11,2048,1,1,false,false,168500,197800,28672
fork-2,draw_shared_group16_light,I2I_CACHED,11,2048,1,1,false,false,190000,217000,45056
fork-2,draw_shared_group16_light,IPOINTER_CACHED,11,2048,1,1,false,false,180600,383400,238592
fork-2,draw_shared_group16_light,I4I,12,2048,1,1,false,false,390300,570300,257024
fork-2,draw_shared_group16_light,IPOINTER_CACHED,12,2048,1,1,false,false,184300,209800,30720
fork-2,draw_shared_group16_light,IPOINTER_BIND_RESTORE,12,2048,1,1,false,false,315900,348700,205824
fork-2,draw_shared_group16_light,ARRAY_FIXED,12,2048,1,1,false,false,168900,201500,76800
fork-2,draw_shared_group16_light,IPOINTER_EVERY,12,2048,1,1,false,false,227500,274700,195584
fork-2,draw_shared_group16_light,CONSTANT_FIXED,12,2048,1,1,false,false,169000,207800,28672
fork-2,draw_shared_group16_light,I2I,12,2048,1,1,false,false,322800,363600,122880
fork-2,draw_shared_group16_light,I2I_CACHED,12,2048,1,1,false,false,173100,208000,29696
fork-2,draw_shared_group16_light,I2I,13,2048,1,1,false,false,272800,314600,129024
fork-2,draw_shared_group16_light,I4I,13,2048,1,1,false,false,273400,312600,111616
fork-2,draw_shared_group16_light,CONSTANT_FIXED,13,2048,1,1,false,false,167700,210800,29696
fork-2,draw_shared_group16_light,IPOINTER_BIND_RESTORE,13,2048,1,1,false,false,317300,349500,195584
fork-2,draw_shared_group16_light,ARRAY_FIXED,13,2048,1,1,false,false,169100,204300,66560
fork-2,draw_shared_group16_light,IPOINTER_CACHED,13,2048,1,1,false,false,180300,215600,84992
fork-2,draw_shared_group16_light,IPOINTER_EVERY,13,2048,1,1,false,false,233500,282300,199680
fork-2,draw_shared_group16_light,I2I_CACHED,13,2048,1,1,false,false,174000,205600,26624
fork-2,draw_shared_group16_light,I4I,14,2048,1,1,false,false,273700,315600,130048
fork-2,draw_shared_group16_light,IPOINTER_CACHED,14,2048,1,1,false,false,172900,202700,30720
fork-2,draw_shared_group16_light,ARRAY_FIXED,14,2048,1,1,false,false,169000,196700,36864
fork-2,draw_shared_group16_light,I2I,14,2048,1,1,false,false,285500,330900,156672
fork-2,draw_shared_group16_light,I2I_CACHED,14,2048,1,1,false,false,183500,219600,29696
fork-2,draw_shared_group16_light,IPOINTER_EVERY,14,2048,1,1,false,false,227800,267200,156672
fork-2,draw_shared_group16_light,IPOINTER_BIND_RESTORE,14,2048,1,1,false,false,408400,483000,352256
fork-2,draw_shared_group16_light,CONSTANT_FIXED,14,2048,1,1,false,false,173500,214600,30720
fork-2,draw_shared_group16_light,I2I_CACHED,15,2048,1,1,false,false,178000,204400,27648
fork-2,draw_shared_group16_light,IPOINTER_CACHED,15,2048,1,1,false,false,191700,220700,51200
fork-2,draw_shared_group16_light,IPOINTER_EVERY,15,2048,1,1,false,false,271900,623200,520192
fork-2,draw_shared_group16_light,ARRAY_FIXED,15,2048,1,1,false,false,184400,755200,22528
fork-2,draw_shared_group16_light,I2I,15,2048,1,1,false,false,295400,586200,119808
fork-2,draw_shared_group16_light,CONSTANT_FIXED,15,2048,1,1,false,false,175500,219000,30720
fork-2,draw_shared_group16_light,IPOINTER_BIND_RESTORE,15,2048,1,1,false,false,322300,908600,746496
fork-2,draw_shared_group16_light,I4I,15,2048,1,1,false,false,303000,350800,169984
fork-2,draw_shared_group16_light,IPOINTER_BIND_RESTORE,16,2048,1,1,false,false,385000,431800,234496
fork-2,draw_shared_group16_light,I4I,16,2048,1,1,false,false,283500,329700,162816
fork-2,draw_shared_group16_light,ARRAY_FIXED,16,2048,1,1,false,false,176900,215800,29696
fork-2,draw_shared_group16_light,CONSTANT_FIXED,16,2048,1,1,false,false,173400,202700,27648
fork-2,draw_shared_group16_light,I2I_CACHED,16,2048,1,1,false,false,178600,205500,40960
fork-2,draw_shared_group16_light,I2I,16,2048,1,1,false,false,282200,327600,154624
fork-2,draw_shared_group16_light,IPOINTER_EVERY,16,2048,1,1,false,false,244700,289800,161792
fork-2,draw_shared_group16_light,IPOINTER_CACHED,16,2048,1,1,false,false,178500,223200,80896
fork-2,draw_shared_group16_light,I2I,17,2048,1,1,false,false,282000,330700,186368
fork-2,draw_shared_group16_light,CONSTANT_FIXED,17,2048,1,1,false,false,172200,211800,29696
fork-2,draw_shared_group16_light,ARRAY_FIXED,17,2048,1,1,false,false,359800,389200,33792
fork-2,draw_shared_group16_light,IPOINTER_CACHED,17,2048,1,1,false,false,200000,229000,48128
fork-2,draw_shared_group16_light,I2I_CACHED,17,2048,1,1,false,false,183400,215700,66560
fork-2,draw_shared_group16_light,IPOINTER_BIND_RESTORE,17,2048,1,1,false,false,337100,385600,263168
fork-2,draw_shared_group16_light,IPOINTER_EVERY,17,2048,1,1,false,false,268300,312300,183296
fork-2,draw_shared_group16_light,I4I,17,2048,1,1,false,false,302400,364400,46080
fork-2,draw_shared_group16_light,I2I_CACHED,18,2048,1,1,false,false,183300,216400,27648
fork-2,draw_shared_group16_light,IPOINTER_BIND_RESTORE,18,2048,1,1,false,false,341400,369800,215040
fork-2,draw_shared_group16_light,I2I,18,2048,1,1,false,false,288800,700300,494592
fork-2,draw_shared_group16_light,IPOINTER_EVERY,18,2048,1,1,false,false,244800,289100,158720
fork-2,draw_shared_group16_light,CONSTANT_FIXED,18,2048,1,1,false,false,177200,563200,412672
fork-2,draw_shared_group16_light,ARRAY_FIXED,18,2048,1,1,false,false,181900,215500,68608
fork-2,draw_shared_group16_light,IPOINTER_CACHED,18,2048,1,1,false,false,184000,220000,87040
fork-2,draw_shared_group16_light,I4I,18,2048,1,1,false,false,299300,355000,221184
fork-2,draw_shared_group16_light,CONSTANT_FIXED,19,2048,1,1,false,false,180700,220500,30720
fork-2,draw_shared_group16_light,IPOINTER_BIND_RESTORE,19,2048,1,1,false,false,342100,561600,210944
fork-2,draw_shared_group16_light,IPOINTER_CACHED,19,2048,1,1,false,false,200700,240300,82944
fork-2,draw_shared_group16_light,I2I_CACHED,19,2048,1,1,false,false,181400,218100,96256
fork-2,draw_shared_group16_light,IPOINTER_EVERY,19,2048,1,1,false,false,247000,298300,223232
fork-2,draw_shared_group16_light,I4I,19,2048,1,1,false,false,319100,365200,128000
fork-2,draw_shared_group16_light,ARRAY_FIXED,19,2048,1,1,false,false,190600,230700,30720
fork-2,draw_shared_group16_light,I2I,19,2048,1,1,false,false,291700,332600,124928
fork-2,draw_shared_group16_light,CONSTANT_FIXED,20,2048,1,1,false,false,174800,214500,29696
fork-2,draw_shared_group16_light,ARRAY_FIXED,20,2048,1,1,false,false,174000,203500,27648
fork-2,draw_shared_group16_light,IPOINTER_BIND_RESTORE,20,2048,1,1,false,false,325200,358600,210944
fork-2,draw_shared_group16_light,I2I_CACHED,20,2048,1,1,false,false,179400,213800,82944
fork-2,draw_shared_group16_light,I4I,20,2048,1,1,false,false,283500,574700,441344
fork-2,draw_shared_group16_light,IPOINTER_CACHED,20,2048,1,1,false,false,192800,221700,30720
fork-2,draw_shared_group16_light,I2I,20,2048,1,1,false,false,283000,326700,146432
fork-2,draw_shared_group16_light,IPOINTER_EVERY,20,2048,1,1,false,false,234300,278400,154624
fork-2,draw_shared_group16_light,IPOINTER_EVERY,21,2048,1,1,false,false,264600,303000,183296
fork-2,draw_shared_group16_light,IPOINTER_CACHED,21,2048,1,1,false,false,240300,301000,179200
fork-2,draw_shared_group16_light,IPOINTER_BIND_RESTORE,21,2048,1,1,false,false,340900,377900,203776
fork-2,draw_shared_group16_light,I4I,21,2048,1,1,false,false,286700,333600,165888
fork-2,draw_shared_group16_light,I2I,21,2048,1,1,false,false,311100,351000,117760
fork-2,draw_shared_group16_light,CONSTANT_FIXED,21,2048,1,1,false,false,177400,219500,29696
fork-2,draw_shared_group16_light,ARRAY_FIXED,21,2048,1,1,false,false,174300,205500,28672
fork-2,draw_shared_group16_light,I2I_CACHED,21,2048,1,1,false,false,182300,209600,39936
fork-2,draw_shared_group16_light,IPOINTER_CACHED,22,2048,1,1,false,false,177600,206500,59392
fork-2,draw_shared_group16_light,I2I_CACHED,22,2048,1,1,false,false,178700,212700,79872
fork-2,draw_shared_group16_light,CONSTANT_FIXED,22,2048,1,1,false,false,172100,207100,89088
fork-2,draw_shared_group16_light,I2I,22,2048,1,1,false,false,288900,341300,220160
fork-2,draw_shared_group16_light,IPOINTER_EVERY,22,2048,1,1,false,false,244600,288500,161792
fork-2,draw_shared_group16_light,I4I,22,2048,1,1,false,false,281900,327500,160768
fork-2,draw_shared_group16_light,ARRAY_FIXED,22,2048,1,1,false,false,184800,223600,28672
fork-2,draw_shared_group16_light,IPOINTER_BIND_RESTORE,22,2048,1,1,false,false,376500,403900,221184
fork-2,draw_shared_group16_light,ARRAY_FIXED,23,2048,1,1,false,false,174200,205700,64512
fork-2,draw_shared_group16_light,IPOINTER_EVERY,23,2048,1,1,false,false,236000,279600,190464
fork-2,draw_shared_group16_light,I2I_CACHED,23,2048,1,1,false,false,178400,213700,29696
fork-2,draw_shared_group16_light,CONSTANT_FIXED,23,2048,1,1,false,false,173500,196500,27648
fork-2,draw_shared_group16_light,IPOINTER_CACHED,23,2048,1,1,false,false,176900,205800,51200
fork-2,draw_shared_group16_light,I2I,23,2048,1,1,false,false,282400,329800,172032
fork-2,draw_shared_group16_light,IPOINTER_BIND_RESTORE,23,2048,1,1,false,false,321700,357700,195584
fork-2,draw_shared_group16_light,I4I,23,2048,1,1,false,false,395900,457600,289792
fork-2,draw_shared_group16_light,I2I,24,2048,1,1,false,false,291000,329400,116736
fork-2,draw_shared_group16_light,CONSTANT_FIXED,24,2048,1,1,false,false,185700,229200,30720
fork-2,draw_shared_group16_light,IPOINTER_BIND_RESTORE,24,2048,1,1,false,false,427300,463900,242688
fork-2,draw_shared_group16_light,IPOINTER_CACHED,24,2048,1,1,false,false,224500,259000,107520
fork-2,draw_shared_group16_light,I4I,24,2048,1,1,false,false,307000,356200,207872
fork-2,draw_shared_group16_light,I2I_CACHED,24,2048,1,1,false,false,209100,258200,29696
fork-2,draw_shared_group16_light,ARRAY_FIXED,24,2048,1,1,false,false,199100,236600,27648
fork-2,draw_shared_group16_light,IPOINTER_EVERY,24,2048,1,1,false,false,266400,323900,175104
fork-2,draw_shared_group16_light,ARRAY_FIXED,25,2048,1,1,false,false,201000,233800,95232
fork-2,draw_shared_group16_light,IPOINTER_CACHED,25,2048,1,1,false,false,204900,241500,115712
fork-2,draw_shared_group16_light,IPOINTER_BIND_RESTORE,25,2048,1,1,false,false,362700,411100,216064
fork-2,draw_shared_group16_light,I2I,25,2048,1,1,false,false,305300,350800,172032
fork-2,draw_shared_group16_light,IPOINTER_EVERY,25,2048,1,1,false,false,270000,326000,174080
fork-2,draw_shared_group16_light,I4I,25,2048,1,1,false,false,302600,352100,166912
fork-2,draw_shared_group16_light,CONSTANT_FIXED,25,2048,1,1,false,false,166900,207400,30720
fork-2,draw_shared_group16_light,I2I_CACHED,25,2048,1,1,false,false,173300,197800,27648
fork-2,draw_shared_group16_light,ARRAY_FIXED,26,2048,1,1,false,false,170000,197000,37888
fork-2,draw_shared_group16_light,I2I,26,2048,1,1,false,false,273200,317900,153600
fork-2,draw_shared_group16_light,I2I_CACHED,26,2048,1,1,false,false,174800,208900,30720
fork-2,draw_shared_group16_light,CONSTANT_FIXED,26,2048,1,1,false,false,172400,197600,27648
fork-2,draw_shared_group16_light,IPOINTER_CACHED,26,2048,1,1,false,false,172700,200400,51200
fork-2,draw_shared_group16_light,I4I,26,2048,1,1,false,false,279000,326300,169984
fork-2,draw_shared_group16_light,IPOINTER_EVERY,26,2048,1,1,false,false,227000,271900,151552
fork-2,draw_shared_group16_light,IPOINTER_BIND_RESTORE,26,2048,1,1,false,false,314700,354600,223232
fork-2,draw_shared_group16_light,CONSTANT_FIXED,27,2048,1,1,false,false,168500,204000,93184
fork-2,draw_shared_group16_light,I4I,27,2048,1,1,false,false,273700,326800,212992
fork-2,draw_shared_group16_light,IPOINTER_CACHED,27,2048,1,1,false,false,173000,202700,30720
fork-2,draw_shared_group16_light,I2I_CACHED,27,2048,1,1,false,false,269900,323600,135168
fork-2,draw_shared_group16_light,ARRAY_FIXED,27,2048,1,1,false,false,183900,212800,54272
fork-2,draw_shared_group16_light,IPOINTER_BIND_RESTORE,27,2048,1,1,false,false,321000,362500,239616
fork-2,draw_shared_group16_light,I2I,27,2048,1,1,false,false,279300,332600,216064
fork-2,draw_shared_group16_light,IPOINTER_EVERY,27,2048,1,1,false,false,233000,277800,155648
fork-2,draw_shared_group16_light,I2I_CACHED,28,2048,1,1,false,false,177900,209500,61440
fork-2,draw_shared_group16_light,IPOINTER_CACHED,28,2048,1,1,false,false,176300,210700,81920
fork-2,draw_shared_group16_light,IPOINTER_EVERY,28,2048,1,1,false,false,232400,280700,202752
fork-2,draw_shared_group16_light,I4I,28,2048,1,1,false,false,280100,554000,347136
fork-2,draw_shared_group16_light,I2I,28,2048,1,1,false,false,280200,321700,108544
fork-2,draw_shared_group16_light,ARRAY_FIXED,28,2048,1,1,false,false,176200,212800,106496
fork-2,draw_shared_group16_light,IPOINTER_BIND_RESTORE,28,2048,1,1,false,false,393500,442600,237568
fork-2,draw_shared_group16_light,CONSTANT_FIXED,28,2048,1,1,false,false,210300,241200,72704
fork-2,draw_shared_group16_light,CONSTANT_FIXED,29,2048,1,1,false,false,207200,242200,79872
fork-2,draw_shared_group16_light,I2I_CACHED,29,2048,1,1,false,false,305600,369500,22528
fork-2,draw_shared_group16_light,IPOINTER_BIND_RESTORE,29,2048,1,1,false,false,341500,649600,538624
fork-2,draw_shared_group16_light,I4I,29,2048,1,1,false,false,296400,393900,46080
fork-2,draw_shared_group16_light,IPOINTER_EVERY,29,2048,1,1,false,false,235900,281800,155648
fork-2,draw_shared_group16_light,I2I,29,2048,1,1,false,false,278200,322900,158720
fork-2,draw_shared_group16_light,ARRAY_FIXED,29,2048,1,1,false,false,179300,213400,29696
fork-2,draw_shared_group16_light,IPOINTER_CACHED,29,2048,1,1,false,false,177400,203900,35840
fork-2,draw_shared_group16_light,ARRAY_FIXED,30,2048,1,1,false,false,195500,240300,80896
fork-2,draw_shared_group16_light,I2I,30,2048,1,1,false,false,325300,385300,220160
fork-2,draw_shared_group16_light,IPOINTER_BIND_RESTORE,30,2048,1,1,false,false,394000,703200,482304
fork-2,draw_shared_group16_light,CONSTANT_FIXED,30,2048,1,1,false,false,226500,257000,69632
fork-2,draw_shared_group16_light,IPOINTER_EVERY,30,2048,1,1,false,false,260300,296400,188416
fork-2,draw_shared_group16_light,I2I_CACHED,30,2048,1,1,false,false,204500,242500,125952
fork-2,draw_shared_group16_light,IPOINTER_CACHED,30,2048,1,1,false,false,193500,235100,30720
fork-2,draw_shared_group16_light,I4I,30,2048,1,1,false,false,303600,346800,153600
fork-2,draw_item64_light,IPOINTER_BIND_RESTORE,0,2048,1,1,true,true,550100,583000,482304
fork-2,draw_item64_light,ARRAY_FIXED,0,2048,1,1,true,true,405800,475300,373760
fork-2,draw_item64_light,IPOINTER_CACHED,0,2048,1,1,true,true,447000,644800,506880
fork-2,draw_item64_light,IPOINTER_EVERY,0,2048,1,1,true,true,447100,495800,360448
fork-2,draw_item64_light,I4I,0,2048,1,1,true,true,515200,551300,388096
fork-2,draw_item64_light,I2I,0,2048,1,1,true,true,512300,565900,461824
fork-2,draw_item64_light,CONSTANT_FIXED,0,2048,1,1,true,true,389700,438200,288768
fork-2,draw_item64_light,I2I_CACHED,0,2048,1,1,true,true,491300,526400,366592
fork-2,draw_item64_light,IPOINTER_EVERY,1,2048,1,1,true,true,457400,494600,409600
fork-2,draw_item64_light,ARRAY_FIXED,1,2048,1,1,true,true,392700,448700,347136
fork-2,draw_item64_light,I2I_CACHED,1,2048,1,1,true,true,490100,525700,367616
fork-2,draw_item64_light,I4I,1,2048,1,1,true,true,499200,550000,451584
fork-2,draw_item64_light,I2I,1,2048,1,1,true,true,540400,578600,404480
fork-2,draw_item64_light,IPOINTER_BIND_RESTORE,1,2048,1,1,true,true,548600,582200,482304
fork-2,draw_item64_light,CONSTANT_FIXED,1,2048,1,1,true,true,377400,410900,288768
fork-2,draw_item64_light,IPOINTER_CACHED,1,2048,1,1,true,true,449900,733800,389120
fork-2,draw_item64_light,I4I,2,2048,1,1,true,true,514500,554700,385024
fork-2,draw_item64_light,IPOINTER_EVERY,2,2048,1,1,true,true,457400,715800,627712
fork-2,draw_item64_light,I2I,2,2048,1,1,true,true,544500,703600,442368
fork-2,draw_item64_light,CONSTANT_FIXED,2,2048,1,1,true,true,419600,469800,325632
fork-2,draw_item64_light,IPOINTER_CACHED,2,2048,1,1,true,true,473400,522100,362496
fork-2,draw_item64_light,I2I_CACHED,2,2048,1,1,true,true,469100,505000,350208
fork-2,draw_item64_light,IPOINTER_BIND_RESTORE,2,2048,1,1,true,true,554900,779100,680960
fork-2,draw_item64_light,ARRAY_FIXED,2,2048,1,1,true,true,394600,551500,347136
fork-2,draw_item64_light,I2I,3,2048,1,1,true,true,533700,572600,397312
fork-2,draw_item64_light,CONSTANT_FIXED,3,2048,1,1,true,true,384500,418900,326656
fork-2,draw_item64_light,I4I,3,2048,1,1,true,true,518700,571100,471040
fork-2,draw_item64_light,IPOINTER_EVERY,3,2048,1,1,true,true,447900,497900,354304
fork-2,draw_item64_light,I2I_CACHED,3,2048,1,1,true,true,499400,646400,370688
fork-2,draw_item64_light,IPOINTER_CACHED,3,2048,1,1,true,true,468400,507100,418816
fork-2,draw_item64_light,IPOINTER_BIND_RESTORE,3,2048,1,1,true,true,528600,587700,456704
fork-2,draw_item64_light,ARRAY_FIXED,3,2048,1,1,true,true,398200,447300,322560
fork-2,draw_item64_light,IPOINTER_BIND_RESTORE,4,2048,1,1,true,true,544100,744500,576512
fork-2,draw_item64_light,CONSTANT_FIXED,4,2048,1,1,true,true,378700,428400,282624
fork-2,draw_item64_light,I4I,4,2048,1,1,true,true,496800,532400,367616
fork-2,draw_item64_light,ARRAY_FIXED,4,2048,1,1,true,true,392200,432100,357376
fork-2,draw_item64_light,IPOINTER_CACHED,4,2048,1,1,true,true,510200,571500,449536
fork-2,draw_item64_light,I2I,4,2048,1,1,true,true,548700,896000,719872
fork-2,draw_item64_light,IPOINTER_EVERY,4,2048,1,1,true,true,463600,673100,585728
fork-2,draw_item64_light,I2I_CACHED,4,2048,1,1,true,true,496500,541800,230400
fork-2,draw_item64_light,CONSTANT_FIXED,5,2048,1,1,true,true,370600,622400,277504
fork-2,draw_item64_light,ARRAY_FIXED,5,2048,1,1,true,true,397100,447700,324608
fork-2,draw_item64_light,I4I,5,2048,1,1,true,true,500200,1146800,983040
fork-2,draw_item64_light,IPOINTER_CACHED,5,2048,1,1,true,true,455800,566000,130048
fork-2,draw_item64_light,IPOINTER_BIND_RESTORE,5,2048,1,1,true,true,543000,598800,458752
fork-2,draw_item64_light,I2I_CACHED,5,2048,1,1,true,true,467600,503500,351232
fork-2,draw_item64_light,IPOINTER_EVERY,5,2048,1,1,true,true,515700,726300,592896
fork-2,draw_item64_light,I2I,5,2048,1,1,true,true,632500,1452400,1122304
fork-2,draw_item64_light,IPOINTER_BIND_RESTORE,6,2048,1,1,true,true,534500,583600,420864
fork-2,draw_item64_light,IPOINTER_CACHED,6,2048,1,1,true,true,428100,476700,348160
fork-2,draw_item64_light,ARRAY_FIXED,6,2048,1,1,true,true,399600,704100,317440
fork-2,draw_item64_light,I4I,6,2048,1,1,true,true,487500,524700,365568
fork-2,draw_item64_light,I2I_CACHED,6,2048,1,1,true,true,480000,531500,433152
fork-2,draw_item64_light,I2I,6,2048,1,1,true,true,520900,559100,392192
fork-2,draw_item64_light,IPOINTER_EVERY,6,2048,1,1,true,true,449200,629100,542720
fork-2,draw_item64_light,CONSTANT_FIXED,6,2048,1,1,true,true,435400,600400,317440
fork-2,draw_item64_light,I2I,7,2048,1,1,true,true,511200,554900,415744
fork-2,draw_item64_light,CONSTANT_FIXED,7,2048,1,1,true,true,350000,398900,264192
fork-2,draw_item64_light,I4I,7,2048,1,1,true,true,513000,548900,366592
fork-2,draw_item64_light,IPOINTER_CACHED,7,2048,1,1,true,true,430900,469100,380928
fork-2,draw_item64_light,ARRAY_FIXED,7,2048,1,1,true,true,442300,499700,401408
fork-2,draw_item64_light,IPOINTER_EVERY,7,2048,1,1,true,true,488400,537600,399360
fork-2,draw_item64_light,I2I_CACHED,7,2048,1,1,true,true,519100,557600,398336
fork-2,draw_item64_light,IPOINTER_BIND_RESTORE,7,2048,1,1,true,true,552200,585700,485376
fork-2,draw_item64_light,IPOINTER_EVERY,8,2048,1,1,true,true,486700,546700,430080
fork-2,draw_item64_light,ARRAY_FIXED,8,2048,1,1,true,true,388000,436900,313344
fork-2,draw_item64_light,CONSTANT_FIXED,8,2048,1,1,true,true,368100,417400,271360
fork-2,draw_item64_light,IPOINTER_CACHED,8,2048,1,1,true,true,425100,651100,342016
fork-2,draw_item64_light,IPOINTER_BIND_RESTORE,8,2048,1,1,true,true,640400,692900,512000
fork-2,draw_item64_light,I2I_CACHED,8,2048,1,1,true,true,522000,715900,551936
fork-2,draw_item64_light,I2I,8,2048,1,1,true,true,513100,748200,460800
fork-2,draw_item64_light,I4I,8,2048,1,1,true,true,500200,537900,372736
fork-2,draw_item64_light,IPOINTER_CACHED,9,2048,1,1,true,true,481300,711400,605184
fork-2,draw_item64_light,IPOINTER_BIND_RESTORE,9,2048,1,1,true,true,602500,857100,458752
fork-2,draw_item64_light,I2I_CACHED,9,2048,1,1,true,true,514600,702100,543744
fork-2,draw_item64_light,I2I,9,2048,1,1,true,true,531200,742100,476160
fork-2,draw_item64_light,IPOINTER_EVERY,9,2048,1,1,true,true,447900,496600,358400
fork-2,draw_item64_light,ARRAY_FIXED,9,2048,1,1,true,true,378000,427000,309248
fork-2,draw_item64_light,CONSTANT_FIXED,9,2048,1,1,true,true,367600,415800,274432
fork-2,draw_item64_light,I4I,9,2048,1,1,true,true,556400,777900,618496
fork-2,draw_item64_light,ARRAY_FIXED,10,2048,1,1,true,true,384500,426500,348160
fork-2,draw_item64_light,CONSTANT_FIXED,10,2048,1,1,true,true,382300,411500,297984
fork-2,draw_item64_light,I2I_CACHED,10,2048,1,1,true,true,514500,561400,429056
fork-2,draw_item64_light,IPOINTER_CACHED,10,2048,1,1,true,true,443700,491400,356352
fork-2,draw_item64_light,I4I,10,2048,1,1,true,true,472300,507900,355328
fork-2,draw_item64_light,IPOINTER_BIND_RESTORE,10,2048,1,1,true,true,539300,573700,478208
fork-2,draw_item64_light,IPOINTER_EVERY,10,2048,1,1,true,true,449800,504500,387072
fork-2,draw_item64_light,I2I,10,2048,1,1,true,true,501500,539600,377856
fork-2,draw_item64_light,IPOINTER_CACHED,11,2048,1,1,true,true,564500,626600,470016
fork-2,draw_item64_light,I2I,11,2048,1,1,true,true,646700,876200,503808
fork-2,draw_item64_light,CONSTANT_FIXED,11,2048,1,1,true,true,363000,412800,272384
fork-2,draw_item64_light,IPOINTER_EVERY,11,2048,1,1,true,true,451300,517600,386048
fork-2,draw_item64_light,ARRAY_FIXED,11,2048,1,1,true,true,395500,602500,323584
fork-2,draw_item64_light,I4I,11,2048,1,1,true,true,483000,522200,364544
fork-2,draw_item64_light,I2I_CACHED,11,2048,1,1,true,true,554100,860400,652288
fork-2,draw_item64_light,IPOINTER_BIND_RESTORE,11,2048,1,1,true,true,547300,597300,433152
fork-2,draw_item64_light,CONSTANT_FIXED,12,2048,1,1,true,true,358700,407600,268288
fork-2,draw_item64_light,I2I_CACHED,12,2048,1,1,true,true,546700,585700,430080
fork-2,draw_item64_light,IPOINTER_CACHED,12,2048,1,1,true,true,440500,479200,394240
fork-2,draw_item64_light,IPOINTER_EVERY,12,2048,1,1,true,true,426200,480600,370688
fork-2,draw_item64_light,I2I,12,2048,1,1,true,true,512700,563500,384000
fork-2,draw_item64_light,I4I,12,2048,1,1,true,true,584200,635600,505856
fork-2,draw_item64_light,ARRAY_FIXED,12,2048,1,1,true,true,448300,496300,360448
fork-2,draw_item64_light,IPOINTER_BIND_RESTORE,12,2048,1,1,true,true,609700,658700,480256
fork-2,draw_item64_light,I4I,13,2048,1,1,true,true,547800,584500,410624
fork-2,draw_item64_light,ARRAY_FIXED,13,2048,1,1,true,true,443800,505100,394240
fork-2,draw_item64_light,I2I,13,2048,1,1,true,true,585700,629800,475136
fork-2,draw_item64_light,I2I_CACHED,13,2048,1,1,true,true,644400,1045800,874496
fork-2,draw_item64_light,IPOINTER_EVERY,13,2048,1,1,true,true,460200,498000,411648
fork-2,draw_item64_light,IPOINTER_BIND_RESTORE,13,2048,1,1,true,true,541100,597100,464896
fork-2,draw_item64_light,IPOINTER_CACHED,13,2048,1,1,true,true,446900,495600,361472
fork-2,draw_item64_light,CONSTANT_FIXED,13,2048,1,1,true,true,369400,417700,275456
fork-2,draw_item64_light,IPOINTER_BIND_RESTORE,14,2048,1,1,true,true,545000,593400,434176
fork-2,draw_item64_light,IPOINTER_CACHED,14,2048,1,1,true,true,441000,487800,355328
fork-2,draw_item64_light,I2I_CACHED,14,2048,1,1,true,true,503700,540200,369664
fork-2,draw_item64_light,I4I,14,2048,1,1,true,true,491900,542700,440320
fork-2,draw_item64_light,ARRAY_FIXED,14,2048,1,1,true,true,418000,690000,332800
fork-2,draw_item64_light,CONSTANT_FIXED,14,2048,1,1,true,true,363800,412800,271360
fork-2,draw_item64_light,I2I,14,2048,1,1,true,true,568100,883200,706560
fork-2,draw_item64_light,IPOINTER_EVERY,14,2048,1,1,true,true,532600,1099400,140288
fork-2,draw_item64_light,I4I,15,2048,1,1,true,true,525000,567200,145408
fork-2,draw_item64_light,I2I_CACHED,15,2048,1,1,true,true,654700,745300,360448
fork-2,draw_item64_light,IPOINTER_CACHED,15,2048,1,1,true,true,482100,996400,892928
fork-2,draw_item64_light,I2I,15,2048,1,1,true,true,562300,607000,471040
fork-2,draw_item64_light,IPOINTER_BIND_RESTORE,15,2048,1,1,true,true,547800,595700,422912
fork-2,draw_item64_light,ARRAY_FIXED,15,2048,1,1,true,true,369600,417700,302080
fork-2,draw_item64_light,CONSTANT_FIXED,15,2048,1,1,true,true,361800,570300,272384
fork-2,draw_item64_light,IPOINTER_EVERY,15,2048,1,1,true,true,441000,490800,352256
fork-2,draw_item64_light,I2I,16,2048,1,1,true,true,1804600,1841800,1678336
fork-2,draw_item64_light,IPOINTER_EVERY,16,2048,1,1,true,true,550500,697500,498688
fork-2,draw_item64_light,I4I,16,2048,1,1,true,true,507700,593100,456704
fork-2,draw_item64_light,IPOINTER_CACHED,16,2048,1,1,true,true,498300,570500,433152
fork-2,draw_item64_light,CONSTANT_FIXED,16,2048,1,1,true,true,365400,414600,277504
fork-2,draw_item64_light,I2I_CACHED,16,2048,1,1,true,true,471600,507600,350208
fork-2,draw_item64_light,IPOINTER_BIND_RESTORE,16,2048,1,1,true,true,525700,561600,463872
fork-2,draw_item64_light,ARRAY_FIXED,16,2048,1,1,true,true,376900,448600,330752
fork-2,draw_item64_light,IPOINTER_BIND_RESTORE,17,2048,1,1,true,true,713200,916000,452608
fork-2,draw_item64_light,I4I,17,2048,1,1,true,true,531100,568400,183296
fork-2,draw_item64_light,ARRAY_FIXED,17,2048,1,1,true,true,373800,415600,339968
fork-2,draw_item64_light,IPOINTER_EVERY,17,2048,1,1,true,true,431300,486700,376832
fork-2,draw_item64_light,IPOINTER_CACHED,17,2048,1,1,true,true,426000,478800,348160
fork-2,draw_item64_light,CONSTANT_FIXED,17,2048,1,1,true,true,356300,406300,268288
fork-2,draw_item64_light,I2I,17,2048,1,1,true,true,610800,649500,487424
fork-2,draw_item64_light,I2I_CACHED,17,2048,1,1,true,true,483600,532000,416768
fork-2,draw_item64_light,CONSTANT_FIXED,18,2048,1,1,true,true,415500,468700,330752
fork-2,draw_item64_light,IPOINTER_EVERY,18,2048,1,1,true,true,482200,536100,398336
fork-2,draw_item64_light,I4I,18,2048,1,1,true,true,667200,929500,515072
fork-2,draw_item64_light,I2I,18,2048,1,1,true,true,522300,574600,468992
fork-2,draw_item64_light,I2I_CACHED,18,2048,1,1,true,true,484300,520600,363520
fork-2,draw_item64_light,IPOINTER_BIND_RESTORE,18,2048,1,1,true,true,712200,1052200,612352
fork-2,draw_item64_light,ARRAY_FIXED,18,2048,1,1,true,true,384800,441400,337920
fork-2,draw_item64_light,IPOINTER_CACHED,18,2048,1,1,true,true,503800,584000,450560
fork-2,draw_item64_light,I4I,19,2048,1,1,true,true,490800,526500,365568
fork-2,draw_item64_light,CONSTANT_FIXED,19,2048,1,1,true,true,373100,406600,318464
fork-2,draw_item64_light,ARRAY_FIXED,19,2048,1,1,true,true,387000,429700,351232
fork-2,draw_item64_light,I2I,19,2048,1,1,true,true,525300,571300,430080
fork-2,draw_item64_light,I2I_CACHED,19,2048,1,1,true,true,491500,527800,365568
fork-2,draw_item64_light,IPOINTER_EVERY,19,2048,1,1,true,true,445000,483800,397312
fork-2,draw_item64_light,IPOINTER_CACHED,19,2048,1,1,true,true,438100,493400,380928
fork-2,draw_item64_light,IPOINTER_BIND_RESTORE,19,2048,1,1,true,true,547800,597600,429056
fork-2,draw_item64_light,IPOINTER_BIND_RESTORE,20,2048,1,1,true,true,548400,597800,438272
fork-2,draw_item64_light,CONSTANT_FIXED,20,2048,1,1,true,true,368400,417900,276480
fork-2,draw_item64_light,I2I_CACHED,20,2048,1,1,true,true,518400,554000,389120
fork-2,draw_item64_light,ARRAY_FIXED,20,2048,1,1,true,true,458100,498100,407552
fork-2,draw_item64_light,IPOINTER_EVERY,20,2048,1,1,true,true,436700,493400,375808
fork-2,draw_item64_light,IPOINTER_CACHED,20,2048,1,1,true,true,437700,486700,346112
fork-2,draw_item64_light,I4I,20,2048,1,1,true,true,482800,518000,361472
fork-2,draw_item64_light,I2I,20,2048,1,1,true,true,505300,556600,455680
fork-2,draw_item64_light,I4I,21,2048,1,1,true,true,490300,525900,366592
fork-2,draw_item64_light,IPOINTER_CACHED,21,2048,1,1,true,true,436000,474700,391168
fork-2,draw_item64_light,IPOINTER_BIND_RESTORE,21,2048,1,1,true,true,556300,612100,478208
fork-2,draw_item64_light,I2I_CACHED,21,2048,1,1,true,true,495600,530600,368640
fork-2,draw_item64_light,ARRAY_FIXED,21,2048,1,1,true,true,382900,435100,354304
fork-2,draw_item64_light,IPOINTER_EVERY,21,2048,1,1,true,true,443100,696900,381952
fork-2,draw_item64_light,CONSTANT_FIXED,21,2048,1,1,true,true,372700,421900,272384
fork-2,draw_item64_light,I2I,21,2048,1,1,true,true,505700,541700,376832
fork-2,draw_item64_light,CONSTANT_FIXED,22,2048,1,1,true,true,427700,791300,456704
fork-2,draw_item64_light,IPOINTER_EVERY,22,2048,1,1,true,true,527400,566700,481280
fork-2,draw_item64_light,IPOINTER_BIND_RESTORE,22,2048,1,1,true,true,560000,618100,470016
fork-2,draw_item64_light,I4I,22,2048,1,1,true,true,529800,672200,380928
fork-2,draw_item64_light,IPOINTER_CACHED,22,2048,1,1,true,true,537700,597900,463872
fork-2,draw_item64_light,I2I_CACHED,22,2048,1,1,true,true,561600,605500,461824
fork-2,draw_item64_light,I2I,22,2048,1,1,true,true,760200,800700,619520
fork-2,draw_item64_light,ARRAY_FIXED,22,2048,1,1,true,true,519000,743900,663552
fork-2,draw_item64_light,IPOINTER_BIND_RESTORE,23,2048,1,1,true,true,535800,975300,468992
fork-2,draw_item64_light,IPOINTER_EVERY,23,2048,1,1,true,true,444900,496100,359424
fork-2,draw_item64_light,I2I,23,2048,1,1,true,true,546800,586900,402432
fork-2,draw_item64_light,CONSTANT_FIXED,23,2048,1,1,true,true,375100,408400,322560
fork-2,draw_item64_light,I4I,23,2048,1,1,true,true,554900,610800,508928
fork-2,draw_item64_light,IPOINTER_CACHED,23,2048,1,1,true,true,461100,629100,357376
fork-2,draw_item64_light,ARRAY_FIXED,23,2048,1,1,true,true,381000,429600,310272
fork-2,draw_item64_light,I2I_CACHED,23,2048,1,1,true,true,460400,495700,344064
fork-2,draw_item64_light,IPOINTER_EVERY,24,2048,1,1,true,true,428100,466700,384000
fork-2,draw_item64_light,IPOINTER_CACHED,24,2048,1,1,true,true,421100,661000,552960
fork-2,draw_item64_light,IPOINTER_BIND_RESTORE,24,2048,1,1,true,true,531600,580100,419840
fork-2,draw_item64_light,CONSTANT_FIXED,24,2048,1,1,true,true,443300,507300,367616
fork-2,draw_item64_light,I2I,24,2048,1,1,true,true,536600,700000,517120
fork-2,draw_item64_light,I4I,24,2048,1,1,true,true,525300,580700,471040
fork-2,draw_item64_light,I2I_CACHED,24,2048,1,1,true,true,492800,527700,372736
fork-2,draw_item64_light,ARRAY_FIXED,24,2048,1,1,true,true,403700,439700,358400
fork-2,draw_item64_light,IPOINTER_EVERY,25,2048,1,1,true,true,430300,485900,374784
fork-2,draw_item64_light,IPOINTER_CACHED,25,2048,1,1,true,true,435400,483900,352256
fork-2,draw_item64_light,IPOINTER_BIND_RESTORE,25,2048,1,1,true,true,588600,641100,483328
fork-2,draw_item64_light,I2I,25,2048,1,1,true,true,509500,547400,384000
fork-2,draw_item64_light,I4I,25,2048,1,1,true,true,485400,535400,437248
fork-2,draw_item64_light,ARRAY_FIXED,25,2048,1,1,true,true,378100,426400,312320
fork-2,draw_item64_light,CONSTANT_FIXED,25,2048,1,1,true,true,362500,410900,268288
fork-2,draw_item64_light,I2I_CACHED,25,2048,1,1,true,true,466900,502500,350208
fork-2,draw_item64_light,IPOINTER_CACHED,26,2048,1,1,true,true,423800,462600,379904
fork-2,draw_item64_light,CONSTANT_FIXED,26,2048,1,1,true,true,361300,391600,278528
fork-2,draw_item64_light,I4I,26,2048,1,1,true,true,540300,586500,455680
fork-2,draw_item64_light,IPOINTER_BIND_RESTORE,26,2048,1,1,true,true,541000,589000,428032
fork-2,draw_item64_light,I2I_CACHED,26,2048,1,1,true,true,480400,554000,358400
fork-2,draw_item64_light,ARRAY_FIXED,26,2048,1,1,true,true,409000,443800,360448
fork-2,draw_item64_light,IPOINTER_EVERY,26,2048,1,1,true,true,442900,496700,386048
fork-2,draw_item64_light,I2I,26,2048,1,1,true,true,523800,560900,390144
fork-2,draw_item64_light,I2I,27,2048,1,1,true,true,561000,610900,479232
fork-2,draw_item64_light,I2I_CACHED,27,2048,1,1,true,true,575900,614500,397312
fork-2,draw_item64_light,I4I,27,2048,1,1,true,true,491400,700100,444416
fork-2,draw_item64_light,IPOINTER_EVERY,27,2048,1,1,true,true,482300,531600,355328
fork-2,draw_item64_light,IPOINTER_BIND_RESTORE,27,2048,1,1,true,true,532100,580700,415744
fork-2,draw_item64_light,IPOINTER_CACHED,27,2048,1,1,true,true,513900,718100,130048
fork-2,draw_item64_light,CONSTANT_FIXED,27,2048,1,1,true,true,362100,411200,269312
fork-2,draw_item64_light,ARRAY_FIXED,27,2048,1,1,true,true,375600,792700,128000
fork-2,draw_item64_light,IPOINTER_EVERY,28,2048,1,1,true,true,435800,484600,351232
fork-2,draw_item64_light,IPOINTER_BIND_RESTORE,28,2048,1,1,true,true,586000,692400,536576
fork-2,draw_item64_light,ARRAY_FIXED,28,2048,1,1,true,true,373700,436300,297984
fork-2,draw_item64_light,CONSTANT_FIXED,28,2048,1,1,true,true,385500,436300,280576
fork-2,draw_item64_light,I2I_CACHED,28,2048,1,1,true,true,475500,511300,358400
fork-2,draw_item64_light,I2I,28,2048,1,1,true,true,504200,555700,453632
fork-2,draw_item64_light,I4I,28,2048,1,1,true,true,487900,522800,363520
fork-2,draw_item64_light,IPOINTER_CACHED,28,2048,1,1,true,true,435800,474700,391168
fork-2,draw_item64_light,ARRAY_FIXED,29,2048,1,1,true,true,367100,421800,324608
fork-2,draw_item64_light,IPOINTER_BIND_RESTORE,29,2048,1,1,true,true,520800,569000,413696
fork-2,draw_item64_light,IPOINTER_CACHED,29,2048,1,1,true,true,481900,531500,401408
fork-2,draw_item64_light,I4I,29,2048,1,1,true,true,500400,857700,692224
fork-2,draw_item64_light,I2I,29,2048,1,1,true,true,628200,679400,531456
fork-2,draw_item64_light,IPOINTER_EVERY,29,2048,1,1,true,true,501500,550200,402432
fork-2,draw_item64_light,I2I_CACHED,29,2048,1,1,true,true,533400,570800,385024
fork-2,draw_item64_light,CONSTANT_FIXED,29,2048,1,1,true,true,408700,453300,354304
fork-2,draw_item64_light,I4I,30,2048,1,1,true,true,697100,1008700,891904
fork-2,draw_item64_light,IPOINTER_BIND_RESTORE,30,2048,1,1,true,true,673200,722600,373760
fork-2,draw_item64_light,IPOINTER_EVERY,30,2048,1,1,true,true,511100,559400,414720
fork-2,draw_item64_light,I2I,30,2048,1,1,true,true,558800,596400,422912
fork-2,draw_item64_light,I2I_CACHED,30,2048,1,1,true,true,539100,589100,478208
fork-2,draw_item64_light,IPOINTER_CACHED,30,2048,1,1,true,true,551500,846700,471040
fork-2,draw_item64_light,CONSTANT_FIXED,30,2048,1,1,true,true,442300,697700,516096
fork-2,draw_item64_light,ARRAY_FIXED,30,2048,1,1,true,true,384700,433300,314368
fork-2,draw_item64_both,I2I,0,2048,1,2,true,true,584900,641900,475136
fork-2,draw_item64_both,ARRAY_FIXED,0,2048,1,2,true,true,378000,426700,307200
fork-2,draw_item64_both,IPOINTER_EVERY,0,2048,1,2,true,true,479600,528700,384000
fork-2,draw_item64_both,I4I,0,2048,1,2,true,true,632300,921500,499712
fork-2,draw_item64_both,IPOINTER_BIND_RESTORE,0,2048,1,2,true,true,664100,717100,482304
fork-2,draw_item64_both,I2I_CACHED,0,2048,1,2,true,true,593800,651000,483328
fork-2,draw_item64_both,CONSTANT_FIXED,0,2048,1,2,true,true,383300,533400,281600
fork-2,draw_item64_both,IPOINTER_CACHED,0,2048,1,2,true,true,445600,496300,355328
fork-2,draw_item64_both,CONSTANT_FIXED,1,2048,1,2,true,true,355900,405200,267264
fork-2,draw_item64_both,I2I_CACHED,1,2048,1,2,true,true,617500,674200,507904
fork-2,draw_item64_both,IPOINTER_CACHED,1,2048,1,2,true,true,479800,541300,408576
fork-2,draw_item64_both,ARRAY_FIXED,1,2048,1,2,true,true,454100,737800,362496
fork-2,draw_item64_both,IPOINTER_BIND_RESTORE,1,2048,1,2,true,true,649800,699500,510976
fork-2,draw_item64_both,I4I,1,2048,1,2,true,true,665900,721600,534528
fork-2,draw_item64_both,IPOINTER_EVERY,1,2048,1,2,true,true,520000,568700,409600
fork-2,draw_item64_both,I2I,1,2048,1,2,true,true,848300,909800,735232
fork-2,draw_item64_both,IPOINTER_CACHED,2,2048,1,2,true,true,525700,575400,416768
fork-2,draw_item64_both,I4I,2,2048,1,2,true,true,662800,718600,531456
fork-2,draw_item64_both,CONSTANT_FIXED,2,2048,1,2,true,true,401000,449600,292864
fork-2,draw_item64_both,I2I_CACHED,2,2048,1,2,true,true,716100,793100,609280
fork-2,draw_item64_both,IPOINTER_BIND_RESTORE,2,2048,1,2,true,true,606000,655700,474112
fork-2,draw_item64_both,ARRAY_FIXED,2,2048,1,2,true,true,379600,437100,316416
fork-2,draw_item64_both,IPOINTER_EVERY,2,2048,1,2,true,true,502800,552100,396288
fork-2,draw_item64_both,I2I,2,2048,1,2,true,true,607700,662900,495616
fork-2,draw_item64_both,IPOINTER_EVERY,3,2048,1,2,true,true,484800,533600,390144
fork-2,draw_item64_both,CONSTANT_FIXED,3,2048,1,2,true,true,388700,438000,284672
fork-2,draw_item64_both,I4I,3,2048,1,2,true,true,624800,679700,505856
fork-2,draw_item64_both,I2I,3,2048,1,2,true,true,590500,646100,468992
fork-2,draw_item64_both,IPOINTER_BIND_RESTORE,3,2048,1,2,true,true,628100,677800,506880
fork-2,draw_item64_both,ARRAY_FIXED,3,2048,1,2,true,true,418700,480800,343040
fork-2,draw_item64_both,IPOINTER_CACHED,3,2048,1,2,true,true,474700,541200,129024
fork-2,draw_item64_both,I2I_CACHED,3,2048,1,2,true,true,610500,1129900,763904
fork-2,draw_item64_both,IPOINTER_EVERY,4,2048,1,2,true,true,490600,541000,379904
fork-2,draw_item64_both,ARRAY_FIXED,4,2048,1,2,true,true,367700,427100,302080
fork-2,draw_item64_both,I4I,4,2048,1,2,true,true,619100,867200,492544
fork-2,draw_item64_both,IPOINTER_CACHED,4,2048,1,2,true,true,427600,477600,342016
fork-2,draw_item64_both,I2I,4,2048,1,2,true,true,562600,618700,456704
fork-2,draw_item64_both,CONSTANT_FIXED,4,2048,1,2,true,true,397000,456200,323584
fork-2,draw_item64_both,IPOINTER_BIND_RESTORE,4,2048,1,2,true,true,568600,781500,605184
fork-2,draw_item64_both,I2I_CACHED,4,2048,1,2,true,true,740600,802000,624640
fork-2,draw_item64_both,IPOINTER_BIND_RESTORE,5,2048,1,2,true,true,814400,891200,650240
fork-2,draw_item64_both,I2I,5,2048,1,2,true,true,781900,844800,490496
fork-2,draw_item64_both,I4I,5,2048,1,2,true,true,623700,680000,507904
fork-2,draw_item64_both,I2I_CACHED,5,2048,1,2,true,true,572700,628400,464896
fork-2,draw_item64_both,IPOINTER_CACHED,5,2048,1,2,true,true,411700,467800,337920
fork-2,draw_item64_both,IPOINTER_EVERY,5,2048,1,2,true,true,646200,697600,514048
fork-2,draw_item64_both,CONSTANT_FIXED,5,2048,1,2,true,true,397600,446600,289792
fork-2,draw_item64_both,ARRAY_FIXED,5,2048,1,2,true,true,440400,489700,354304
fork-2,draw_item64_both,IPOINTER_CACHED,6,2048,1,2,true,true,502900,551700,402432
fork-2,draw_item64_both,CONSTANT_FIXED,6,2048,1,2,true,true,394100,443800,293888
fork-2,draw_item64_both,I2I,6,2048,1,2,true,true,637000,692800,519168
fork-2,draw_item64_both,IPOINTER_BIND_RESTORE,6,2048,1,2,true,true,775100,842100,650240
fork-2,draw_item64_both,I4I,6,2048,1,2,true,true,641800,817100,530432
fork-2,draw_item64_both,IPOINTER_EVERY,6,2048,1,2,true,true,472000,521600,371712
fork-2,draw_item64_both,I2I_CACHED,6,2048,1,2,true,true,619500,677000,518144
fork-2,draw_item64_both,ARRAY_FIXED,6,2048,1,2,true,true,487200,701500,381952
fork-2,draw_item64_both,CONSTANT_FIXED,7,2048,1,2,true,true,360700,409800,267264
fork-2,draw_item64_both,I2I_CACHED,7,2048,1,2,true,true,681700,740000,520192
fork-2,draw_item64_both,IPOINTER_EVERY,7,2048,1,2,true,true,476500,526200,381952
fork-2,draw_item64_both,I2I,7,2048,1,2,true,true,584200,873000,701440
fork-2,draw_item64_both,ARRAY_FIXED,7,2048,1,2,true,true,364000,413600,299008
fork-2,draw_item64_both,IPOINTER_CACHED,7,2048,1,2,true,true,442800,494900,349184
fork-2,draw_item64_both,IPOINTER_BIND_RESTORE,7,2048,1,2,true,true,563400,1209300,881664
fork-2,draw_item64_both,I4I,7,2048,1,2,true,true,601200,658800,208896
fork-2,draw_item64_both,ARRAY_FIXED,8,2048,1,2,true,true,436400,487300,303104
fork-2,draw_item64_both,IPOINTER_BIND_RESTORE,8,2048,1,2,true,true,566500,928500,128000
fork-2,draw_item64_both,I2I,8,2048,1,2,true,true,672900,731900,567296
fork-2,draw_item64_both,I2I_CACHED,8,2048,1,2,true,true,573000,629500,462848
fork-2,draw_item64_both,IPOINTER_EVERY,8,2048,1,2,true,true,480200,529700,376832
fork-2,draw_item64_both,IPOINTER_CACHED,8,2048,1,2,true,true,423700,473500,342016
fork-2,draw_item64_both,CONSTANT_FIXED,8,2048,1,2,true,true,352400,401800,265216
fork-2,draw_item64_both,I4I,8,2048,1,2,true,true,600600,656500,483328
fork-2,draw_item64_both,IPOINTER_EVERY,9,2048,1,2,true,true,469100,518800,375808
fork-2,draw_item64_both,I2I,9,2048,1,2,true,true,699800,770000,606208
fork-2,draw_item64_both,IPOINTER_CACHED,9,2048,1,2,true,true,433200,482400,348160
fork-2,draw_item64_both,CONSTANT_FIXED,9,2048,1,2,true,true,432400,487100,131072
fork-2,draw_item64_both,IPOINTER_BIND_RESTORE,9,2048,1,2,true,true,565900,614800,436224
fork-2,draw_item64_both,I4I,9,2048,1,2,true,true,603200,658800,493568
fork-2,draw_item64_both,I2I_CACHED,9,2048,1,2,true,true,607700,663700,497664
fork-2,draw_item64_both,ARRAY_FIXED,9,2048,1,2,true,true,371200,419700,296960
fork-2,draw_item64_both,I2I_CACHED,10,2048,1,2,true,true,683400,997600,459776
fork-2,draw_item64_both,IPOINTER_BIND_RESTORE,10,2048,1,2,true,true,579000,629300,451584
fork-2,draw_item64_both,ARRAY_FIXED,10,2048,1,2,true,true,363600,606800,297984
fork-2,draw_item64_both,I4I,10,2048,1,2,true,true,672600,772700,532480
fork-2,draw_item64_both,I2I,10,2048,1,2,true,true,589100,658300,478208
fork-2,draw_item64_both,IPOINTER_EVERY,10,2048,1,2,true,true,712800,1106700,662528
fork-2,draw_item64_both,CONSTANT_FIXED,10,2048,1,2,true,true,356700,406800,266240
fork-2,draw_item64_both,IPOINTER_CACHED,10,2048,1,2,true,true,413200,462700,332800
fork-2,draw_item64_both,IPOINTER_CACHED,11,2048,1,2,true,true,423400,472500,340992
fork-2,draw_item64_both,I4I,11,2048,1,2,true,true,573600,846700,679936
fork-2,draw_item64_both,I2I_CACHED,11,2048,1,2,true,true,661500,718800,463872
fork-2,draw_item64_both,CONSTANT_FIXED,11,2048,1,2,true,true,396700,445800,313344
fork-2,draw_item64_both,I2I,11,2048,1,2,true,true,592400,648000,480256
fork-2,draw_item64_both,IPOINTER_EVERY,11,2048,1,2,true,true,458600,507300,368640
fork-2,draw_item64_both,ARRAY_FIXED,11,2048,1,2,true,true,356200,404200,289792
fork-2,draw_item64_both,IPOINTER_BIND_RESTORE,11,2048,1,2,true,true,626600,675800,444416
fork-2,draw_item64_both,CONSTANT_FIXED,12,2048,1,2,true,true,345800,394600,260096
fork-2,draw_item64_both,IPOINTER_EVERY,12,2048,1,2,true,true,649900,702200,471040
fork-2,draw_item64_both,I2I_CACHED,12,2048,1,2,true,true,579500,636300,465920
fork-2,draw_item64_both,ARRAY_FIXED,12,2048,1,2,true,true,365500,414500,299008
fork-2,draw_item64_both,IPOINTER_BIND_RESTORE,12,2048,1,2,true,true,575800,624700,451584
fork-2,draw_item64_both,IPOINTER_CACHED,12,2048,1,2,true,true,422600,471700,342016
fork-2,draw_item64_both,I2I,12,2048,1,2,true,true,567100,623500,460800
fork-2,draw_item64_both,I4I,12,2048,1,2,true,true,651600,928600,545792
fork-2,draw_item64_both,ARRAY_FIXED,13,2048,1,2,true,true,367200,417100,300032
fork-2,draw_item64_both,I4I,13,2048,1,2,true,true,604300,660500,489472
fork-2,draw_item64_both,I2I_CACHED,13,2048,1,2,true,true,596300,851500,477184
fork-2,draw_item64_both,IPOINTER_EVERY,13,2048,1,2,true,true,499500,549400,386048
fork-2,draw_item64_both,IPOINTER_CACHED,13,2048,1,2,true,true,424300,473600,339968
fork-2,draw_item64_both,I2I,13,2048,1,2,true,true,666700,726000,561152
fork-2,draw_item64_both,CONSTANT_FIXED,13,2048,1,2,true,true,439900,678900,497664
fork-2,draw_item64_both,IPOINTER_BIND_RESTORE,13,2048,1,2,true,true,573000,623400,451584
fork-2,draw_item64_both,I2I,14,2048,1,2,true,true,579800,635700,471040
fork-2,draw_item64_both,I4I,14,2048,1,2,true,true,608000,669100,485376
fork-2,draw_item64_both,CONSTANT_FIXED,14,2048,1,2,true,true,394100,443400,273408
fork-2,draw_item64_both,ARRAY_FIXED,14,2048,1,2,true,true,494100,657100,419840
fork-2,draw_item64_both,IPOINTER_CACHED,14,2048,1,2,true,true,529800,580100,406528
fork-2,draw_item64_both,I2I_CACHED,14,2048,1,2,true,true,648600,1104300,769024
fork-2,draw_item64_both,IPOINTER_BIND_RESTORE,14,2048,1,2,true,true,575000,625800,453632
fork-2,draw_item64_both,IPOINTER_EVERY,14,2048,1,2,true,true,499800,940400,142336
fork-2,draw_item64_both,I2I_CACHED,15,2048,1,2,true,true,640000,1250700,829440
fork-2,draw_item64_both,IPOINTER_CACHED,15,2048,1,2,true,true,425800,476000,340992
fork-2,draw_item64_both,IPOINTER_BIND_RESTORE,15,2048,1,2,true,true,575800,625700,457728
fork-2,draw_item64_both,IPOINTER_EVERY,15,2048,1,2,true,true,468500,520600,378880
fork-2,draw_item64_both,CONSTANT_FIXED,15,2048,1,2,true,true,361800,534600,391168
fork-2,draw_item64_both,ARRAY_FIXED,15,2048,1,2,true,true,693500,809500,534528
fork-2,draw_item64_both,I4I,15,2048,1,2,true,true,675200,736300,540672
fork-2,draw_item64_both,I2I,15,2048,1,2,true,true,645200,701400,521216
fork-2,draw_item64_both,IPOINTER_CACHED,16,2048,1,2,true,true,438700,488700,344064
fork-2,draw_item64_both,IPOINTER_EVERY,16,2048,1,2,true,true,472000,520600,377856
fork-2,draw_item64_both,IPOINTER_BIND_RESTORE,16,2048,1,2,true,true,680000,749600,575488
fork-2,draw_item64_both,ARRAY_FIXED,16,2048,1,2,true,true,443600,824900,708608
fork-2,draw_item64_both,I4I,16,2048,1,2,true,true,654800,710700,522240
fork-2,draw_item64_both,I2I,16,2048,1,2,true,true,711300,767800,587776
fork-2,draw_item64_both,I2I_CACHED,16,2048,1,2,true,true,654100,709500,519168
fork-2,draw_item64_both,CONSTANT_FIXED,16,2048,1,2,true,true,403500,452000,304128
fork-2,draw_item64_both,IPOINTER_BIND_RESTORE,17,2048,1,2,true,true,741800,944000,620544
fork-2,draw_item64_both,I2I_CACHED,17,2048,1,2,true,true,587700,644400,476160
fork-2,draw_item64_both,IPOINTER_EVERY,17,2048,1,2,true,true,472900,521700,373760
fork-2,draw_item64_both,I4I,17,2048,1,2,true,true,570900,626600,461824
fork-2,draw_item64_both,CONSTANT_FIXED,17,2048,1,2,true,true,341300,390600,259072
fork-2,draw_item64_both,ARRAY_FIXED,17,2048,1,2,true,true,353300,402100,289792
fork-2,draw_item64_both,IPOINTER_CACHED,17,2048,1,2,true,true,432100,527000,357376
fork-2,draw_item64_both,I2I,17,2048,1,2,true,true,626300,684000,470016
fork-2,draw_item64_both,I4I,18,2048,1,2,true,true,595600,651700,477184
fork-2,draw_item64_both,IPOINTER_BIND_RESTORE,18,2048,1,2,true,true,555800,604900,440320
fork-2,draw_item64_both,I2I_CACHED,18,2048,1,2,true,true,568600,624000,461824
fork-2,draw_item64_both,CONSTANT_FIXED,18,2048,1,2,true,true,347000,395100,257024
fork-2,draw_item64_both,IPOINTER_CACHED,18,2048,1,2,true,true,471900,521900,393216
fork-2,draw_item64_both,I2I,18,2048,1,2,true,true,708400,768100,599040
fork-2,draw_item64_both,ARRAY_FIXED,18,2048,1,2,true,true,525100,574100,359424
fork-2,draw_item64_both,IPOINTER_EVERY,18,2048,1,2,true,true,531700,580400,427008
fork-2,draw_item64_both,CONSTANT_FIXED,19,2048,1,2,true,true,395000,443400,289792
fork-2,draw_item64_both,IPOINTER_EVERY,19,2048,1,2,true,true,520000,568900,409600
fork-2,draw_item64_both,I4I,19,2048,1,2,true,true,656700,712600,526336
fork-2,draw_item64_both,I2I_CACHED,19,2048,1,2,true,true,1113800,1624700,1313792
fork-2,draw_item64_both,I2I,19,2048,1,2,true,true,569100,625000,181248
fork-2,draw_item64_both,IPOINTER_BIND_RESTORE,19,2048,1,2,true,true,576900,1235000,1058816
fork-2,draw_item64_both,ARRAY_FIXED,19,2048,1,2,true,true,439100,488600,351232
fork-2,draw_item64_both,IPOINTER_CACHED,19,2048,1,2,true,true,504800,556200,405504
fork-2,draw_item64_both,CONSTANT_FIXED,20,2048,1,2,true,true,390300,438800,288768
fork-2,draw_item64_both,IPOINTER_EVERY,20,2048,1,2,true,true,479900,529700,379904
fork-2,draw_item64_both,I4I,20,2048,1,2,true,true,650700,707600,483328
fork-2,draw_item64_both,IPOINTER_BIND_RESTORE,20,2048,1,2,true,true,679500,740000,569344
fork-2,draw_item64_both,IPOINTER_CACHED,20,2048,1,2,true,true,583500,942300,743424
fork-2,draw_item64_both,I2I_CACHED,20,2048,1,2,true,true,592200,649100,475136
fork-2,draw_item64_both,I2I,20,2048,1,2,true,true,667300,727100,562176
fork-2,draw_item64_both,ARRAY_FIXED,20,2048,1,2,true,true,440200,488500,348160
fork-2,draw_item64_both,IPOINTER_BIND_RESTORE,21,2048,1,2,true,true,662400,1019500,498688
fork-2,draw_item64_both,I4I,21,2048,1,2,true,true,722200,780800,283648
fork-2,draw_item64_both,IPOINTER_EVERY,21,2048,1,2,true,true,553100,602900,442368
fork-2,draw_item64_both,CONSTANT_FIXED,21,2048,1,2,true,true,369000,568500,271360
fork-2,draw_item64_both,I2I,21,2048,1,2,true,true,567400,623500,459776
fork-2,draw_item64_both,ARRAY_FIXED,21,2048,1,2,true,true,365400,414600,300032
fork-2,draw_item64_both,IPOINTER_CACHED,21,2048,1,2,true,true,573500,950000,791552
fork-2,draw_item64_both,I2I_CACHED,21,2048,1,2,true,true,654700,921100,733184
fork-2,draw_item64_both,IPOINTER_BIND_RESTORE,22,2048,1,2,true,true,606300,656100,485376
fork-2,draw_item64_both,IPOINTER_EVERY,22,2048,1,2,true,true,467400,516400,374784
fork-2,draw_item64_both,IPOINTER_CACHED,22,2048,1,2,true,true,428100,476500,346112
fork-2,draw_item64_both,I2I,22,2048,1,2,true,true,687100,747100,581632
fork-2,draw_item64_both,I2I_CACHED,22,2048,1,2,true,true,569400,626400,460800
fork-2,draw_item64_both,CONSTANT_FIXED,22,2048,1,2,true,true,352100,400700,264192
fork-2,draw_item64_both,I4I,22,2048,1,2,true,true,598100,785200,482304
fork-2,draw_item64_both,ARRAY_FIXED,22,2048,1,2,true,true,365400,414600,297984
fork-2,draw_item64_both,I4I,23,2048,1,2,true,true,590700,647700,474112
fork-2,draw_item64_both,IPOINTER_EVERY,23,2048,1,2,true,true,588000,746400,488448
fork-2,draw_item64_both,IPOINTER_CACHED,23,2048,1,2,true,true,477000,529800,394240
fork-2,draw_item64_both,CONSTANT_FIXED,23,2048,1,2,true,true,403800,454000,291840
fork-2,draw_item64_both,I2I,23,2048,1,2,true,true,631800,688600,507904
fork-2,draw_item64_both,IPOINTER_BIND_RESTORE,23,2048,1,2,true,true,625400,828600,655360
fork-2,draw_item64_both,ARRAY_FIXED,23,2048,1,2,true,true,366100,416600,300032
fork-2,draw_item64_both,I2I_CACHED,23,2048,1,2,true,true,653600,714000,537600
fork-2,draw_item64_both,IPOINTER_BIND_RESTORE,24,2048,1,2,true,true,556900,605700,441344
fork-2,draw_item64_both,I2I_CACHED,24,2048,1,2,true,true,565400,621800,461824
fork-2,draw_item64_both,I2I,24,2048,1,2,true,true,567400,622500,459776
fork-2,draw_item64_both,CONSTANT_FIXED,24,2048,1,2,true,true,341000,388900,256000
fork-2,draw_item64_both,ARRAY_FIXED,24,2048,1,2,true,true,352200,517700,289792
fork-2,draw_item64_both,I4I,24,2048,1,2,true,true,606200,710400,498688
fork-2,draw_item64_both,IPOINTER_CACHED,24,2048,1,2,true,true,444100,494400,349184
fork-2,draw_item64_both,IPOINTER_EVERY,24,2048,1,2,true,true,479500,613100,379904
fork-2,draw_item64_both,I2I,25,2048,1,2,true,true,567800,624100,454656
fork-2,draw_item64_both,IPOINTER_BIND_RESTORE,25,2048,1,2,true,true,604500,654500,490496
fork-2,draw_item64_both,IPOINTER_CACHED,25,2048,1,2,true,true,478200,530000,345088
fork-2,draw_item64_both,ARRAY_FIXED,25,2048,1,2,true,true,430400,534500,415744
fork-2,draw_item64_both,I4I,25,2048,1,2,true,true,589300,646500,473088
fork-2,draw_item64_both,IPOINTER_EVERY,25,2048,1,2,true,true,469000,518400,375808
fork-2,draw_item64_both,I2I_CACHED,25,2048,1,2,true,true,571200,627700,463872
fork-2,draw_item64_both,CONSTANT_FIXED,25,2048,1,2,true,true,351700,400800,264192
fork-2,draw_item64_both,CONSTANT_FIXED,26,2048,1,2,true,true,364700,524800,277504
fork-2,draw_item64_both,I4I,26,2048,1,2,true,true,746700,805900,594944
fork-2,draw_item64_both,IPOINTER_EVERY,26,2048,1,2,true,true,661100,1136900,582656
fork-2,draw_item64_both,I2I,26,2048,1,2,true,true,589700,646600,475136
fork-2,draw_item64_both,I2I_CACHED,26,2048,1,2,true,true,581900,638500,468992
fork-2,draw_item64_both,IPOINTER_CACHED,26,2048,1,2,true,true,563200,850700,464896
fork-2,draw_item64_both,ARRAY_FIXED,26,2048,1,2,true,true,367600,418300,301056
fork-2,draw_item64_both,IPOINTER_BIND_RESTORE,26,2048,1,2,true,true,621300,671000,503808
fork-2,draw_item64_both,I4I,27,2048,1,2,true,true,599900,656300,484352
fork-2,draw_item64_both,I2I_CACHED,27,2048,1,2,true,true,666300,738600,549888
fork-2,draw_item64_both,ARRAY_FIXED,27,2048,1,2,true,true,369200,417600,300032
fork-2,draw_item64_both,I2I,27,2048,1,2,true,true,695200,758000,589824
fork-2,draw_item64_both,IPOINTER_CACHED,27,2048,1,2,true,true,752200,923100,788480
fork-2,draw_item64_both,IPOINTER_BIND_RESTORE,27,2048,1,2,true,true,638500,688600,500736
fork-2,draw_item64_both,CONSTANT_FIXED,27,2048,1,2,true,true,504700,555400,388096
fork-2,draw_item64_both,IPOINTER_EVERY,27,2048,1,2,true,true,565400,615900,446464
fork-2,draw_item64_both,IPOINTER_CACHED,28,2048,1,2,true,true,447200,661200,357376
fork-2,draw_item64_both,CONSTANT_FIXED,28,2048,1,2,true,true,380200,431400,274432
fork-2,draw_item64_both,I2I_CACHED,28,2048,1,2,true,true,624500,680400,515072
fork-2,draw_item64_both,I4I,28,2048,1,2,true,true,610200,853400,492544
fork-2,draw_item64_both,IPOINTER_BIND_RESTORE,28,2048,1,2,true,true,602500,655700,480256
fork-2,draw_item64_both,IPOINTER_EVERY,28,2048,1,2,true,true,546600,596800,429056
fork-2,draw_item64_both,I2I,28,2048,1,2,true,true,818800,888500,515072
fork-2,draw_item64_both,ARRAY_FIXED,28,2048,1,2,true,true,600500,711000,562176
fork-2,draw_item64_both,CONSTANT_FIXED,29,2048,1,2,true,true,421700,475500,319488
fork-2,draw_item64_both,I2I_CACHED,29,2048,1,2,true,true,633200,693800,477184
fork-2,draw_item64_both,ARRAY_FIXED,29,2048,1,2,true,true,369300,418100,302080
fork-2,draw_item64_both,I2I,29,2048,1,2,true,true,569400,625300,460800
fork-2,draw_item64_both,IPOINTER_EVERY,29,2048,1,2,true,true,638500,690400,468992
fork-2,draw_item64_both,IPOINTER_CACHED,29,2048,1,2,true,true,494700,544300,395264
fork-2,draw_item64_both,IPOINTER_BIND_RESTORE,29,2048,1,2,true,true,635000,684300,499712
fork-2,draw_item64_both,I4I,29,2048,1,2,true,true,665500,721700,534528
fork-2,draw_item64_both,I2I_CACHED,30,2048,1,2,true,true,593400,651600,471040
fork-2,draw_item64_both,I2I,30,2048,1,2,true,true,598600,767100,578560
fork-2,draw_item64_both,IPOINTER_EVERY,30,2048,1,2,true,true,471500,858700,129024
fork-2,draw_item64_both,IPOINTER_BIND_RESTORE,30,2048,1,2,true,true,757200,808700,610304
fork-2,draw_item64_both,IPOINTER_CACHED,30,2048,1,2,true,true,496400,546200,398336
fork-2,draw_item64_both,CONSTANT_FIXED,30,2048,1,2,true,true,574700,625500,313344
fork-2,draw_item64_both,I4I,30,2048,1,2,true,true,638600,694200,509952
fork-2,draw_item64_both,ARRAY_FIXED,30,2048,1,2,true,true,435000,486200,346112
fork-2,draw_item64_mesh128_light,I2I_CACHED,0,512,128,1,true,true,113900,608600,471040
fork-2,draw_item64_mesh128_light,I2I,0,512,128,1,true,true,127400,621500,471040
fork-2,draw_item64_mesh128_light,CONSTANT_FIXED,0,512,128,1,true,true,107000,603500,470016
fork-2,draw_item64_mesh128_light,IPOINTER_BIND_RESTORE,0,512,128,1,true,true,149900,644900,471040
fork-2,draw_item64_mesh128_light,IPOINTER_EVERY,0,512,128,1,true,true,118200,612500,471040
fork-2,draw_item64_mesh128_light,IPOINTER_CACHED,0,512,128,1,true,true,119800,734700,589824
fork-2,draw_item64_mesh128_light,I4I,0,512,128,1,true,true,144700,1000400,472064
fork-2,draw_item64_mesh128_light,ARRAY_FIXED,0,512,128,1,true,true,200900,695500,472064
fork-2,draw_item64_mesh128_light,IPOINTER_CACHED,1,512,128,1,true,true,122600,618700,473088
fork-2,draw_item64_mesh128_light,I2I_CACHED,1,512,128,1,true,true,162400,656700,471040
fork-2,draw_item64_mesh128_light,I4I,1,512,128,1,true,true,187800,684800,471040
fork-2,draw_item64_mesh128_light,IPOINTER_BIND_RESTORE,1,512,128,1,true,true,131800,810500,471040
fork-2,draw_item64_mesh128_light,I2I,1,512,128,1,true,true,127600,624000,472064
fork-2,draw_item64_mesh128_light,IPOINTER_EVERY,1,512,128,1,true,true,110900,604700,471040
fork-2,draw_item64_mesh128_light,ARRAY_FIXED,1,512,128,1,true,true,89900,583800,471040
fork-2,draw_item64_mesh128_light,CONSTANT_FIXED,1,512,128,1,true,true,89500,584800,471040
fork-2,draw_item64_mesh128_light,I2I,2,512,128,1,true,true,124900,632900,471040
fork-2,draw_item64_mesh128_light,ARRAY_FIXED,2,512,128,1,true,true,94200,590300,472064
fork-2,draw_item64_mesh128_light,I4I,2,512,128,1,true,true,118100,611700,471040
fork-2,draw_item64_mesh128_light,IPOINTER_EVERY,2,512,128,1,true,true,109300,603500,472064
fork-2,draw_item64_mesh128_light,I2I_CACHED,2,512,128,1,true,true,115800,609000,471040
fork-2,draw_item64_mesh128_light,CONSTANT_FIXED,2,512,128,1,true,true,92900,587100,472064
fork-2,draw_item64_mesh128_light,IPOINTER_BIND_RESTORE,2,512,128,1,true,true,129500,628500,472064
fork-2,draw_item64_mesh128_light,IPOINTER_CACHED,2,512,128,1,true,true,109700,603000,471040
fork-2,draw_item64_mesh128_light,IPOINTER_BIND_RESTORE,3,512,128,1,true,true,130200,626000,472064
fork-2,draw_item64_mesh128_light,IPOINTER_CACHED,3,512,128,1,true,true,221100,728200,472064
fork-2,draw_item64_mesh128_light,I2I,3,512,128,1,true,true,122300,616700,471040
fork-2,draw_item64_mesh128_light,I2I_CACHED,3,512,128,1,true,true,107800,600200,471040
fork-2,draw_item64_mesh128_light,I4I,3,512,128,1,true,true,123900,620000,467968
fork-2,draw_item64_mesh128_light,IPOINTER_EVERY,3,512,128,1,true,true,140900,916600,472064
fork-2,draw_item64_mesh128_light,ARRAY_FIXED,3,512,128,1,true,true,96800,594500,472064
fork-2,draw_item64_mesh128_light,CONSTANT_FIXED,3,512,128,1,true,true,104000,604600,473088
fork-2,draw_item64_mesh128_light,ARRAY_FIXED,4,512,128,1,true,true,87500,583000,473088
fork-2,draw_item64_mesh128_light,I4I,4,512,128,1,true,true,115700,609800,470016
fork-2,draw_item64_mesh128_light,CONSTANT_FIXED,4,512,128,1,true,true,92400,585800,468992
fork-2,draw_item64_mesh128_light,IPOINTER_CACHED,4,512,128,1,true,true,133000,1004400,842752
fork-2,draw_item64_mesh128_light,I2I,4,512,128,1,true,true,228600,726400,471040
fork-2,draw_item64_mesh128_light,I2I_CACHED,4,512,128,1,true,true,144500,639000,471040
fork-2,draw_item64_mesh128_light,IPOINTER_BIND_RESTORE,4,512,128,1,true,true,158500,652600,471040
fork-2,draw_item64_mesh128_light,IPOINTER_EVERY,4,512,128,1,true,true,129800,950900,796672
fork-2,draw_item64_mesh128_light,IPOINTER_CACHED,5,512,128,1,true,true,120700,781700,472064
fork-2,draw_item64_mesh128_light,CONSTANT_FIXED,5,512,128,1,true,true,105200,599500,471040
fork-2,draw_item64_mesh128_light,I4I,5,512,128,1,true,true,133100,626600,471040
fork-2,draw_item64_mesh128_light,ARRAY_FIXED,5,512,128,1,true,true,84900,579100,471040
fork-2,draw_item64_mesh128_light,I2I_CACHED,5,512,128,1,true,true,108800,603100,471040
fork-2,draw_item64_mesh128_light,IPOINTER_EVERY,5,512,128,1,true,true,125100,619500,471040
fork-2,draw_item64_mesh128_light,IPOINTER_BIND_RESTORE,5,512,128,1,true,true,127200,621700,471040
fork-2,draw_item64_mesh128_light,I2I,5,512,128,1,true,true,125300,844200,471040
fork-2,draw_item64_mesh128_light,I4I,6,512,128,1,true,true,113100,611000,472064
fork-2,draw_item64_mesh128_light,I2I,6,512,128,1,true,true,134200,627900,471040
fork-2,draw_item64_mesh128_light,IPOINTER_BIND_RESTORE,6,512,128,1,true,true,232100,730000,471040
fork-2,draw_item64_mesh128_light,IPOINTER_EVERY,6,512,128,1,true,true,114700,1012900,871424
fork-2,draw_item64_mesh128_light,IPOINTER_CACHED,6,512,128,1,true,true,122100,615700,471040
fork-2,draw_item64_mesh128_light,CONSTANT_FIXED,6,512,128,1,true,true,102400,598300,472064
fork-2,draw_item64_mesh128_light,ARRAY_FIXED,6,512,128,1,true,true,91800,584600,471040
fork-2,draw_item64_mesh128_light,I2I_CACHED,6,512,128,1,true,true,184200,684500,471040
fork-2,draw_item64_mesh128_light,I2I,7,512,128,1,true,true,134300,628000,470016
fork-2,draw_item64_mesh128_light,IPOINTER_EVERY,7,512,128,1,true,true,103100,598300,471040
fork-2,draw_item64_mesh128_light,I2I_CACHED,7,512,128,1,true,true,113300,608000,471040
fork-2,draw_item64_mesh128_light,IPOINTER_BIND_RESTORE,7,512,128,1,true,true,126800,622100,472064
fork-2,draw_item64_mesh128_light,ARRAY_FIXED,7,512,128,1,true,true,87500,581800,472064
fork-2,draw_item64_mesh128_light,I4I,7,512,128,1,true,true,126200,623900,471040
fork-2,draw_item64_mesh128_light,CONSTANT_FIXED,7,512,128,1,true,true,86800,581800,471040
fork-2,draw_item64_mesh128_light,IPOINTER_CACHED,7,512,128,1,true,true,127600,622400,471040
fork-2,draw_item64_mesh128_light,CONSTANT_FIXED,8,512,128,1,true,true,90000,583900,471040
fork-2,draw_item64_mesh128_light,I2I_CACHED,8,512,128,1,true,true,108100,855500,470016
fork-2,draw_item64_mesh128_light,ARRAY_FIXED,8,512,128,1,true,true,89600,584900,472064
fork-2,draw_item64_mesh128_light,I4I,8,512,128,1,true,true,132600,1672800,1240064
fork-2,draw_item64_mesh128_light,IPOINTER_CACHED,8,512,128,1,true,true,127400,1239500,796672
fork-2,draw_item64_mesh128_light,IPOINTER_EVERY,8,512,128,1,true,true,105200,1320800,1188864
fork-2,draw_item64_mesh128_light,I2I,8,512,128,1,true,true,122100,618100,472064
fork-2,draw_item64_mesh128_light,IPOINTER_BIND_RESTORE,8,512,128,1,true,true,149900,652600,473088
fork-2,draw_item64_mesh128_light,I2I_CACHED,9,512,128,1,true,true,125900,619800,471040
fork-2,draw_item64_mesh128_light,IPOINTER_EVERY,9,512,128,1,true,true,129300,624100,472064
fork-2,draw_item64_mesh128_light,ARRAY_FIXED,9,512,128,1,true,true,105800,607400,473088
fork-2,draw_item64_mesh128_light,I2I,9,512,128,1,true,true,123200,618100,471040
fork-2,draw_item64_mesh128_light,I4I,9,512,128,1,true,true,144500,1244500,820224
fork-2,draw_item64_mesh128_light,IPOINTER_BIND_RESTORE,9,512,128,1,true,true,128600,622700,471040
fork-2,draw_item64_mesh128_light,CONSTANT_FIXED,9,512,128,1,true,true,83800,577900,471040
fork-2,draw_item64_mesh128_light,IPOINTER_CACHED,9,512,128,1,true,true,98700,592800,472064
fork-2,draw_item64_mesh128_light,I2I,10,512,128,1,true,true,174000,1175000,809984
fork-2,draw_item64_mesh128_light,I4I,10,512,128,1,true,true,117900,613700,471040
fork-2,draw_item64_mesh128_light,IPOINTER_EVERY,10,512,128,1,true,true,102000,597900,472064
fork-2,draw_item64_mesh128_light,CONSTANT_FIXED,10,512,128,1,true,true,89900,785900,472064
fork-2,draw_item64_mesh128_light,ARRAY_FIXED,10,512,128,1,true,true,92900,591200,472064
fork-2,draw_item64_mesh128_light,IPOINTER_CACHED,10,512,128,1,true,true,119900,614900,471040
fork-2,draw_item64_mesh128_light,IPOINTER_BIND_RESTORE,10,512,128,1,true,true,142200,636300,471040
fork-2,draw_item64_mesh128_light,I2I_CACHED,10,512,128,1,true,true,131100,625000,471040
fork-2,draw_item64_mesh128_light,I2I_CACHED,11,512,128,1,true,true,124700,618100,470016
fork-2,draw_item64_mesh128_light,IPOINTER_BIND_RESTORE,11,512,128,1,true,true,153900,651300,473088
fork-2,draw_item64_mesh128_light,I4I,11,512,128,1,true,true,133800,631700,470016
fork-2,draw_item64_mesh128_light,IPOINTER_EVERY,11,512,128,1,true,true,135500,632100,472064
fork-2,draw_item64_mesh128_light,ARRAY_FIXED,11,512,128,1,true,true,86900,580700,471040
fork-2,draw_item64_mesh128_light,I2I,11,512,128,1,true,true,154500,1062600,876544
fork-2,draw_item64_mesh128_light,CONSTANT_FIXED,11,512,128,1,true,true,87300,582400,471040
fork-2,draw_item64_mesh128_light,IPOINTER_CACHED,11,512,128,1,true,true,107200,645800,471040
fork-2,draw_item64_mesh128_light,IPOINTER_CACHED,12,512,128,1,true,true,128400,631400,473088
fork-2,draw_item64_mesh128_light,I2I_CACHED,12,512,128,1,true,true,126100,619300,471040
fork-2,draw_item64_mesh128_light,I2I,12,512,128,1,true,true,136700,630700,471040
fork-2,draw_item64_mesh128_light,CONSTANT_FIXED,12,512,128,1,true,true,102000,596100,470016
fork-2,draw_item64_mesh128_light,ARRAY_FIXED,12,512,128,1,true,true,101100,595400,472064
fork-2,draw_item64_mesh128_light,IPOINTER_EVERY,12,512,128,1,true,true,119500,917200,471040
fork-2,draw_item64_mesh128_light,I4I,12,512,128,1,true,true,116000,611600,473088
fork-2,draw_item64_mesh128_light,IPOINTER_BIND_RESTORE,12,512,128,1,true,true,128800,622800,472064
fork-2,draw_item64_mesh128_light,IPOINTER_EVERY,13,512,128,1,true,true,105100,598900,471040
fork-2,draw_item64_mesh128_light,CONSTANT_FIXED,13,512,128,1,true,true,96400,602100,471040
fork-2,draw_item64_mesh128_light,I4I,13,512,128,1,true,true,113400,607700,471040
fork-2,draw_item64_mesh128_light,ARRAY_FIXED,13,512,128,1,true,true,197200,701400,473088
fork-2,draw_item64_mesh128_light,I2I,13,512,128,1,true,true,123000,619000,471040
fork-2,draw_item64_mesh128_light,I2I_CACHED,13,512,128,1,true,true,125200,1021600,471040
fork-2,draw_item64_mesh128_light,IPOINTER_CACHED,13,512,128,1,true,true,104200,598000,471040
fork-2,draw_item64_mesh128_light,IPOINTER_BIND_RESTORE,13,512,128,1,true,true,132400,627900,472064
fork-2,draw_item64_mesh128_light,CONSTANT_FIXED,14,512,128,1,true,true,89500,590300,472064
fork-2,draw_item64_mesh128_light,ARRAY_FIXED,14,512,128,1,true,true,112400,1125400,794624
fork-2,draw_item64_mesh128_light,I2I,14,512,128,1,true,true,125200,619800,471040
fork-2,draw_item64_mesh128_light,IPOINTER_BIND_RESTORE,14,512,128,1,true,true,135300,629200,472064
fork-2,draw_item64_mesh128_light,I2I_CACHED,14,512,128,1,true,true,115300,609800,471040
fork-2,draw_item64_mesh128_light,IPOINTER_EVERY,14,512,128,1,true,true,106900,603000,471040
fork-2,draw_item64_mesh128_light,I4I,14,512,128,1,true,true,155300,1031200,843776
fork-2,draw_item64_mesh128_light,IPOINTER_CACHED,14,512,128,1,true,true,104100,757300,470016
fork-2,draw_item64_mesh128_light,ARRAY_FIXED,15,512,128,1,true,true,87500,583300,472064
fork-2,draw_item64_mesh128_light,IPOINTER_BIND_RESTORE,15,512,128,1,true,true,121000,622500,472064
fork-2,draw_item64_mesh128_light,I4I,15,512,128,1,true,true,123600,618800,471040
fork-2,draw_item64_mesh128_light,I2I_CACHED,15,512,128,1,true,true,218600,717700,471040
fork-2,draw_item64_mesh128_light,I2I,15,512,128,1,true,true,120100,621900,475136
fork-2,draw_item64_mesh128_light,IPOINTER_CACHED,15,512,128,1,true,true,106300,606500,472064
fork-2,draw_item64_mesh128_light,IPOINTER_EVERY,15,512,128,1,true,true,101900,597200,471040
fork-2,draw_item64_mesh128_light,CONSTANT_FIXED,15,512,128,1,true,true,90900,585000,471040
fork-2,draw_item64_mesh128_light,I2I,16,512,128,1,true,true,123500,923800,471040
fork-2,draw_item64_mesh128_light,IPOINTER_BIND_RESTORE,16,512,128,1,true,true,141300,638200,472064
fork-2,draw_item64_mesh128_light,I2I_CACHED,16,512,128,1,true,true,112700,606900,471040
fork-2,draw_item64_mesh128_light,ARRAY_FIXED,16,512,128,1,true,true,87500,581900,471040
fork-2,draw_item64_mesh128_light,IPOINTER_CACHED,16,512,128,1,true,true,114200,612700,471040
fork-2,draw_item64_mesh128_light,CONSTANT_FIXED,16,512,128,1,true,true,86100,581100,471040
fork-2,draw_item64_mesh128_light,IPOINTER_EVERY,16,512,128,1,true,true,101400,433000,308224
fork-2,draw_item64_mesh128_light,I4I,16,512,128,1,true,true,251300,644600,272384
fork-2,draw_item64_mesh128_light,I2I_CACHED,17,512,128,1,true,true,113300,677700,272384
fork-2,draw_item64_mesh128_light,IPOINTER_EVERY,17,512,128,1,true,true,104400,918000,272384
fork-2,draw_item64_mesh128_light,I2I,17,512,128,1,true,true,115700,412400,273408
fork-2,draw_item64_mesh128_light,I4I,17,512,128,1,true,true,113900,404500,271360
fork-2,draw_item64_mesh128_light,IPOINTER_BIND_RESTORE,17,512,128,1,true,true,130800,420000,272384
fork-2,draw_item64_mesh128_light,IPOINTER_CACHED,17,512,128,1,true,true,105400,396400,272384
fork-2,draw_item64_mesh128_light,CONSTANT_FIXED,17,512,128,1,true,true,95000,395000,271360
fork-2,draw_item64_mesh128_light,ARRAY_FIXED,17,512,128,1,true,true,89800,382100,272384
fork-2,draw_item64_mesh128_light,CONSTANT_FIXED,18,512,128,1,true,true,89100,379900,272384
fork-2,draw_item64_mesh128_light,IPOINTER_BIND_RESTORE,18,512,128,1,true,true,128800,418700,271360
fork-2,draw_item64_mesh128_light,ARRAY_FIXED,18,512,128,1,true,true,93600,383700,273408
fork-2,draw_item64_mesh128_light,I4I,18,512,128,1,true,true,116700,406800,271360
fork-2,draw_item64_mesh128_light,I2I_CACHED,18,512,128,1,true,true,118400,407700,272384
fork-2,draw_item64_mesh128_light,IPOINTER_CACHED,18,512,128,1,true,true,154800,577200,271360
fork-2,draw_item64_mesh128_light,I2I,18,512,128,1,true,true,163400,455500,272384
fork-2,draw_item64_mesh128_light,IPOINTER_EVERY,18,512,128,1,true,true,112900,401500,272384
fork-2,draw_item64_mesh128_light,IPOINTER_CACHED,19,512,128,1,true,true,101500,392100,272384
fork-2,draw_item64_mesh128_light,I2I_CACHED,19,512,128,1,true,true,108400,402200,272384
fork-2,draw_item64_mesh128_light,I2I,19,512,128,1,true,true,116200,405300,271360
fork-2,draw_item64_mesh128_light,I4I,19,512,128,1,true,true,116400,612200,272384
fork-2,draw_item64_mesh128_light,IPOINTER_BIND_RESTORE,19,512,128,1,true,true,127000,420400,273408
fork-2,draw_item64_mesh128_light,CONSTANT_FIXED,19,512,128,1,true,true,83300,372000,272384
fork-2,draw_item64_mesh128_light,ARRAY_FIXED,19,512,128,1,true,true,87900,563400,272384
fork-2,draw_item64_mesh128_light,IPOINTER_EVERY,19,512,128,1,true,true,127300,780200,281600
fork-2,draw_item64_mesh128_light,CONSTANT_FIXED,20,512,128,1,true,true,91300,388900,273408
fork-2,draw_item64_mesh128_light,I4I,20,512,128,1,true,true,116500,752200,275456
fork-2,draw_item64_mesh128_light,I2I,20,512,128,1,true,true,119300,409600,272384
fork-2,draw_item64_mesh128_light,I2I_CACHED,20,512,128,1,true,true,184900,484800,272384
fork-2,draw_item64_mesh128_light,IPOINTER_CACHED,20,512,128,1,true,true,121300,411600,272384
fork-2,draw_item64_mesh128_light,IPOINTER_EVERY,20,512,128,1,true,true,133300,423700,272384
fork-2,draw_item64_mesh128_light,IPOINTER_BIND_RESTORE,20,512,128,1,true,true,175500,467500,272384
fork-2,draw_item64_mesh128_light,ARRAY_FIXED,20,512,128,1,true,true,106700,398000,273408
fork-2,draw_item64_mesh128_light,I2I_CACHED,21,512,128,1,true,true,136800,426900,272384
fork-2,draw_item64_mesh128_light,I2I,21,512,128,1,true,true,137600,426900,271360
fork-2,draw_item64_mesh128_light,IPOINTER_EVERY,21,512,128,1,true,true,120100,410700,272384
fork-2,draw_item64_mesh128_light,ARRAY_FIXED,21,512,128,1,true,true,103800,395500,272384
fork-2,draw_item64_mesh128_light,IPOINTER_CACHED,21,512,128,1,true,true,126100,417800,271360
fork-2,draw_item64_mesh128_light,I4I,21,512,128,1,true,true,116200,601700,271360
fork-2,draw_item64_mesh128_light,IPOINTER_BIND_RESTORE,21,512,128,1,true,true,128200,421100,272384
fork-2,draw_item64_mesh128_light,CONSTANT_FIXED,21,512,128,1,true,true,94200,385600,272384
fork-2,draw_item64_mesh128_light,CONSTANT_FIXED,22,512,128,1,true,true,85100,376500,272384
fork-2,draw_item64_mesh128_light,I4I,22,512,128,1,true,true,114700,404900,272384
fork-2,draw_item64_mesh128_light,I2I_CACHED,22,512,128,1,true,true,115000,405200,272384
fork-2,draw_item64_mesh128_light,ARRAY_FIXED,22,512,128,1,true,true,89500,411900,272384
fork-2,draw_item64_mesh128_light,IPOINTER_CACHED,22,512,128,1,true,true,106000,501700,272384
fork-2,draw_item64_mesh128_light,I2I,22,512,128,1,true,true,140500,431500,272384
fork-2,draw_item64_mesh128_light,IPOINTER_BIND_RESTORE,22,512,128,1,true,true,150900,440400,272384
fork-2,draw_item64_mesh128_light,IPOINTER_EVERY,22,512,128,1,true,true,113100,405200,272384
fork-2,draw_item64_mesh128_light,IPOINTER_EVERY,23,512,128,1,true,true,107500,398100,271360
fork-2,draw_item64_mesh128_light,CONSTANT_FIXED,23,512,128,1,true,true,91100,380800,272384
fork-2,draw_item64_mesh128_light,IPOINTER_BIND_RESTORE,23,512,128,1,true,true,135000,426900,272384
fork-2,draw_item64_mesh128_light,IPOINTER_CACHED,23,512,128,1,true,true,113500,412700,278528
fork-2,draw_item64_mesh128_light,I4I,23,512,128,1,true,true,126700,417100,271360
fork-2,draw_item64_mesh128_light,ARRAY_FIXED,23,512,128,1,true,true,87700,377700,272384
fork-2,draw_item64_mesh128_light,I2I,23,512,128,1,true,true,120700,411400,272384
fork-2,draw_item64_mesh128_light,I2I_CACHED,23,512,128,1,true,true,111600,585100,271360
fork-2,draw_item64_mesh128_light,IPOINTER_EVERY,24,512,128,1,true,true,108500,399900,272384
fork-2,draw_item64_mesh128_light,ARRAY_FIXED,24,512,128,1,true,true,90200,379800,272384
fork-2,draw_item64_mesh128_light,CONSTANT_FIXED,24,512,128,1,true,true,93000,383000,272384
fork-2,draw_item64_mesh128_light,I2I_CACHED,24,512,128,1,true,true,118600,408900,271360
fork-2,draw_item64_mesh128_light,I2I,24,512,128,1,true,true,120500,419900,279552
fork-2,draw_item64_mesh128_light,I4I,24,512,128,1,true,true,154300,449800,272384
fork-2,draw_item64_mesh128_light,IPOINTER_CACHED,24,512,128,1,true,true,161000,453400,272384
fork-2,draw_item64_mesh128_light,IPOINTER_BIND_RESTORE,24,512,128,1,true,true,143600,433000,271360
fork-2,draw_item64_mesh128_light,IPOINTER_EVERY,25,512,128,1,true,true,130400,420500,272384
fork-2,draw_item64_mesh128_light,I2I_CACHED,25,512,128,1,true,true,124700,413800,271360
fork-2,draw_item64_mesh128_light,IPOINTER_BIND_RESTORE,25,512,128,1,true,true,140700,432500,272384
fork-2,draw_item64_mesh128_light,ARRAY_FIXED,25,512,128,1,true,true,91100,381600,272384
fork-2,draw_item64_mesh128_light,CONSTANT_FIXED,25,512,128,1,true,true,164700,469000,272384
fork-2,draw_item64_mesh128_light,IPOINTER_CACHED,25,512,128,1,true,true,120700,411700,272384
fork-2,draw_item64_mesh128_light,I4I,25,512,128,1,true,true,133300,423100,272384
fork-2,draw_item64_mesh128_light,I2I,25,512,128,1,true,true,134200,425500,271360
fork-2,draw_item64_mesh128_light,I2I_CACHED,26,512,128,1,true,true,123700,414100,271360
fork-2,draw_item64_mesh128_light,ARRAY_FIXED,26,512,128,1,true,true,88700,538500,272384
fork-2,draw_item64_mesh128_light,I4I,26,512,128,1,true,true,120200,410100,272384
fork-2,draw_item64_mesh128_light,IPOINTER_BIND_RESTORE,26,512,128,1,true,true,126700,419100,274432
fork-2,draw_item64_mesh128_light,I2I,26,512,128,1,true,true,127300,421200,272384
fork-2,draw_item64_mesh128_light,IPOINTER_EVERY,26,512,128,1,true,true,103300,394600,271360
fork-2,draw_item64_mesh128_light,CONSTANT_FIXED,26,512,128,1,true,true,99600,389400,272384
fork-2,draw_item64_mesh128_light,IPOINTER_CACHED,26,512,128,1,true,true,113200,410800,273408
fork-2,draw_item64_mesh128_light,ARRAY_FIXED,27,512,128,1,true,true,90400,380500,272384
fork-2,draw_item64_mesh128_light,IPOINTER_CACHED,27,512,128,1,true,true,111600,401600,272384
fork-2,draw_item64_mesh128_light,I2I,27,512,128,1,true,true,135400,425900,272384
fork-2,draw_item64_mesh128_light,I2I_CACHED,27,512,128,1,true,true,114100,404100,272384
fork-2,draw_item64_mesh128_light,IPOINTER_EVERY,27,512,128,1,true,true,110900,401200,271360
fork-2,draw_item64_mesh128_light,I4I,27,512,128,1,true,true,111500,402000,272384
fork-2,draw_item64_mesh128_light,IPOINTER_BIND_RESTORE,27,512,128,1,true,true,132900,423900,271360
fork-2,draw_item64_mesh128_light,CONSTANT_FIXED,27,512,128,1,true,true,94000,383700,272384
fork-2,draw_item64_mesh128_light,ARRAY_FIXED,28,512,128,1,true,true,98900,389100,271360
fork-2,draw_item64_mesh128_light,IPOINTER_EVERY,28,512,128,1,true,true,97300,387500,272384
fork-2,draw_item64_mesh128_light,CONSTANT_FIXED,28,512,128,1,true,true,93600,382900,271360
fork-2,draw_item64_mesh128_light,IPOINTER_CACHED,28,512,128,1,true,true,104300,614300,272384
fork-2,draw_item64_mesh128_light,IPOINTER_BIND_RESTORE,28,512,128,1,true,true,147400,439000,272384
fork-2,draw_item64_mesh128_light,I2I,28,512,128,1,true,true,140800,503300,272384
fork-2,draw_item64_mesh128_light,I2I_CACHED,28,512,128,1,true,true,168900,464800,271360
fork-2,draw_item64_mesh128_light,I4I,28,512,128,1,true,true,109700,399600,271360
fork-2,draw_item64_mesh128_light,IPOINTER_CACHED,29,512,128,1,true,true,144900,435600,272384
fork-2,draw_item64_mesh128_light,CONSTANT_FIXED,29,512,128,1,true,true,106600,397000,272384
fork-2,draw_item64_mesh128_light,I4I,29,512,128,1,true,true,115100,408900,271360
fork-2,draw_item64_mesh128_light,I2I,29,512,128,1,true,true,114300,404200,271360
fork-2,draw_item64_mesh128_light,IPOINTER_EVERY,29,512,128,1,true,true,104700,395100,271360
fork-2,draw_item64_mesh128_light,IPOINTER_BIND_RESTORE,29,512,128,1,true,true,134800,423800,271360
fork-2,draw_item64_mesh128_light,ARRAY_FIXED,29,512,128,1,true,true,96800,388900,272384
fork-2,draw_item64_mesh128_light,I2I_CACHED,29,512,128,1,true,true,136700,427600,271360
fork-2,draw_item64_mesh128_light,I2I,30,512,128,1,true,true,134000,423400,271360
fork-2,draw_item64_mesh128_light,I4I,30,512,128,1,true,true,113500,487900,272384
fork-2,draw_item64_mesh128_light,IPOINTER_BIND_RESTORE,30,512,128,1,true,true,131500,421700,272384
fork-2,draw_item64_mesh128_light,CONSTANT_FIXED,30,512,128,1,true,true,86300,378600,272384
fork-2,draw_item64_mesh128_light,IPOINTER_CACHED,30,512,128,1,true,true,104700,395200,272384
fork-2,draw_item64_mesh128_light,ARRAY_FIXED,30,512,128,1,true,true,93800,685100,272384
fork-2,draw_item64_mesh128_light,I2I_CACHED,30,512,128,1,true,true,114500,421000,272384
fork-2,draw_item64_mesh128_light,IPOINTER_EVERY,30,512,128,1,true,true,108600,402800,273408
fork-3,state_only_light,IPOINTER_EVERY,0,100000,1,1,false,false,2654100,2657100,0
fork-3,state_only_light,CONSTANT_FIXED,0,100000,1,1,false,false,251900,252800,0
fork-3,state_only_light,ARRAY_FIXED,0,100000,1,1,false,false,310700,313400,0
fork-3,state_only_light,I2I,0,100000,1,1,false,false,5913400,6046100,0
fork-3,state_only_light,I2I_CACHED,0,100000,1,1,false,false,5863700,5943000,0
fork-3,state_only_light,IPOINTER_CACHED,0,100000,1,1,false,false,2555400,2556000,0
fork-3,state_only_light,I4I,0,100000,1,1,false,false,5817300,5881300,0
fork-3,state_only_light,IPOINTER_BIND_RESTORE,0,100000,1,1,false,false,7808300,7814700,0
fork-3,state_only_light,IPOINTER_EVERY,1,100000,1,1,false,false,2571700,2572200,0
fork-3,state_only_light,ARRAY_FIXED,1,100000,1,1,false,false,235400,235800,0
fork-3,state_only_light,IPOINTER_CACHED,1,100000,1,1,false,false,2557200,2560900,0
fork-3,state_only_light,I4I,1,100000,1,1,false,false,6296600,6371100,0
fork-3,state_only_light,I2I,1,100000,1,1,false,false,5858100,5925400,0
fork-3,state_only_light,I2I_CACHED,1,100000,1,1,false,false,5944300,6309200,0
fork-3,state_only_light,IPOINTER_BIND_RESTORE,1,100000,1,1,false,false,6919500,6921800,0
fork-3,state_only_light,CONSTANT_FIXED,1,100000,1,1,false,false,241300,242900,0
fork-3,state_only_light,IPOINTER_EVERY,2,100000,1,1,false,false,2547500,2548000,0
fork-3,state_only_light,IPOINTER_BIND_RESTORE,2,100000,1,1,false,false,6960900,6963200,0
fork-3,state_only_light,I4I,2,100000,1,1,false,false,6515600,6590800,0
fork-3,state_only_light,ARRAY_FIXED,2,100000,1,1,false,false,260700,261300,0
fork-3,state_only_light,CONSTANT_FIXED,2,100000,1,1,false,false,259900,260400,0
fork-3,state_only_light,I2I,2,100000,1,1,false,false,6096700,6160300,0
fork-3,state_only_light,I2I_CACHED,2,100000,1,1,false,false,8168500,8233500,0
fork-3,state_only_light,IPOINTER_CACHED,2,100000,1,1,false,false,4092100,4094300,0
fork-3,state_only_light,IPOINTER_BIND_RESTORE,3,100000,1,1,false,false,6962700,6965800,0
fork-3,state_only_light,CONSTANT_FIXED,3,100000,1,1,false,false,231900,232200,0
fork-3,state_only_light,IPOINTER_EVERY,3,100000,1,1,false,false,2618500,2620400,0
fork-3,state_only_light,I4I,3,100000,1,1,false,false,5909400,6109700,0
fork-3,state_only_light,I2I_CACHED,3,100000,1,1,false,false,6105800,6179600,0
fork-3,state_only_light,ARRAY_FIXED,3,100000,1,1,false,false,254400,254900,0
fork-3,state_only_light,IPOINTER_CACHED,3,100000,1,1,false,false,3037400,3040300,0
fork-3,state_only_light,I2I,3,100000,1,1,false,false,5642400,5705400,0
fork-3,state_only_light,IPOINTER_CACHED,4,100000,1,1,false,false,2679500,2681400,0
fork-3,state_only_light,IPOINTER_BIND_RESTORE,4,100000,1,1,false,false,7098900,7102200,0
fork-3,state_only_light,I4I,4,100000,1,1,false,false,6070400,6142500,0
fork-3,state_only_light,I2I_CACHED,4,100000,1,1,false,false,6111200,6173000,0
fork-3,state_only_light,IPOINTER_EVERY,4,100000,1,1,false,false,2828300,2839700,0
fork-3,state_only_light,CONSTANT_FIXED,4,100000,1,1,false,false,262600,263400,0
fork-3,state_only_light,I2I,4,100000,1,1,false,false,6009800,6304900,0
fork-3,state_only_light,ARRAY_FIXED,4,100000,1,1,false,false,236100,236500,0
fork-3,state_only_light,I4I,5,100000,1,1,false,false,6328100,6392200,0
fork-3,state_only_light,CONSTANT_FIXED,5,100000,1,1,false,false,228800,229300,0
fork-3,state_only_light,IPOINTER_BIND_RESTORE,5,100000,1,1,false,false,7024000,7027100,0
fork-3,state_only_light,IPOINTER_CACHED,5,100000,1,1,false,false,2839400,2841400,0
fork-3,state_only_light,IPOINTER_EVERY,5,100000,1,1,false,false,2566600,2569000,0
fork-3,state_only_light,ARRAY_FIXED,5,100000,1,1,false,false,259600,262300,0
fork-3,state_only_light,I2I_CACHED,5,100000,1,1,false,false,6414800,6483600,0
fork-3,state_only_light,I2I,5,100000,1,1,false,false,5982100,6065700,0
fork-3,state_only_light,CONSTANT_FIXED,6,100000,1,1,false,false,234900,235300,0
fork-3,state_only_light,IPOINTER_CACHED,6,100000,1,1,false,false,2696100,2698100,0
fork-3,state_only_light,I4I,6,100000,1,1,false,false,6268600,6335300,0
fork-3,state_only_light,ARRAY_FIXED,6,100000,1,1,false,false,249000,249500,0
fork-3,state_only_light,I2I_CACHED,6,100000,1,1,false,false,5972400,6037400,0
fork-3,state_only_light,I2I,6,100000,1,1,false,false,5981700,6045300,0
fork-3,state_only_light,IPOINTER_EVERY,6,100000,1,1,false,false,2823700,2826700,0
fork-3,state_only_light,IPOINTER_BIND_RESTORE,6,100000,1,1,false,false,7076600,7079300,0
fork-3,state_only_light,I2I_CACHED,7,100000,1,1,false,false,6073600,6139200,0
fork-3,state_only_light,IPOINTER_EVERY,7,100000,1,1,false,false,2526200,2528900,0
fork-3,state_only_light,I4I,7,100000,1,1,false,false,5998900,6066800,0
fork-3,state_only_light,I2I,7,100000,1,1,false,false,5571300,5877100,0
fork-3,state_only_light,CONSTANT_FIXED,7,100000,1,1,false,false,270600,273300,0
fork-3,state_only_light,IPOINTER_CACHED,7,100000,1,1,false,false,2552400,2552800,0
fork-3,state_only_light,ARRAY_FIXED,7,100000,1,1,false,false,234500,234800,0
fork-3,state_only_light,IPOINTER_BIND_RESTORE,7,100000,1,1,false,false,7015200,7018200,0
fork-3,state_only_light,IPOINTER_BIND_RESTORE,8,100000,1,1,false,false,6964000,6965900,0
fork-3,state_only_light,I4I,8,100000,1,1,false,false,5858500,5934900,0
fork-3,state_only_light,IPOINTER_EVERY,8,100000,1,1,false,false,2618400,2620300,0
fork-3,state_only_light,CONSTANT_FIXED,8,100000,1,1,false,false,232100,232400,0
fork-3,state_only_light,ARRAY_FIXED,8,100000,1,1,false,false,232100,233400,0
fork-3,state_only_light,IPOINTER_CACHED,8,100000,1,1,false,false,2535000,2536900,0
fork-3,state_only_light,I2I_CACHED,8,100000,1,1,false,false,6193200,6260100,0
fork-3,state_only_light,I2I,8,100000,1,1,false,false,5831500,5897500,0
fork-3,state_only_light,IPOINTER_CACHED,9,100000,1,1,false,false,2548300,2549200,0
fork-3,state_only_light,IPOINTER_BIND_RESTORE,9,100000,1,1,false,false,6780700,6782700,0
fork-3,state_only_light,I4I,9,100000,1,1,false,false,5829900,5905700,0
fork-3,state_only_light,I2I_CACHED,9,100000,1,1,false,false,5909100,5974800,0
fork-3,state_only_light,I2I,9,100000,1,1,false,false,5594400,5658400,0
fork-3,state_only_light,ARRAY_FIXED,9,100000,1,1,false,false,322600,350700,0
fork-3,state_only_light,CONSTANT_FIXED,9,100000,1,1,false,false,343800,346300,0
fork-3,state_only_light,IPOINTER_EVERY,9,100000,1,1,false,false,2496100,2497100,0
fork-3,state_only_light,IPOINTER_BIND_RESTORE,10,100000,1,1,false,false,7373100,7379100,0
fork-3,state_only_light,IPOINTER_CACHED,10,100000,1,1,false,false,2682300,2685700,0
fork-3,state_only_light,ARRAY_FIXED,10,100000,1,1,false,false,231700,232100,0
fork-3,state_only_light,I4I,10,100000,1,1,false,false,5676900,5745000,0
fork-3,state_only_light,I2I,10,100000,1,1,false,false,5969100,6032300,0
fork-3,state_only_light,IPOINTER_EVERY,10,100000,1,1,false,false,2694100,2696900,0
fork-3,state_only_light,CONSTANT_FIXED,10,100000,1,1,false,false,273000,275600,0
fork-3,state_only_light,I2I_CACHED,10,100000,1,1,false,false,6310100,6615100,0
fork-3,state_only_light,ARRAY_FIXED,11,100000,1,1,false,false,223400,223800,0
fork-3,state_only_light,CONSTANT_FIXED,11,100000,1,1,false,false,230400,230600,0
fork-3,state_only_light,IPOINTER_BIND_RESTORE,11,100000,1,1,false,false,7001100,7003200,0
fork-3,state_only_light,IPOINTER_EVERY,11,100000,1,1,false,false,2623200,2625100,0
fork-3,state_only_light,I2I_CACHED,11,100000,1,1,false,false,5720900,5789400,0
fork-3,state_only_light,I2I,11,100000,1,1,false,false,6178900,6244100,0
fork-3,state_only_light,IPOINTER_CACHED,11,100000,1,1,false,false,2555500,2556400,0
fork-3,state_only_light,I4I,11,100000,1,1,false,false,6339800,6406500,0
fork-3,state_only_light,IPOINTER_CACHED,12,100000,1,1,false,false,2638800,2642600,0
fork-3,state_only_light,I4I,12,100000,1,1,false,false,6319700,6386900,0
fork-3,state_only_light,I2I,12,100000,1,1,false,false,5760800,5825900,0
fork-3,state_only_light,ARRAY_FIXED,12,100000,1,1,false,false,231900,232300,0
fork-3,state_only_light,CONSTANT_FIXED,12,100000,1,1,false,false,234900,235300,0
fork-3,state_only_light,IPOINTER_EVERY,12,100000,1,1,false,false,2513700,2515900,0
fork-3,state_only_light,IPOINTER_BIND_RESTORE,12,100000,1,1,false,false,6969100,6971200,0
fork-3,state_only_light,I2I_CACHED,12,100000,1,1,false,false,6141800,6212000,0
fork-3,state_only_light,ARRAY_FIXED,13,100000,1,1,false,false,249000,249600,0
fork-3,state_only_light,I2I_CACHED,13,100000,1,1,false,false,6294000,6363100,0
fork-3,state_only_light,I4I,13,100000,1,1,false,false,6656700,6724200,0
fork-3,state_only_light,IPOINTER_BIND_RESTORE,13,100000,1,1,false,false,10696400,10703100,0
fork-3,state_only_light,I2I,13,100000,1,1,false,false,6576200,6953300,0
fork-3,state_only_light,IPOINTER_EVERY,13,100000,1,1,false,false,2555700,2556500,0
fork-3,state_only_light,IPOINTER_CACHED,13,100000,1,1,false,false,2645700,2648600,0
fork-3,state_only_light,CONSTANT_FIXED,13,100000,1,1,false,false,261100,264000,0
fork-3,state_only_light,IPOINTER_EVERY,14,100000,1,1,false,false,2522200,2522700,0
fork-3,state_only_light,ARRAY_FIXED,14,100000,1,1,false,false,231600,231900,0
fork-3,state_only_light,I2I_CACHED,14,100000,1,1,false,false,5748400,5817200,0
fork-3,state_only_light,CONSTANT_FIXED,14,100000,1,1,false,false,242500,243000,0
fork-3,state_only_light,IPOINTER_BIND_RESTORE,14,100000,1,1,false,false,6858600,6861000,0
fork-3,state_only_light,I2I,14,100000,1,1,false,false,6079200,6146200,0
fork-3,state_only_light,IPOINTER_CACHED,14,100000,1,1,false,false,2634400,2636200,0
fork-3,state_only_light,I4I,14,100000,1,1,false,false,5889500,5961000,0
fork-3,state_only_light,IPOINTER_EVERY,15,100000,1,1,false,false,2968900,2971600,0
fork-3,state_only_light,IPOINTER_CACHED,15,100000,1,1,false,false,2788600,2789500,0
fork-3,state_only_light,I2I,15,100000,1,1,false,false,6461900,6529200,0
fork-3,state_only_light,I2I_CACHED,15,100000,1,1,false,false,6632300,6699300,0
fork-3,state_only_light,ARRAY_FIXED,15,100000,1,1,false,false,270200,270800,0
fork-3,state_only_light,CONSTANT_FIXED,15,100000,1,1,false,false,281500,282200,0
fork-3,state_only_light,IPOINTER_BIND_RESTORE,15,100000,1,1,false,false,7314900,7315500,0
fork-3,state_only_light,I4I,15,100000,1,1,false,false,6773300,6841300,0
fork-3,state_only_light,IPOINTER_CACHED,16,100000,1,1,false,false,2839400,2840400,0
fork-3,state_only_light,CONSTANT_FIXED,16,100000,1,1,false,false,267100,267700,0
fork-3,state_only_light,IPOINTER_EVERY,16,100000,1,1,false,false,2808400,2809400,0
fork-3,state_only_light,ARRAY_FIXED,16,100000,1,1,false,false,371600,372300,0
fork-3,state_only_light,I4I,16,100000,1,1,false,false,6659600,6730600,0
fork-3,state_only_light,I2I,16,100000,1,1,false,false,6326800,6390600,0
fork-3,state_only_light,IPOINTER_BIND_RESTORE,16,100000,1,1,false,false,7249800,7252000,0
fork-3,state_only_light,I2I_CACHED,16,100000,1,1,false,false,7633400,7917100,0
fork-3,state_only_light,IPOINTER_BIND_RESTORE,17,100000,1,1,false,false,7000900,7001600,0
fork-3,state_only_light,I2I,17,100000,1,1,false,false,5931500,6084200,0
fork-3,state_only_light,I4I,17,100000,1,1,false,false,5869000,5936300,0
fork-3,state_only_light,IPOINTER_EVERY,17,100000,1,1,false,false,2574600,2575000,0
fork-3,state_only_light,CONSTANT_FIXED,17,100000,1,1,false,false,246200,246500,0
fork-3,state_only_light,I2I_CACHED,17,100000,1,1,false,false,5766100,5833100,0
fork-3,state_only_light,IPOINTER_CACHED,17,100000,1,1,false,false,2677400,2677800,0
fork-3,state_only_light,ARRAY_FIXED,17,100000,1,1,false,false,251000,251500,0
fork-3,state_only_light,CONSTANT_FIXED,18,100000,1,1,false,false,246600,246900,0
fork-3,state_only_light,ARRAY_FIXED,18,100000,1,1,false,false,257600,258100,0
fork-3,state_only_light,I4I,18,100000,1,1,false,false,5944800,6014700,0
fork-3,state_only_light,I2I_CACHED,18,100000,1,1,false,false,5724600,5813300,0
fork-3,state_only_light,IPOINTER_CACHED,18,100000,1,1,false,false,2559100,2559500,0
fork-3,state_only_light,IPOINTER_BIND_RESTORE,18,100000,1,1,false,false,6858400,6859400,0
fork-3,state_only_light,I2I,18,100000,1,1,false,false,6496700,6567600,0
fork-3,state_only_light,IPOINTER_EVERY,18,100000,1,1,false,false,2602200,2602700,0
fork-3,state_only_light,I2I,19,100000,1,1,false,false,5999600,6073500,0
fork-3,state_only_light,I2I_CACHED,19,100000,1,1,false,false,6051900,6121700,0
fork-3,state_only_light,IPOINTER_CACHED,19,100000,1,1,false,false,2649800,2650300,0
fork-3,state_only_light,ARRAY_FIXED,19,100000,1,1,false,false,248900,249300,0
fork-3,state_only_light,IPOINTER_EVERY,19,100000,1,1,false,false,2564000,2565100,0
fork-3,state_only_light,CONSTANT_FIXED,19,100000,1,1,false,false,237100,237500,0
fork-3,state_only_light,IPOINTER_BIND_RESTORE,19,100000,1,1,false,false,7096800,7101500,0
fork-3,state_only_light,I4I,19,100000,1,1,false,false,6783700,7106300,0
fork-3,state_only_light,I4I,20,100000,1,1,false,false,6127100,6199600,0
fork-3,state_only_light,IPOINTER_BIND_RESTORE,20,100000,1,1,false,false,7133600,7136900,0
fork-3,state_only_light,I2I,20,100000,1,1,false,false,5932000,6006600,0
fork-3,state_only_light,ARRAY_FIXED,20,100000,1,1,false,false,246500,247000,0
fork-3,state_only_light,CONSTANT_FIXED,20,100000,1,1,false,false,247700,248200,0
fork-3,state_only_light,I2I_CACHED,20,100000,1,1,false,false,5949300,6023600,0
fork-3,state_only_light,IPOINTER_EVERY,20,100000,1,1,false,false,2631200,2631800,0
fork-3,state_only_light,IPOINTER_CACHED,20,100000,1,1,false,false,2667300,2670700,0
fork-3,state_only_light,CONSTANT_FIXED,21,100000,1,1,false,false,260300,260900,0
fork-3,state_only_light,I4I,21,100000,1,1,false,false,6322700,6394100,0
fork-3,state_only_light,I2I,21,100000,1,1,false,false,6086900,6156300,0
fork-3,state_only_light,IPOINTER_BIND_RESTORE,21,100000,1,1,false,false,7177600,7180100,0
fork-3,state_only_light,ARRAY_FIXED,21,100000,1,1,false,false,249400,249900,0
fork-3,state_only_light,I2I_CACHED,21,100000,1,1,false,false,5850100,5923600,0
fork-3,state_only_light,IPOINTER_EVERY,21,100000,1,1,false,false,2623800,2626000,0
fork-3,state_only_light,IPOINTER_CACHED,21,100000,1,1,false,false,2637100,2637600,0
fork-3,state_only_light,I2I,22,100000,1,1,false,false,5839700,5912300,0
fork-3,state_only_light,I4I,22,100000,1,1,false,false,6056700,6125900,0
fork-3,state_only_light,ARRAY_FIXED,22,100000,1,1,false,false,241400,242800,0
fork-3,state_only_light,CONSTANT_FIXED,22,100000,1,1,false,false,247800,248300,0
fork-3,state_only_light,I2I_CACHED,22,100000,1,1,false,false,5820700,6092500,0
fork-3,state_only_light,IPOINTER_CACHED,22,100000,1,1,false,false,2658200,2660200,0
fork-3,state_only_light,IPOINTER_BIND_RESTORE,22,100000,1,1,false,false,7092300,7096000,0
fork-3,state_only_light,IPOINTER_EVERY,22,100000,1,1,false,false,2672700,2673500,0
fork-3,state_only_light,IPOINTER_EVERY,23,100000,1,1,false,false,2628200,2631500,0
fork-3,state_only_light,ARRAY_FIXED,23,100000,1,1,false,false,241700,242100,0
fork-3,state_only_light,IPOINTER_BIND_RESTORE,23,100000,1,1,false,false,7134100,7138200,0
fork-3,state_only_light,I2I,23,100000,1,1,false,false,5926500,6003500,0
fork-3,state_only_light,I2I_CACHED,23,100000,1,1,false,false,5822700,5897500,0
fork-3,state_only_light,I4I,23,100000,1,1,false,false,5930400,6003600,0
fork-3,state_only_light,CONSTANT_FIXED,23,100000,1,1,false,false,241800,242100,0
fork-3,state_only_light,IPOINTER_CACHED,23,100000,1,1,false,false,2906400,2909900,0
fork-3,state_only_light,I2I,24,100000,1,1,false,false,6288000,6371200,0
fork-3,state_only_light,I4I,24,100000,1,1,false,false,5851800,5923500,0
fork-3,state_only_light,IPOINTER_CACHED,24,100000,1,1,false,false,2634100,2636400,0
fork-3,state_only_light,ARRAY_FIXED,24,100000,1,1,false,false,416200,418200,0
fork-3,state_only_light,IPOINTER_EVERY,24,100000,1,1,false,false,2630400,2630900,0
fork-3,state_only_light,CONSTANT_FIXED,24,100000,1,1,false,false,352000,354900,0
fork-3,state_only_light,IPOINTER_BIND_RESTORE,24,100000,1,1,false,false,7061800,7064800,0
fork-3,state_only_light,I2I_CACHED,24,100000,1,1,false,false,6027900,6105000,0
fork-3,state_only_light,IPOINTER_CACHED,25,100000,1,1,false,false,2658200,2660500,0
fork-3,state_only_light,ARRAY_FIXED,25,100000,1,1,false,false,279800,282400,0
fork-3,state_only_light,CONSTANT_FIXED,25,100000,1,1,false,false,241400,241700,0
fork-3,state_only_light,IPOINTER_BIND_RESTORE,25,100000,1,1,false,false,7326200,7331400,0
fork-3,state_only_light,IPOINTER_EVERY,25,100000,1,1,false,false,2659700,2662000,0
fork-3,state_only_light,I2I_CACHED,25,100000,1,1,false,false,5934100,6277100,0
fork-3,state_only_light,I2I,25,100000,1,1,false,false,5849500,5922200,0
fork-3,state_only_light,I4I,25,100000,1,1,false,false,6020300,6544800,0
fork-3,state_only_light,IPOINTER_BIND_RESTORE,26,100000,1,1,false,false,6968900,6971600,0
fork-3,state_only_light,I4I,26,100000,1,1,false,false,5912800,5987400,0
fork-3,state_only_light,I2I_CACHED,26,100000,1,1,false,false,5731800,5801700,0
fork-3,state_only_light,IPOINTER_CACHED,26,100000,1,1,false,false,2704300,2707700,0
fork-3,state_only_light,ARRAY_FIXED,26,100000,1,1,false,false,239400,239700,0
fork-3,state_only_light,I2I,26,100000,1,1,false,false,5818000,5905200,0
fork-3,state_only_light,IPOINTER_EVERY,26,100000,1,1,false,false,2592000,2593300,0
fork-3,state_only_light,CONSTANT_FIXED,26,100000,1,1,false,false,251000,251600,0
fork-3,state_only_light,IPOINTER_CACHED,27,100000,1,1,false,false,2733800,2738100,0
fork-3,state_only_light,I4I,27,100000,1,1,false,false,6084400,6166800,0
fork-3,state_only_light,IPOINTER_EVERY,27,100000,1,1,false,false,2586400,2587100,0
fork-3,state_only_light,I2I,27,100000,1,1,false,false,6167400,6245200,0
fork-3,state_only_light,I2I_CACHED,27,100000,1,1,false,false,6147200,6434400,0
fork-3,state_only_light,IPOINTER_BIND_RESTORE,27,100000,1,1,false,false,8870000,8877500,0
fork-3,state_only_light,CONSTANT_FIXED,27,100000,1,1,false,false,248200,249000,0
fork-3,state_only_light,ARRAY_FIXED,27,100000,1,1,false,false,252600,253500,0
fork-3,state_only_light,IPOINTER_BIND_RESTORE,28,100000,1,1,false,false,8465300,8473300,0
fork-3,state_only_light,IPOINTER_CACHED,28,100000,1,1,false,false,2731600,2739100,0
fork-3,state_only_light,ARRAY_FIXED,28,100000,1,1,false,false,248000,248400,0
fork-3,state_only_light,I2I,28,100000,1,1,false,false,5985000,6062900,0
fork-3,state_only_light,I2I_CACHED,28,100000,1,1,false,false,5864300,5937100,0
fork-3,state_only_light,I4I,28,100000,1,1,false,false,6086400,6427400,0
fork-3,state_only_light,IPOINTER_EVERY,28,100000,1,1,false,false,2620200,2620800,0
fork-3,state_only_light,CONSTANT_FIXED,28,100000,1,1,false,false,232000,232300,0
fork-3,state_only_light,IPOINTER_BIND_RESTORE,29,100000,1,1,false,false,6791800,6792800,0
fork-3,state_only_light,I2I,29,100000,1,1,false,false,10642700,10720400,0
fork-3,state_only_light,CONSTANT_FIXED,29,100000,1,1,false,false,231900,232200,0
fork-3,state_only_light,I4I,29,100000,1,1,false,false,5971300,6048500,0
fork-3,state_only_light,I2I_CACHED,29,100000,1,1,false,false,5751700,5825500,0
fork-3,state_only_light,ARRAY_FIXED,29,100000,1,1,false,false,241500,242000,0
fork-3,state_only_light,IPOINTER_CACHED,29,100000,1,1,false,false,2704700,2709800,0
fork-3,state_only_light,IPOINTER_EVERY,29,100000,1,1,false,false,2560800,2567200,0
fork-3,state_only_light,I4I,30,100000,1,1,false,false,6004900,6087900,0
fork-3,state_only_light,I2I_CACHED,30,100000,1,1,false,false,7364000,7439200,0
fork-3,state_only_light,IPOINTER_BIND_RESTORE,30,100000,1,1,false,false,7017700,7019000,0
fork-3,state_only_light,IPOINTER_CACHED,30,100000,1,1,false,false,2635500,2636100,0
fork-3,state_only_light,ARRAY_FIXED,30,100000,1,1,false,false,263500,265800,0
fork-3,state_only_light,CONSTANT_FIXED,30,100000,1,1,false,false,246600,247200,0
fork-3,state_only_light,I2I,30,100000,1,1,false,false,5701500,5779600,0
fork-3,state_only_light,IPOINTER_EVERY,30,100000,1,1,false,false,2573500,2574200,0
fork-3,draw_shared_light,IPOINTER_CACHED,0,2048,1,1,false,false,234900,270400,153600
fork-3,draw_shared_light,CONSTANT_FIXED,0,2048,1,1,false,false,167200,197500,63488
fork-3,draw_shared_light,IPOINTER_BIND_RESTORE,0,2048,1,1,false,false,344700,493900,264192
fork-3,draw_shared_light,ARRAY_FIXED,0,2048,1,1,false,false,187800,226600,29696
fork-3,draw_shared_light,I2I,0,2048,1,1,false,false,274500,312300,121856
fork-3,draw_shared_light,I4I,0,2048,1,1,false,false,291000,327700,114688
fork-3,draw_shared_light,I2I_CACHED,0,2048,1,1,false,false,273100,308600,105472
fork-3,draw_shared_light,IPOINTER_EVERY,0,2048,1,1,false,false,248100,295800,225280
fork-3,draw_shared_light,IPOINTER_BIND_RESTORE,1,2048,1,1,false,false,345200,374800,198656
fork-3,draw_shared_light,IPOINTER_CACHED,1,2048,1,1,false,false,227600,260600,162816
fork-3,draw_shared_light,ARRAY_FIXED,1,2048,1,1,false,false,185500,218700,100352
fork-3,draw_shared_light,I2I_CACHED,1,2048,1,1,false,false,279500,327600,208896
fork-3,draw_shared_light,IPOINTER_EVERY,1,2048,1,1,false,false,227400,265700,147456
fork-3,draw_shared_light,I4I,1,2048,1,1,false,false,292800,334600,169984
fork-3,draw_shared_light,CONSTANT_FIXED,1,2048,1,1,false,false,175700,211100,27648
fork-3,draw_shared_light,I2I,1,2048,1,1,false,false,285800,323100,119808
fork-3,draw_shared_light,ARRAY_FIXED,2,2048,1,1,false,false,169400,337200,159744
fork-3,draw_shared_light,I4I,2,2048,1,1,false,false,289600,524500,128000
fork-3,draw_shared_light,CONSTANT_FIXED,2,2048,1,1,false,false,182100,218100,27648
fork-3,draw_shared_light,I2I,2,2048,1,1,false,false,305400,343600,136192
fork-3,draw_shared_light,IPOINTER_EVERY,2,2048,1,1,false,false,262700,298500,161792
fork-3,draw_shared_light,IPOINTER_CACHED,2,2048,1,1,false,false,251800,282700,166912
fork-3,draw_shared_light,IPOINTER_BIND_RESTORE,2,2048,1,1,false,false,345500,391500,288768
fork-3,draw_shared_light,I2I_CACHED,2,2048,1,1,false,false,283400,319400,119808
fork-3,draw_shared_light,I4I,3,2048,1,1,false,false,287500,323000,115712
fork-3,draw_shared_light,CONSTANT_FIXED,3,2048,1,1,false,false,186700,223000,110592
fork-3,draw_shared_light,ARRAY_FIXED,3,2048,1,1,false,false,202700,238400,26624
fork-3,draw_shared_light,IPOINTER_EVERY,3,2048,1,1,false,false,251200,516200,388096
fork-3,draw_shared_light,I2I,3,2048,1,1,false,false,289700,335300,176128
fork-3,draw_shared_light,IPOINTER_CACHED,3,2048,1,1,false,false,256900,293600,150528
fork-3,draw_shared_light,IPOINTER_BIND_RESTORE,3,2048,1,1,false,false,321500,357200,223232
fork-3,draw_shared_light,I2I_CACHED,3,2048,1,1,false,false,273600,320800,198656
fork-3,draw_shared_light,IPOINTER_CACHED,4,2048,1,1,false,false,229000,267700,147456
fork-3,draw_shared_light,I2I_CACHED,4,2048,1,1,false,false,361900,408200,240640
fork-3,draw_shared_light,CONSTANT_FIXED,4,2048,1,1,false,false,179100,214600,27648
fork-3,draw_shared_light,I4I,4,2048,1,1,false,false,307000,344300,132096
fork-3,draw_shared_light,IPOINTER_BIND_RESTORE,4,2048,1,1,false,false,440200,729500,547840
fork-3,draw_shared_light,ARRAY_FIXED,4,2048,1,1,false,false,184900,297900,22528
fork-3,draw_shared_light,I2I,4,2048,1,1,false,false,298000,344000,183296
fork-3,draw_shared_light,IPOINTER_EVERY,4,2048,1,1,false,false,229300,267200,147456
fork-3,draw_shared_light,I2I_CACHED,5,2048,1,1,false,false,283400,326500,156672
fork-3,draw_shared_light,IPOINTER_BIND_RESTORE,5,2048,1,1,false,false,328500,356600,197632
fork-3,draw_shared_light,ARRAY_FIXED,5,2048,1,1,false,false,169500,196500,53248
fork-3,draw_shared_light,IPOINTER_EVERY,5,2048,1,1,false,false,236900,275500,183296
fork-3,draw_shared_light,IPOINTER_CACHED,5,2048,1,1,false,false,228500,276000,204800
fork-3,draw_shared_light,I2I,5,2048,1,1,false,false,274000,308700,109568
fork-3,draw_shared_light,CONSTANT_FIXED,5,2048,1,1,false,false,188700,225100,27648
fork-3,draw_shared_light,I4I,5,2048,1,1,false,false,297400,335500,122880
fork-3,draw_shared_light,IPOINTER_EVERY,6,2048,1,1,false,false,228400,266500,146432
fork-3,draw_shared_light,IPOINTER_CACHED,6,2048,1,1,false,false,244700,280400,182272
fork-3,draw_shared_light,IPOINTER_BIND_RESTORE,6,2048,1,1,false,false,321300,487900,262144
fork-3,draw_shared_light,I2I_CACHED,6,2048,1,1,false,false,286300,323900,115712
fork-3,draw_shared_light,CONSTANT_FIXED,6,2048,1,1,false,false,211300,250200,28672
fork-3,draw_shared_light,I2I,6,2048,1,1,false,false,286600,326700,126976
fork-3,draw_shared_light,ARRAY_FIXED,6,2048,1,1,false,false,176900,213300,27648
fork-3,draw_shared_light,I4I,6,2048,1,1,false,false,288900,326700,132096
fork-3,draw_shared_light,IPOINTER_EVERY,7,2048,1,1,false,false,241600,454000,154624
fork-3,draw_shared_light,ARRAY_FIXED,7,2048,1,1,false,false,192000,224000,60416
fork-3,draw_shared_light,I2I_CACHED,7,2048,1,1,false,false,299900,344600,184320
fork-3,draw_shared_light,IPOINTER_CACHED,7,2048,1,1,false,false,259300,296200,153600
fork-3,draw_shared_light,I4I,7,2048,1,1,false,false,301500,347900,178176
fork-3,draw_shared_light,IPOINTER_BIND_RESTORE,7,2048,1,1,false,false,340300,368900,195584
fork-3,draw_shared_light,I2I,7,2048,1,1,false,false,297900,340500,164864
fork-3,draw_shared_light,CONSTANT_FIXED,7,2048,1,1,false,false,197500,233600,27648
fork-3,draw_shared_light,I4I,8,2048,1,1,false,false,293900,331500,126976
fork-3,draw_shared_light,IPOINTER_BIND_RESTORE,8,2048,1,1,false,false,359800,388600,217088
fork-3,draw_shared_light,IPOINTER_EVERY,8,2048,1,1,false,false,314600,352100,194560
fork-3,draw_shared_light,IPOINTER_CACHED,8,2048,1,1,false,false,254700,301000,220160
fork-3,draw_shared_light,ARRAY_FIXED,8,2048,1,1,false,false,181700,217900,27648
fork-3,draw_shared_light,I2I,8,2048,1,1,false,false,291800,330600,134144
fork-3,draw_shared_light,CONSTANT_FIXED,8,2048,1,1,false,false,176000,212100,27648
fork-3,draw_shared_light,I2I_CACHED,8,2048,1,1,false,false,294300,331500,125952
fork-3,draw_shared_light,I4I,9,2048,1,1,false,false,327900,365200,116736
fork-3,draw_shared_light,CONSTANT_FIXED,9,2048,1,1,false,false,176900,215400,28672
fork-3,draw_shared_light,IPOINTER_BIND_RESTORE,9,2048,1,1,false,false,335000,359300,196608
fork-3,draw_shared_light,I2I_CACHED,9,2048,1,1,false,false,289900,332600,169984
fork-3,draw_shared_light,IPOINTER_EVERY,9,2048,1,1,false,false,242000,283700,151552
fork-3,draw_shared_light,I2I,9,2048,1,1,false,false,292000,334300,163840
fork-3,draw_shared_light,IPOINTER_CACHED,9,2048,1,1,false,false,246300,282800,152576
fork-3,draw_shared_light,ARRAY_FIXED,9,2048,1,1,false,false,203500,237600,65536
fork-3,draw_shared_light,CONSTANT_FIXED,10,2048,1,1,false,false,183600,214600,68608
fork-3,draw_shared_light,I2I_CACHED,10,2048,1,1,false,false,295200,340000,185344
fork-3,draw_shared_light,ARRAY_FIXED,10,2048,1,1,false,false,180500,216300,27648
fork-3,draw_shared_light,I2I,10,2048,1,1,false,false,289000,327500,128000
fork-3,draw_shared_light,IPOINTER_EVERY,10,2048,1,1,false,false,248500,284800,160768
fork-3,draw_shared_light,IPOINTER_BIND_RESTORE,10,2048,1,1,false,false,332800,372200,236544
fork-3,draw_shared_light,I4I,10,2048,1,1,false,false,300200,593900,457728
fork-3,draw_shared_light,IPOINTER_CACHED,10,2048,1,1,false,false,248200,284300,154624
fork-3,draw_shared_light,I4I,11,2048,1,1,false,false,297600,539500,362496
fork-3,draw_shared_light,I2I,11,2048,1,1,false,false,293200,767200,40960
fork-3,draw_shared_light,ARRAY_FIXED,11,2048,1,1,false,false,190400,229500,29696
fork-3,draw_shared_light,IPOINTER_BIND_RESTORE,11,2048,1,1,false,false,386200,482000,75776
fork-3,draw_shared_light,CONSTANT_FIXED,11,2048,1,1,false,false,182500,217200,67584
fork-3,draw_shared_light,IPOINTER_CACHED,11,2048,1,1,false,false,242800,282900,189440
fork-3,draw_shared_light,I2I_CACHED,11,2048,1,1,false,false,290800,959000,747520
fork-3,draw_shared_light,IPOINTER_EVERY,11,2048,1,1,false,false,250200,287600,155648
fork-3,draw_shared_light,I4I,12,2048,1,1,false,false,298400,340400,164864
fork-3,draw_shared_light,I2I_CACHED,12,2048,1,1,false,false,295700,331600,114688
fork-3,draw_shared_light,IPOINTER_BIND_RESTORE,12,2048,1,1,false,false,334500,364900,195584
fork-3,draw_shared_light,ARRAY_FIXED,12,2048,1,1,false,false,186000,218200,64512
fork-3,draw_shared_light,I2I,12,2048,1,1,false,false,280300,322800,165888
fork-3,draw_shared_light,IPOINTER_CACHED,12,2048,1,1,false,false,235500,448400,150528
fork-3,draw_shared_light,CONSTANT_FIXED,12,2048,1,1,false,false,180400,210100,55296
fork-3,draw_shared_light,IPOINTER_EVERY,12,2048,1,1,false,false,240400,280600,181248
fork-3,draw_shared_light,I2I_CACHED,13,2048,1,1,false,false,285200,333800,221184
fork-3,draw_shared_light,ARRAY_FIXED,13,2048,1,1,false,false,169900,206600,27648
fork-3,draw_shared_light,IPOINTER_EVERY,13,2048,1,1,false,false,258200,289600,158720
fork-3,draw_shared_light,I4I,13,2048,1,1,false,false,430100,488700,325632
fork-3,draw_shared_light,IPOINTER_CACHED,13,2048,1,1,false,false,243700,524700,398336
fork-3,draw_shared_light,IPOINTER_BIND_RESTORE,13,2048,1,1,false,false,333500,370100,229376
fork-3,draw_shared_light,CONSTANT_FIXED,13,2048,1,1,false,false,171500,204700,91136
fork-3,draw_shared_light,I2I,13,2048,1,1,false,false,279100,545500,433152
fork-3,draw_shared_light,I2I,14,2048,1,1,false,false,291400,328600,113664
fork-3,draw_shared_light,IPOINTER_EVERY,14,2048,1,1,false,false,226800,265700,146432
fork-3,draw_shared_light,I2I_CACHED,14,2048,1,1,false,false,285500,327700,155648
fork-3,draw_shared_light,IPOINTER_BIND_RESTORE,14,2048,1,1,false,false,361000,405400,241664
fork-3,draw_shared_light,CONSTANT_FIXED,14,2048,1,1,false,false,181200,453400,302080
fork-3,draw_shared_light,ARRAY_FIXED,14,2048,1,1,false,false,173200,298200,22528
fork-3,draw_shared_light,I4I,14,2048,1,1,false,false,282600,327700,179200
fork-3,draw_shared_light,IPOINTER_CACHED,14,2048,1,1,false,false,233200,271900,152576
fork-3,draw_shared_light,I4I,15,2048,1,1,false,false,273900,315400,154624
fork-3,draw_shared_light,I2I,15,2048,1,1,false,false,279500,315800,116736
fork-3,draw_shared_light,ARRAY_FIXED,15,2048,1,1,false,false,179300,217700,28672
fork-3,draw_shared_light,IPOINTER_BIND_RESTORE,15,2048,1,1,false,false,337400,361900,200704
fork-3,draw_shared_light,CONSTANT_FIXED,15,2048,1,1,false,false,182700,213100,64512
fork-3,draw_shared_light,I2I_CACHED,15,2048,1,1,false,false,292500,336000,183296
fork-3,draw_shared_light,IPOINTER_CACHED,15,2048,1,1,false,false,232300,269900,151552
fork-3,draw_shared_light,IPOINTER_EVERY,15,2048,1,1,false,false,246200,423400,180224
fork-3,draw_shared_light,IPOINTER_EVERY,16,2048,1,1,false,false,239900,286700,206848
fork-3,draw_shared_light,ARRAY_FIXED,16,2048,1,1,false,false,174300,210600,27648
fork-3,draw_shared_light,I2I,16,2048,1,1,false,false,273600,311700,121856
fork-3,draw_shared_light,CONSTANT_FIXED,16,2048,1,1,false,false,166800,203700,26624
fork-3,draw_shared_light,I2I_CACHED,16,2048,1,1,false,false,274700,312000,122880
fork-3,draw_shared_light,IPOINTER_CACHED,16,2048,1,1,false,false,233000,270500,146432
fork-3,draw_shared_light,IPOINTER_BIND_RESTORE,16,2048,1,1,false,false,329000,364600,223232
fork-3,draw_shared_light,I4I,16,2048,1,1,false,false,273300,319800,197632
fork-3,draw_shared_light,IPOINTER_BIND_RESTORE,17,2048,1,1,false,false,317700,346500,187392
fork-3,draw_shared_light,I2I,17,2048,1,1,false,false,272500,313600,153600
fork-3,draw_shared_light,IPOINTER_EVERY,17,2048,1,1,false,false,261200,299900,166912
fork-3,draw_shared_light,I2I_CACHED,17,2048,1,1,false,false,286700,329300,158720
fork-3,draw_shared_light,IPOINTER_CACHED,17,2048,1,1,false,false,246000,555400,429056
fork-3,draw_shared_light,I4I,17,2048,1,1,false,false,287400,479500,161792
fork-3,draw_shared_light,ARRAY_FIXED,17,2048,1,1,false,false,192500,226900,28672
fork-3,draw_shared_light,CONSTANT_FIXED,17,2048,1,1,false,false,168900,194600,27648
fork-3,draw_shared_light,IPOINTER_BIND_RESTORE,18,2048,1,1,false,false,316900,349400,206848
fork-3,draw_shared_light,I2I_CACHED,18,2048,1,1,false,false,274200,317500,177152
fork-3,draw_shared_light,IPOINTER_CACHED,18,2048,1,1,false,false,230800,266900,147456
fork-3,draw_shared_light,CONSTANT_FIXED,18,2048,1,1,false,false,168500,195700,52224
fork-3,draw_shared_light,IPOINTER_EVERY,18,2048,1,1,false,false,564400,606100,140288
fork-3,draw_shared_light,I2I,18,2048,1,1,false,false,409200,482800,340992
fork-3,draw_shared_light,ARRAY_FIXED,18,2048,1,1,false,false,192600,228800,28672
fork-3,draw_shared_light,I4I,18,2048,1,1,false,false,301400,340300,123904
fork-3,draw_shared_light,I2I,19,2048,1,1,false,false,321500,543100,124928
fork-3,draw_shared_light,I4I,19,2048,1,1,false,false,310000,346300,130048
fork-3,draw_shared_light,I2I_CACHED,19,2048,1,1,false,false,282500,331100,217088
fork-3,draw_shared_light,ARRAY_FIXED,19,2048,1,1,false,false,171000,207500,27648
fork-3,draw_shared_light,CONSTANT_FIXED,19,2048,1,1,false,false,178300,204600,26624
fork-3,draw_shared_light,IPOINTER_CACHED,19,2048,1,1,false,false,272200,300500,173056
fork-3,draw_shared_light,IPOINTER_EVERY,19,2048,1,1,false,false,252500,291900,180224
fork-3,draw_shared_light,IPOINTER_BIND_RESTORE,19,2048,1,1,false,false,415000,474400,241664
fork-3,draw_shared_light,ARRAY_FIXED,20,2048,1,1,false,false,194200,223400,59392
fork-3,draw_shared_light,CONSTANT_FIXED,20,2048,1,1,false,false,174000,203600,64512
fork-3,draw_shared_light,IPOINTER_EVERY,20,2048,1,1,false,false,228000,268300,182272
fork-3,draw_shared_light,I2I_CACHED,20,2048,1,1,false,false,290400,329400,121856
fork-3,draw_shared_light,I2I,20,2048,1,1,false,false,273200,308000,106496
fork-3,draw_shared_light,IPOINTER_BIND_RESTORE,20,2048,1,1,false,false,326000,374900,281600
fork-3,draw_shared_light,I4I,20,2048,1,1,false,false,273800,310200,110592
fork-3,draw_shared_light,IPOINTER_CACHED,20,2048,1,1,false,false,352100,567700,77824
fork-3,draw_shared_light,I4I,21,2048,1,1,false,false,291500,333200,163840
fork-3,draw_shared_light,ARRAY_FIXED,21,2048,1,1,false,false,215900,251400,40960
fork-3,draw_shared_light,CONSTANT_FIXED,21,2048,1,1,false,false,202000,230100,29696
fork-3,draw_shared_light,IPOINTER_EVERY,21,2048,1,1,false,false,241600,270500,157696
fork-3,draw_shared_light,I2I_CACHED,21,2048,1,1,false,false,289100,543300,392192
fork-3,draw_shared_light,I2I,21,2048,1,1,false,false,294100,334600,119808
fork-3,draw_shared_light,IPOINTER_BIND_RESTORE,21,2048,1,1,false,false,334500,364300,194560
fork-3,draw_shared_light,IPOINTER_CACHED,21,2048,1,1,false,false,242400,272600,167936
fork-3,draw_shared_light,ARRAY_FIXED,22,2048,1,1,false,false,196500,232600,113664
fork-3,draw_shared_light,IPOINTER_EVERY,22,2048,1,1,false,false,255200,300800,212992
fork-3,draw_shared_light,I2I_CACHED,22,2048,1,1,false,false,300600,337600,115712
fork-3,draw_shared_light,I4I,22,2048,1,1,false,false,311100,347700,112640
fork-3,draw_shared_light,CONSTANT_FIXED,22,2048,1,1,false,false,242500,292600,183296
fork-3,draw_shared_light,IPOINTER_CACHED,22,2048,1,1,false,false,247500,284600,156672
fork-3,draw_shared_light,I2I,22,2048,1,1,false,false,282800,325000,159744
fork-3,draw_shared_light,IPOINTER_BIND_RESTORE,22,2048,1,1,false,false,327300,356700,193536
fork-3,draw_shared_light,IPOINTER_CACHED,23,2048,1,1,false,false,239800,277700,177152
fork-3,draw_shared_light,IPOINTER_BIND_RESTORE,23,2048,1,1,false,false,336000,383000,281600
fork-3,draw_shared_light,I2I_CACHED,23,2048,1,1,false,false,285600,471800,116736
fork-3,draw_shared_light,I4I,23,2048,1,1,false,false,287100,324400,110592
fork-3,draw_shared_light,I2I,23,2048,1,1,false,false,289100,339600,220160
fork-3,draw_shared_light,IPOINTER_EVERY,23,2048,1,1,false,false,234400,272500,148480
fork-3,draw_shared_light,CONSTANT_FIXED,23,2048,1,1,false,false,220000,251500,70656
fork-3,draw_shared_light,ARRAY_FIXED,23,2048,1,1,false,false,198800,230000,71680
fork-3,draw_shared_light,I2I_CACHED,24,2048,1,1,false,false,321600,366600,203776
fork-3,draw_shared_light,IPOINTER_EVERY,24,2048,1,1,false,false,258000,435700,76800
fork-3,draw_shared_light,IPOINTER_BIND_RESTORE,24,2048,1,1,false,false,338200,375000,234496
fork-3,draw_shared_light,IPOINTER_CACHED,24,2048,1,1,false,false,270900,449000,78848
fork-3,draw_shared_light,ARRAY_FIXED,24,2048,1,1,false,false,176500,211900,27648
fork-3,draw_shared_light,CONSTANT_FIXED,24,2048,1,1,false,false,294000,321100,29696
fork-3,draw_shared_light,I4I,24,2048,1,1,false,false,294600,334600,140288
fork-3,draw_shared_light,I2I,24,2048,1,1,false,false,288900,327100,116736
fork-3,draw_shared_light,I2I,25,2048,1,1,false,false,282700,317800,109568
fork-3,draw_shared_light,ARRAY_FIXED,25,2048,1,1,false,false,177000,212200,108544
fork-3,draw_shared_light,IPOINTER_CACHED,25,2048,1,1,false,false,240300,277500,153600
fork-3,draw_shared_light,IPOINTER_BIND_RESTORE,25,2048,1,1,false,false,329300,364900,230400
fork-3,draw_shared_light,I4I,25,2048,1,1,false,false,285300,332600,204800
fork-3,draw_shared_light,CONSTANT_FIXED,25,2048,1,1,false,false,180600,216600,27648
fork-3,draw_shared_light,IPOINTER_EVERY,25,2048,1,1,false,false,249900,282500,159744
fork-3,draw_shared_light,I2I_CACHED,25,2048,1,1,false,false,290100,334300,175104
fork-3,draw_shared_light,IPOINTER_CACHED,26,2048,1,1,false,false,240700,278600,154624
fork-3,draw_shared_light,IPOINTER_EVERY,26,2048,1,1,false,false,237500,268100,167936
fork-3,draw_shared_light,ARRAY_FIXED,26,2048,1,1,false,false,176100,209900,96256
fork-3,draw_shared_light,I4I,26,2048,1,1,false,false,299300,348600,232448
fork-3,draw_shared_light,CONSTANT_FIXED,26,2048,1,1,false,false,181900,217600,27648
fork-3,draw_shared_light,IPOINTER_BIND_RESTORE,26,2048,1,1,false,false,331900,357500,197632
fork-3,draw_shared_light,I2I,26,2048,1,1,false,false,323700,370400,199680
fork-3,draw_shared_light,I2I_CACHED,26,2048,1,1,false,false,311500,348000,128000
fork-3,draw_shared_light,ARRAY_FIXED,27,2048,1,1,false,false,190900,300500,27648
fork-3,draw_shared_light,I4I,27,2048,1,1,false,false,409000,449100,146432
fork-3,draw_shared_light,IPOINTER_CACHED,27,2048,1,1,false,false,280600,340400,172032
fork-3,draw_shared_light,IPOINTER_EVERY,27,2048,1,1,false,false,285200,317600,190464
fork-3,draw_shared_light,I2I_CACHED,27,2048,1,1,false,false,389400,437000,217088
fork-3,draw_shared_light,IPOINTER_BIND_RESTORE,27,2048,1,1,false,false,358000,616800,435200
fork-3,draw_shared_light,CONSTANT_FIXED,27,2048,1,1,false,false,192100,340200,64512
fork-3,draw_shared_light,I2I,27,2048,1,1,false,false,340000,386200,174080
fork-3,draw_shared_light,IPOINTER_CACHED,28,2048,1,1,false,false,230200,269500,149504
fork-3,draw_shared_light,I2I_CACHED,28,2048,1,1,false,false,274400,323600,157696
fork-3,draw_shared_light,CONSTANT_FIXED,28,2048,1,1,false,false,181400,218300,28672
fork-3,draw_shared_light,I2I,28,2048,1,1,false,false,288200,326200,121856
fork-3,draw_shared_light,IPOINTER_BIND_RESTORE,28,2048,1,1,false,false,319100,350500,189440
fork-3,draw_shared_light,IPOINTER_EVERY,28,2048,1,1,false,false,230500,263600,163840
fork-3,draw_shared_light,ARRAY_FIXED,28,2048,1,1,false,false,171300,204900,94208
fork-3,draw_shared_light,I4I,28,2048,1,1,false,false,283100,331800,212992
fork-3,draw_shared_light,ARRAY_FIXED,29,2048,1,1,false,false,171700,350200,168960
fork-3,draw_shared_light,IPOINTER_EVERY,29,2048,1,1,false,false,240900,432500,157696
fork-3,draw_shared_light,IPOINTER_BIND_RESTORE,29,2048,1,1,false,false,329100,370400,243712
fork-3,draw_shared_light,IPOINTER_CACHED,29,2048,1,1,false,false,228100,279700,207872
fork-3,draw_shared_light,I4I,29,2048,1,1,false,false,274700,311600,110592
fork-3,draw_shared_light,I2I_CACHED,29,2048,1,1,false,false,295900,332200,112640
fork-3,draw_shared_light,CONSTANT_FIXED,29,2048,1,1,false,false,183200,219700,116736
fork-3,draw_shared_light,I2I,29,2048,1,1,false,false,272000,307600,109568
fork-3,draw_shared_light,CONSTANT_FIXED,30,2048,1,1,false,false,171400,209700,28672
fork-3,draw_shared_light,I2I_CACHED,30,2048,1,1,false,false,277600,315600,121856
fork-3,draw_shared_light,IPOINTER_CACHED,30,2048,1,1,false,false,297200,436000,316416
fork-3,draw_shared_light,I4I,30,2048,1,1,false,false,295900,339000,165888
fork-3,draw_shared_light,IPOINTER_BIND_RESTORE,30,2048,1,1,false,false,338000,367600,195584
fork-3,draw_shared_light,ARRAY_FIXED,30,2048,1,1,false,false,174200,201400,53248
fork-3,draw_shared_light,I2I,30,2048,1,1,false,false,288400,332400,177152
fork-3,draw_shared_light,IPOINTER_EVERY,30,2048,1,1,false,false,234400,272700,153600
fork-3,draw_shared_both,ARRAY_FIXED,0,2048,1,2,false,false,176800,213800,28672
fork-3,draw_shared_both,I2I,0,2048,1,2,false,false,389400,445500,244736
fork-3,draw_shared_both,IPOINTER_EVERY,0,2048,1,2,false,false,276000,309800,172032
fork-3,draw_shared_both,IPOINTER_CACHED,0,2048,1,2,false,false,283300,320900,206848
fork-3,draw_shared_both,I2I_CACHED,0,2048,1,2,false,false,464900,506400,371712
fork-3,draw_shared_both,CONSTANT_FIXED,0,2048,1,2,false,false,172300,205800,89088
fork-3,draw_shared_both,I4I,0,2048,1,2,false,false,419900,457600,327680
fork-3,draw_shared_both,IPOINTER_BIND_RESTORE,0,2048,1,2,false,false,362800,418300,293888
fork-3,draw_shared_both,ARRAY_FIXED,1,2048,1,2,false,false,275500,310300,28672
fork-3,draw_shared_both,I2I_CACHED,1,2048,1,2,false,false,633800,1349000,1002496
fork-3,draw_shared_both,IPOINTER_CACHED,1,2048,1,2,false,false,304500,337500,184320
fork-3,draw_shared_both,IPOINTER_EVERY,1,2048,1,2,false,false,288900,326500,207872
fork-3,draw_shared_both,CONSTANT_FIXED,1,2048,1,2,false,false,176300,210800,98304
fork-3,draw_shared_both,I2I,1,2048,1,2,false,false,401700,441400,321536
fork-3,draw_shared_both,IPOINTER_BIND_RESTORE,1,2048,1,2,false,false,386500,434300,323584
fork-3,draw_shared_both,I4I,1,2048,1,2,false,false,452400,559800,267264
fork-3,draw_shared_both,I2I,2,2048,1,2,false,false,420000,480200,243712
fork-3,draw_shared_both,IPOINTER_CACHED,2,2048,1,2,false,false,285900,320400,173056
fork-3,draw_shared_both,IPOINTER_BIND_RESTORE,2,2048,1,2,false,false,366700,405500,258048
fork-3,draw_shared_both,I2I_CACHED,2,2048,1,2,false,false,395000,430700,300032
fork-3,draw_shared_both,IPOINTER_EVERY,2,2048,1,2,false,false,279000,323800,228352
fork-3,draw_shared_both,CONSTANT_FIXED,2,2048,1,2,false,false,181700,221000,30720
fork-3,draw_shared_both,ARRAY_FIXED,2,2048,1,2,false,false,178100,204700,27648
fork-3,draw_shared_both,I4I,2,2048,1,2,false,false,449000,493000,273408
fork-3,draw_shared_both,IPOINTER_BIND_RESTORE,3,2048,1,2,false,false,399600,431600,253952
fork-3,draw_shared_both,IPOINTER_EVERY,3,2048,1,2,false,false,297800,503300,388096
fork-3,draw_shared_both,I2I_CACHED,3,2048,1,2,false,false,467700,500600,72704
fork-3,draw_shared_both,I4I,3,2048,1,2,false,false,432500,474100,333824
fork-3,draw_shared_both,I2I,3,2048,1,2,false,false,384600,420200,287744
fork-3,draw_shared_both,IPOINTER_CACHED,3,2048,1,2,false,false,277700,322700,225280
fork-3,draw_shared_both,ARRAY_FIXED,3,2048,1,2,false,false,174100,211600,28672
fork-3,draw_shared_both,CONSTANT_FIXED,3,2048,1,2,false,false,168100,194900,26624
fork-3,draw_shared_both,CONSTANT_FIXED,4,2048,1,2,false,false,167100,465200,306176
fork-3,draw_shared_both,IPOINTER_CACHED,4,2048,1,2,false,false,366100,1021600,78848
fork-3,draw_shared_both,I2I_CACHED,4,2048,1,2,false,false,385900,602600,71680
fork-3,draw_shared_both,ARRAY_FIXED,4,2048,1,2,false,false,166400,201100,78848
fork-3,draw_shared_both,IPOINTER_EVERY,4,2048,1,2,false,false,284900,330900,233472
fork-3,draw_shared_both,IPOINTER_BIND_RESTORE,4,2048,1,2,false,false,379300,404000,218112
fork-3,draw_shared_both,I4I,4,2048,1,2,false,false,415800,444600,267264
fork-3,draw_shared_both,I2I,4,2048,1,2,false,false,400400,436600,247808
fork-3,draw_shared_both,I2I_CACHED,5,2048,1,2,false,false,552300,732600,486400
fork-3,draw_shared_both,CONSTANT_FIXED,5,2048,1,2,false,false,213100,241900,35840
fork-3,draw_shared_both,I4I,5,2048,1,2,false,false,508300,1104200,890880
fork-3,draw_shared_both,IPOINTER_EVERY,5,2048,1,2,false,false,281900,311200,174080
fork-3,draw_shared_both,IPOINTER_BIND_RESTORE,5,2048,1,2,false,false,367700,410700,278528
fork-3,draw_shared_both,I2I,5,2048,1,2,false,false,391600,447900,223232
fork-3,draw_shared_both,IPOINTER_CACHED,5,2048,1,2,false,false,276200,310600,169984
fork-3,draw_shared_both,ARRAY_FIXED,5,2048,1,2,false,false,227600,261300,82944
fork-3,draw_shared_both,I4I,6,2048,1,2,false,false,480000,511800,309248
fork-3,draw_shared_both,CONSTANT_FIXED,6,2048,1,2,false,false,214800,244300,76800
fork-3,draw_shared_both,IPOINTER_BIND_RESTORE,6,2048,1,2,false,false,425500,466700,305152
fork-3,draw_shared_both,IPOINTER_EVERY,6,2048,1,2,false,false,324500,600400,276480
fork-3,draw_shared_both,I2I,6,2048,1,2,false,false,389600,446900,224256
fork-3,draw_shared_both,I2I_CACHED,6,2048,1,2,false,false,379100,434500,222208
fork-3,draw_shared_both,ARRAY_FIXED,6,2048,1,2,false,false,175200,212300,27648
fork-3,draw_shared_both,IPOINTER_CACHED,6,2048,1,2,false,false,365700,416800,256000
fork-3,draw_shared_both,I2I,7,2048,1,2,false,false,589900,765100,438272
fork-3,draw_shared_both,I2I_CACHED,7,2048,1,2,false,false,401500,428300,254976
fork-3,draw_shared_both,IPOINTER_BIND_RESTORE,7,2048,1,2,false,false,374100,413600,250880
fork-3,draw_shared_both,ARRAY_FIXED,7,2048,1,2,false,false,168800,201600,86016
fork-3,draw_shared_both,I4I,7,2048,1,2,false,false,393200,429800,306176
fork-3,draw_shared_both,IPOINTER_CACHED,7,2048,1,2,false,false,348600,418800,323584
fork-3,draw_shared_both,IPOINTER_EVERY,7,2048,1,2,false,false,284700,319500,176128
fork-3,draw_shared_both,CONSTANT_FIXED,7,2048,1,2,false,false,166600,193500,51200
fork-3,draw_shared_both,I2I,8,2048,1,2,false,false,426300,464600,293888
fork-3,draw_shared_both,IPOINTER_BIND_RESTORE,8,2048,1,2,false,false,379500,697000,366592
fork-3,draw_shared_both,IPOINTER_CACHED,8,2048,1,2,false,false,300100,563100,257024
fork-3,draw_shared_both,I2I_CACHED,8,2048,1,2,false,false,388000,495400,274432
fork-3,draw_shared_both,ARRAY_FIXED,8,2048,1,2,false,false,169600,206900,27648
fork-3,draw_shared_both,IPOINTER_EVERY,8,2048,1,2,false,false,275000,306300,172032
fork-3,draw_shared_both,CONSTANT_FIXED,8,2048,1,2,false,false,167900,195800,62464
fork-3,draw_shared_both,I4I,8,2048,1,2,false,false,406800,437900,288768
fork-3,draw_shared_both,CONSTANT_FIXED,9,2048,1,2,false,false,260000,293100,114688
fork-3,draw_shared_both,I4I,9,2048,1,2,false,false,435900,469400,304128
fork-3,draw_shared_both,IPOINTER_EVERY,9,2048,1,2,false,false,287000,327600,217088
fork-3,draw_shared_both,I2I,9,2048,1,2,false,false,395700,452400,227328
fork-3,draw_shared_both,IPOINTER_CACHED,9,2048,1,2,false,false,287400,322500,178176
fork-3,draw_shared_both,IPOINTER_BIND_RESTORE,9,2048,1,2,false,false,361800,398500,252928
fork-3,draw_shared_both,ARRAY_FIXED,9,2048,1,2,false,false,168600,203000,93184
fork-3,draw_shared_both,I2I_CACHED,9,2048,1,2,false,false,395800,435700,317440
fork-3,draw_shared_both,IPOINTER_BIND_RESTORE,10,2048,1,2,false,false,443200,830400,447488
fork-3,draw_shared_both,I2I_CACHED,10,2048,1,2,false,false,504200,960100,528384
fork-3,draw_shared_both,CONSTANT_FIXED,10,2048,1,2,false,false,189400,240200,28672
fork-3,draw_shared_both,I2I,10,2048,1,2,false,false,423600,481900,254976
fork-3,draw_shared_both,IPOINTER_EVERY,10,2048,1,2,false,false,381100,645800,484352
fork-3,draw_shared_both,I4I,10,2048,1,2,false,false,457300,654400,283648
fork-3,draw_shared_both,IPOINTER_CACHED,10,2048,1,2,false,false,285900,322800,199680
fork-3,draw_shared_both,ARRAY_FIXED,10,2048,1,2,false,false,256100,292400,114688
fork-3,draw_shared_both,IPOINTER_EVERY,11,2048,1,2,false,false,342200,389500,281600
fork-3,draw_shared_both,I4I,11,2048,1,2,false,false,445000,510900,258048
fork-3,draw_shared_both,IPOINTER_BIND_RESTORE,11,2048,1,2,false,false,366800,394800,208896
fork-3,draw_shared_both,I2I_CACHED,11,2048,1,2,false,false,404600,432300,257024
fork-3,draw_shared_both,I2I,11,2048,1,2,false,false,398600,430500,246784
fork-3,draw_shared_both,IPOINTER_CACHED,11,2048,1,2,false,false,282300,460000,328704
fork-3,draw_shared_both,ARRAY_FIXED,11,2048,1,2,false,false,175800,294200,80896
fork-3,draw_shared_both,CONSTANT_FIXED,11,2048,1,2,false,false,173800,207700,89088
fork-3,draw_shared_both,IPOINTER_EVERY,12,2048,1,2,false,false,274800,325400,235520
fork-3,draw_shared_both,I2I,12,2048,1,2,false,false,407200,519000,69632
fork-3,draw_shared_both,I4I,12,2048,1,2,false,false,458300,750500,346112
fork-3,draw_shared_both,ARRAY_FIXED,12,2048,1,2,false,false,178000,213400,27648
fork-3,draw_shared_both,IPOINTER_BIND_RESTORE,12,2048,1,2,false,false,383700,411300,234496
fork-3,draw_shared_both,I2I_CACHED,12,2048,1,2,false,false,385400,412900,252928
fork-3,draw_shared_both,IPOINTER_CACHED,12,2048,1,2,false,false,274700,311300,198656
fork-3,draw_shared_both,CONSTANT_FIXED,12,2048,1,2,false,false,166800,204300,97280
fork-3,draw_shared_both,IPOINTER_CACHED,13,2048,1,2,false,false,288500,338400,254976
fork-3,draw_shared_both,I2I_CACHED,13,2048,1,2,false,false,383200,438700,226304
fork-3,draw_shared_both,IPOINTER_BIND_RESTORE,13,2048,1,2,false,false,444200,473400,249856
fork-3,draw_shared_both,ARRAY_FIXED,13,2048,1,2,false,false,205100,233900,70656
fork-3,draw_shared_both,I2I,13,2048,1,2,false,false,437500,681900,493568
fork-3,draw_shared_both,CONSTANT_FIXED,13,2048,1,2,false,false,221900,352000,74752
fork-3,draw_shared_both,I4I,13,2048,1,2,false,false,433600,485700,292864
fork-3,draw_shared_both,IPOINTER_EVERY,13,2048,1,2,false,false,340600,380600,244736
fork-3,draw_shared_both,CONSTANT_FIXED,14,2048,1,2,false,false,204800,239100,112640
fork-3,draw_shared_both,I4I,14,2048,1,2,false,false,431800,486800,251904
fork-3,draw_shared_both,ARRAY_FIXED,14,2048,1,2,false,false,266300,315500,28672
fork-3,draw_shared_both,IPOINTER_EVERY,14,2048,1,2,false,false,447800,481100,109568
fork-3,draw_shared_both,I2I_CACHED,14,2048,1,2,false,false,403100,458700,72704
fork-3,draw_shared_both,IPOINTER_BIND_RESTORE,14,2048,1,2,false,false,380200,417700,267264
fork-3,draw_shared_both,IPOINTER_CACHED,14,2048,1,2,false,false,331100,379600,291840
fork-3,draw_shared_both,I2I,14,2048,1,2,false,false,393100,449600,231424
fork-3,draw_shared_both,CONSTANT_FIXED,15,2048,1,2,false,false,168000,205500,27648
fork-3,draw_shared_both,I4I,15,2048,1,2,false,false,412100,470500,256000
fork-3,draw_shared_both,ARRAY_FIXED,15,2048,1,2,false,false,170500,207700,27648
fork-3,draw_shared_both,I2I,15,2048,1,2,false,false,552500,862700,565248
fork-3,draw_shared_both,IPOINTER_BIND_RESTORE,15,2048,1,2,false,false,398400,572000,114688
fork-3,draw_shared_both,I2I_CACHED,15,2048,1,2,false,false,397900,425500,245760
fork-3,draw_shared_both,IPOINTER_CACHED,15,2048,1,2,false,false,291900,328600,202752
fork-3,draw_shared_both,IPOINTER_EVERY,15,2048,1,2,false,false,284400,327800,233472
fork-3,draw_shared_both,I2I_CACHED,16,2048,1,2,false,false,381400,449300,228352
fork-3,draw_shared_both,I4I,16,2048,1,2,false,false,456500,516900,257024
fork-3,draw_shared_both,CONSTANT_FIXED,16,2048,1,2,false,false,168900,206400,28672
fork-3,draw_shared_both,ARRAY_FIXED,16,2048,1,2,false,false,172200,199700,27648
fork-3,draw_shared_both,IPOINTER_CACHED,16,2048,1,2,false,false,335600,367800,239616
fork-3,draw_shared_both,IPOINTER_EVERY,16,2048,1,2,false,false,334600,654800,528384
fork-3,draw_shared_both,I2I,16,2048,1,2,false,false,393300,451200,230400
fork-3,draw_shared_both,IPOINTER_BIND_RESTORE,16,2048,1,2,false,false,420200,446100,262144
fork-3,draw_shared_both,IPOINTER_EVERY,17,2048,1,2,false,false,287200,324400,205824
fork-3,draw_shared_both,IPOINTER_CACHED,17,2048,1,2,false,false,360700,478700,388096
fork-3,draw_shared_both,ARRAY_FIXED,17,2048,1,2,false,false,177000,214000,27648
fork-3,draw_shared_both,I2I,17,2048,1,2,false,false,557700,611800,333824
fork-3,draw_shared_both,CONSTANT_FIXED,17,2048,1,2,false,false,172300,207200,28672
fork-3,draw_shared_both,I4I,17,2048,1,2,false,false,401000,455500,248832
fork-3,draw_shared_both,IPOINTER_BIND_RESTORE,17,2048,1,2,false,false,1699200,1729200,1272832
fork-3,draw_shared_both,I2I_CACHED,17,2048,1,2,false,false,397800,422500,251904
fork-3,draw_shared_both,I2I_CACHED,18,2048,1,2,false,false,401900,433000,252928
fork-3,draw_shared_both,I2I,18,2048,1,2,false,false,494300,526900,338944
fork-3,draw_shared_both,IPOINTER_CACHED,18,2048,1,2,false,false,289200,316700,183296
fork-3,draw_shared_both,I4I,18,2048,1,2,false,false,416300,447700,278528
fork-3,draw_shared_both,ARRAY_FIXED,18,2048,1,2,false,false,182100,210600,72704
fork-3,draw_shared_both,IPOINTER_BIND_RESTORE,18,2048,1,2,false,false,396700,442600,295936
fork-3,draw_shared_both,CONSTANT_FIXED,18,2048,1,2,false,false,174400,210200,27648
fork-3,draw_shared_both,IPOINTER_EVERY,18,2048,1,2,false,false,273400,304000,171008
fork-3,draw_shared_both,I2I,19,2048,1,2,false,false,407400,656800,262144
fork-3,draw_shared_both,I4I,19,2048,1,2,false,false,445400,471500,271360
fork-3,draw_shared_both,IPOINTER_EVERY,19,2048,1,2,false,false,286200,322100,198656
fork-3,draw_shared_both,CONSTANT_FIXED,19,2048,1,2,false,false,196600,233100,98304
fork-3,draw_shared_both,ARRAY_FIXED,19,2048,1,2,false,false,180500,216400,105472
fork-3,draw_shared_both,IPOINTER_CACHED,19,2048,1,2,false,false,330600,360900,78848
fork-3,draw_shared_both,IPOINTER_BIND_RESTORE,19,2048,1,2,false,false,491200,531000,377856
fork-3,draw_shared_both,I2I_CACHED,19,2048,1,2,false,false,399100,435300,296960
fork-3,draw_shared_both,CONSTANT_FIXED,20,2048,1,2,false,false,172800,206000,83968
fork-3,draw_shared_both,IPOINTER_EVERY,20,2048,1,2,false,false,282600,546800,455680
fork-3,draw_shared_both,IPOINTER_CACHED,20,2048,1,2,false,false,290600,328300,177152
fork-3,draw_shared_both,I2I,20,2048,1,2,false,false,404500,440800,259072
fork-3,draw_shared_both,I4I,20,2048,1,2,false,false,459200,1154200,792576
fork-3,draw_shared_both,I2I_CACHED,20,2048,1,2,false,false,415800,458000,139264
fork-3,draw_shared_both,IPOINTER_BIND_RESTORE,20,2048,1,2,false,false,379200,411200,238592
fork-3,draw_shared_both,ARRAY_FIXED,20,2048,1,2,false,false,168600,198900,68608
fork-3,draw_shared_both,I4I,21,2048,1,2,false,false,392000,427600,282624
fork-3,draw_shared_both,IPOINTER_CACHED,21,2048,1,2,false,false,280800,320600,212992
fork-3,draw_shared_both,CONSTANT_FIXED,21,2048,1,2,false,false,187700,223300,27648
fork-3,draw_shared_both,IPOINTER_BIND_RESTORE,21,2048,1,2,false,false,454700,499700,154624
fork-3,draw_shared_both,I2I,21,2048,1,2,false,false,446600,472500,286720
fork-3,draw_shared_both,I2I_CACHED,21,2048,1,2,false,false,413300,537300,71680
fork-3,draw_shared_both,IPOINTER_EVERY,21,2048,1,2,false,false,274800,310600,190464
fork-3,draw_shared_both,ARRAY_FIXED,21,2048,1,2,false,false,174200,206800,93184
fork-3,draw_shared_both,I4I,22,2048,1,2,false,false,415500,649900,324608
fork-3,draw_shared_both,I2I_CACHED,22,2048,1,2,false,false,452900,492800,352256
fork-3,draw_shared_both,CONSTANT_FIXED,22,2048,1,2,false,false,210300,243000,100352
fork-3,draw_shared_both,IPOINTER_EVERY,22,2048,1,2,false,false,390300,490800,79872
fork-3,draw_shared_both,IPOINTER_CACHED,22,2048,1,2,false,false,327200,375400,188416
fork-3,draw_shared_both,I2I,22,2048,1,2,false,false,426400,476900,265216
fork-3,draw_shared_both,ARRAY_FIXED,22,2048,1,2,false,false,213900,242500,64512
fork-3,draw_shared_both,IPOINTER_BIND_RESTORE,22,2048,1,2,false,false,436800,476800,309248
fork-3,draw_shared_both,ARRAY_FIXED,23,2048,1,2,false,false,210300,244300,114688
fork-3,draw_shared_both,IPOINTER_EVERY,23,2048,1,2,false,false,333700,583000,479232
fork-3,draw_shared_both,I4I,23,2048,1,2,false,false,603700,787500,444416
fork-3,draw_shared_both,I2I_CACHED,23,2048,1,2,false,false,514700,778500,69632
fork-3,draw_shared_both,IPOINTER_BIND_RESTORE,23,2048,1,2,false,false,382600,409900,217088
fork-3,draw_shared_both,I2I,23,2048,1,2,false,false,391700,422100,244736
fork-3,draw_shared_both,IPOINTER_CACHED,23,2048,1,2,false,false,278200,308300,187392
fork-3,draw_shared_both,CONSTANT_FIXED,23,2048,1,2,false,false,167100,199500,83968
fork-3,draw_shared_both,CONSTANT_FIXED,24,2048,1,2,false,false,167000,200600,93184
fork-3,draw_shared_both,IPOINTER_CACHED,24,2048,1,2,false,false,274500,324500,244736
fork-3,draw_shared_both,I2I,24,2048,1,2,false,false,418800,480700,235520
fork-3,draw_shared_both,IPOINTER_BIND_RESTORE,24,2048,1,2,false,false,367100,395800,212992
fork-3,draw_shared_both,ARRAY_FIXED,24,2048,1,2,false,false,169100,195300,51200
fork-3,draw_shared_both,I2I_CACHED,24,2048,1,2,false,false,384400,413700,254976
fork-3,draw_shared_both,IPOINTER_EVERY,24,2048,1,2,false,false,281600,318600,198656
fork-3,draw_shared_both,I4I,24,2048,1,2,false,false,396500,433300,295936
fork-3,draw_shared_both,IPOINTER_EVERY,25,2048,1,2,false,false,286400,519000,240640
fork-3,draw_shared_both,ARRAY_FIXED,25,2048,1,2,false,false,203900,256100,28672
fork-3,draw_shared_both,I2I_CACHED,25,2048,1,2,false,false,443000,515100,267264
fork-3,draw_shared_both,IPOINTER_CACHED,25,2048,1,2,false,false,405000,711900,420864
fork-3,draw_shared_both,I2I,25,2048,1,2,false,false,444500,569300,73728
fork-3,draw_shared_both,I4I,25,2048,1,2,false,false,529200,592400,275456
fork-3,draw_shared_both,CONSTANT_FIXED,25,2048,1,2,false,false,210600,408900,24576
fork-3,draw_shared_both,IPOINTER_BIND_RESTORE,25,2048,1,2,false,false,426000,464700,288768
fork-3,draw_shared_both,IPOINTER_EVERY,26,2048,1,2,false,false,324300,371700,263168
fork-3,draw_shared_both,CONSTANT_FIXED,26,2048,1,2,false,false,200700,248900,28672
fork-3,draw_shared_both,IPOINTER_BIND_RESTORE,26,2048,1,2,false,false,1138700,1188600,565248
fork-3,draw_shared_both,IPOINTER_CACHED,26,2048,1,2,false,false,495100,535300,307200
fork-3,draw_shared_both,I2I,26,2048,1,2,false,false,394200,433600,312320
fork-3,draw_shared_both,I2I_CACHED,26,2048,1,2,false,false,388800,426800,297984
fork-3,draw_shared_both,I4I,26,2048,1,2,false,false,427300,644300,314368
fork-3,draw_shared_both,ARRAY_FIXED,26,2048,1,2,false,false,186200,222900,89088
fork-3,draw_shared_both,I2I_CACHED,27,2048,1,2,false,false,404800,439100,302080
fork-3,draw_shared_both,IPOINTER_EVERY,27,2048,1,2,false,false,416000,537800,402432
fork-3,draw_shared_both,I4I,27,2048,1,2,false,false,457000,689100,70656
fork-3,draw_shared_both,IPOINTER_BIND_RESTORE,27,2048,1,2,false,false,384700,408700,218112
fork-3,draw_shared_both,ARRAY_FIXED,27,2048,1,2,false,false,169400,196200,52224
fork-3,draw_shared_both,I2I,27,2048,1,2,false,false,491100,728200,559104
fork-3,draw_shared_both,IPOINTER_CACHED,27,2048,1,2,false,false,285900,323600,205824
fork-3,draw_shared_both,CONSTANT_FIXED,27,2048,1,2,false,false,167800,346100,237568
fork-3,draw_shared_both,CONSTANT_FIXED,28,2048,1,2,false,false,174000,211700,110592
fork-3,draw_shared_both,IPOINTER_BIND_RESTORE,28,2048,1,2,false,false,597700,624500,228352
fork-3,draw_shared_both,IPOINTER_CACHED,28,2048,1,2,false,false,278900,316300,199680
fork-3,draw_shared_both,I4I,28,2048,1,2,false,false,420400,460300,316416
fork-3,draw_shared_both,I2I,28,2048,1,2,false,false,387900,596000,283648
fork-3,draw_shared_both,IPOINTER_EVERY,28,2048,1,2,false,false,286500,330900,226304
fork-3,draw_shared_both,I2I_CACHED,28,2048,1,2,false,false,374700,431700,221184
fork-3,draw_shared_both,ARRAY_FIXED,28,2048,1,2,false,false,192000,227400,27648
fork-3,draw_shared_both,ARRAY_FIXED,29,2048,1,2,false,false,175000,201400,26624
fork-3,draw_shared_both,IPOINTER_BIND_RESTORE,29,2048,1,2,false,false,430900,769400,478208
fork-3,draw_shared_both,CONSTANT_FIXED,29,2048,1,2,false,false,174700,211100,79872
fork-3,draw_shared_both,IPOINTER_CACHED,29,2048,1,2,false,false,293800,339900,245760
fork-3,draw_shared_both,I2I,29,2048,1,2,false,false,396300,453900,233472
fork-3,draw_shared_both,IPOINTER_EVERY,29,2048,1,2,false,false,270900,473000,330752
fork-3,draw_shared_both,I4I,29,2048,1,2,false,false,420600,547800,269312
fork-3,draw_shared_both,I2I_CACHED,29,2048,1,2,false,false,399700,436700,249856
fork-3,draw_shared_both,IPOINTER_CACHED,30,2048,1,2,false,false,276800,310400,184320
fork-3,draw_shared_both,I4I,30,2048,1,2,false,false,399200,430700,271360
fork-3,draw_shared_both,ARRAY_FIXED,30,2048,1,2,false,false,168900,199600,68608
fork-3,draw_shared_both,IPOINTER_BIND_RESTORE,30,2048,1,2,false,false,462700,612100,435200
fork-3,draw_shared_both,IPOINTER_EVERY,30,2048,1,2,false,false,283500,535400,78848
fork-3,draw_shared_both,I2I_CACHED,30,2048,1,2,false,false,417800,446500,261120
fork-3,draw_shared_both,I2I,30,2048,1,2,false,false,399300,435700,250880
fork-3,draw_shared_both,CONSTANT_FIXED,30,2048,1,2,false,false,175900,202000,39936
fork-3,draw_shared_group16_light,I4I,0,2048,1,1,false,false,290300,338500,198656
fork-3,draw_shared_group16_light,I2I,0,2048,1,1,false,false,285800,323000,112640
fork-3,draw_shared_group16_light,CONSTANT_FIXED,0,2048,1,1,false,false,172300,212500,28672
fork-3,draw_shared_group16_light,IPOINTER_EVERY,0,2048,1,1,false,false,232800,270700,153600
fork-3,draw_shared_group16_light,I2I_CACHED,0,2048,1,1,false,false,178500,406400,265216
fork-3,draw_shared_group16_light,IPOINTER_CACHED,0,2048,1,1,false,false,272400,421200,101376
fork-3,draw_shared_group16_light,ARRAY_FIXED,0,2048,1,1,false,false,175700,213100,105472
fork-3,draw_shared_group16_light,IPOINTER_BIND_RESTORE,0,2048,1,1,false,false,403700,438000,275456
fork-3,draw_shared_group16_light,I2I_CACHED,1,2048,1,1,false,false,216300,260000,110592
fork-3,draw_shared_group16_light,I2I,1,2048,1,1,false,false,281100,901100,44032
fork-3,draw_shared_group16_light,I4I,1,2048,1,1,false,false,284500,322400,116736
fork-3,draw_shared_group16_light,ARRAY_FIXED,1,2048,1,1,false,false,180600,223900,28672
fork-3,draw_shared_group16_light,IPOINTER_CACHED,1,2048,1,1,false,false,172500,197600,34816
fork-3,draw_shared_group16_light,IPOINTER_BIND_RESTORE,1,2048,1,1,false,false,320900,357200,224256
fork-3,draw_shared_group16_light,CONSTANT_FIXED,1,2048,1,1,false,false,173700,1154000,1034240
fork-3,draw_shared_group16_light,IPOINTER_EVERY,1,2048,1,1,false,false,236200,694400,82944
fork-3,draw_shared_group16_light,I2I_CACHED,2,2048,1,1,false,false,232700,266000,28672
fork-3,draw_shared_group16_light,IPOINTER_EVERY,2,2048,1,1,false,false,240500,275100,160768
fork-3,draw_shared_group16_light,CONSTANT_FIXED,2,2048,1,1,false,false,173800,203700,69632
fork-3,draw_shared_group16_light,I4I,2,2048,1,1,false,false,282900,330200,190464
fork-3,draw_shared_group16_light,I2I,2,2048,1,1,false,false,282000,320100,113664
fork-3,draw_shared_group16_light,IPOINTER_BIND_RESTORE,2,2048,1,1,false,false,332800,364300,196608
fork-3,draw_shared_group16_light,ARRAY_FIXED,2,2048,1,1,false,false,180400,207900,50176
fork-3,draw_shared_group16_light,IPOINTER_CACHED,2,2048,1,1,false,false,178300,209300,72704
fork-3,draw_shared_group16_light,CONSTANT_FIXED,3,2048,1,1,false,false,177000,210500,91136
fork-3,draw_shared_group16_light,ARRAY_FIXED,3,2048,1,1,false,false,213000,263000,101376
fork-3,draw_shared_group16_light,IPOINTER_CACHED,3,2048,1,1,false,false,195500,234500,125952
fork-3,draw_shared_group16_light,I2I,3,2048,1,1,false,false,283100,745300,44032
fork-3,draw_shared_group16_light,I2I_CACHED,3,2048,1,1,false,false,253000,472100,30720
fork-3,draw_shared_group16_light,IPOINTER_BIND_RESTORE,3,2048,1,1,false,false,329500,356500,199680
fork-3,draw_shared_group16_light,I4I,3,2048,1,1,false,false,302400,350000,187392
fork-3,draw_shared_group16_light,IPOINTER_EVERY,3,2048,1,1,false,false,235800,277500,153600
fork-3,draw_shared_group16_light,IPOINTER_CACHED,4,2048,1,1,false,false,182900,214300,67584
fork-3,draw_shared_group16_light,I4I,4,2048,1,1,false,false,334000,395300,250880
fork-3,draw_shared_group16_light,I2I,4,2048,1,1,false,false,318300,355700,131072
fork-3,draw_shared_group16_light,ARRAY_FIXED,4,2048,1,1,false,false,196800,665000,28672
fork-3,draw_shared_group16_light,IPOINTER_BIND_RESTORE,4,2048,1,1,false,false,357800,417800,214016
fork-3,draw_shared_group16_light,I2I_CACHED,4,2048,1,1,false,false,201000,231200,79872
fork-3,draw_shared_group16_light,IPOINTER_EVERY,4,2048,1,1,false,false,285300,330700,219136
fork-3,draw_shared_group16_light,CONSTANT_FIXED,4,2048,1,1,false,false,174100,212000,27648
fork-3,draw_shared_group16_light,I2I_CACHED,5,2048,1,1,false,false,185400,207800,27648
fork-3,draw_shared_group16_light,I4I,5,2048,1,1,false,false,274400,315700,140288
fork-3,draw_shared_group16_light,IPOINTER_CACHED,5,2048,1,1,false,false,173600,200700,28672
fork-3,draw_shared_group16_light,I2I,5,2048,1,1,false,false,277300,318700,137216
fork-3,draw_shared_group16_light,IPOINTER_EVERY,5,2048,1,1,false,false,280100,320000,193536
fork-3,draw_shared_group16_light,ARRAY_FIXED,5,2048,1,1,false,false,180300,208500,54272
fork-3,draw_shared_group16_light,IPOINTER_BIND_RESTORE,5,2048,1,1,false,false,343900,1487800,1353728
fork-3,draw_shared_group16_light,CONSTANT_FIXED,5,2048,1,1,false,false,176400,212100,107520
fork-3,draw_shared_group16_light,I2I_CACHED,6,2048,1,1,false,false,171400,205500,28672
fork-3,draw_shared_group16_light,I2I,6,2048,1,1,false,false,271100,311800,129024
fork-3,draw_shared_group16_light,IPOINTER_BIND_RESTORE,6,2048,1,1,false,false,309800,344600,187392
fork-3,draw_shared_group16_light,IPOINTER_EVERY,6,2048,1,1,false,false,221500,258700,161792
fork-3,draw_shared_group16_light,IPOINTER_CACHED,6,2048,1,1,false,false,171300,206900,102400
fork-3,draw_shared_group16_light,ARRAY_FIXED,6,2048,1,1,false,false,169600,206900,27648
fork-3,draw_shared_group16_light,I4I,6,2048,1,1,false,false,366500,412400,162816
fork-3,draw_shared_group16_light,CONSTANT_FIXED,6,2048,1,1,false,false,185400,870900,28672
fork-3,draw_shared_group16_light,IPOINTER_EVERY,7,2048,1,1,false,false,262100,324300,167936
fork-3,draw_shared_group16_light,IPOINTER_BIND_RESTORE,7,2048,1,1,false,false,364200,406100,276480
fork-3,draw_shared_group16_light,CONSTANT_FIXED,7,2048,1,1,false,false,202800,238600,122880
fork-3,draw_shared_group16_light,ARRAY_FIXED,7,2048,1,1,false,false,191700,240800,27648
fork-3,draw_shared_group16_light,IPOINTER_CACHED,7,2048,1,1,false,false,194700,223800,36864
fork-3,draw_shared_group16_light,I2I_CACHED,7,2048,1,1,false,false,220900,490200,73728
fork-3,draw_shared_group16_light,I2I,7,2048,1,1,false,false,315500,464800,187392
fork-3,draw_shared_group16_light,I4I,7,2048,1,1,false,false,364600,411800,123904
fork-3,draw_shared_group16_light,I2I_CACHED,8,2048,1,1,false,false,235500,733300,28672
fork-3,draw_shared_group16_light,IPOINTER_BIND_RESTORE,8,2048,1,1,false,false,334100,361000,206848
fork-3,draw_shared_group16_light,IPOINTER_CACHED,8,2048,1,1,false,false,172600,205600,77824
fork-3,draw_shared_group16_light,I4I,8,2048,1,1,false,false,275700,326900,200704
fork-3,draw_shared_group16_light,CONSTANT_FIXED,8,2048,1,1,false,false,175200,213000,28672
fork-3,draw_shared_group16_light,IPOINTER_EVERY,8,2048,1,1,false,false,238300,275000,154624
fork-3,draw_shared_group16_light,I2I,8,2048,1,1,false,false,277700,322600,165888
fork-3,draw_shared_group16_light,ARRAY_FIXED,8,2048,1,1,false,false,168900,205900,27648
fork-3,draw_shared_group16_light,ARRAY_FIXED,9,2048,1,1,false,false,168900,196400,26624
fork-3,draw_shared_group16_light,I2I,9,2048,1,1,false,false,277300,318600,140288
fork-3,draw_shared_group16_light,I4I,9,2048,1,1,false,false,370200,411400,143360
fork-3,draw_shared_group16_light,CONSTANT_FIXED,9,2048,1,1,false,false,279700,1318900,28672
fork-3,draw_shared_group16_light,IPOINTER_CACHED,9,2048,1,1,false,false,191400,237600,33792
fork-3,draw_shared_group16_light,I2I_CACHED,9,2048,1,1,false,false,205100,234600,66560
fork-3,draw_shared_group16_light,IPOINTER_EVERY,9,2048,1,1,false,false,264000,304900,189440
fork-3,draw_shared_group16_light,IPOINTER_BIND_RESTORE,9,2048,1,1,false,false,365100,415000,304128
fork-3,draw_shared_group16_light,I4I,10,2048,1,1,false,false,312500,349600,133120
fork-3,draw_shared_group16_light,I2I_CACHED,10,2048,1,1,false,false,189500,238000,28672
fork-3,draw_shared_group16_light,IPOINTER_BIND_RESTORE,10,2048,1,1,false,false,564800,604400,401408
fork-3,draw_shared_group16_light,ARRAY_FIXED,10,2048,1,1,false,false,198000,231200,71680
fork-3,draw_shared_group16_light,CONSTANT_FIXED,10,2048,1,1,false,false,176800,209200,80896
fork-3,draw_shared_group16_light,I2I,10,2048,1,1,false,false,281000,329300,197632
fork-3,draw_shared_group16_light,IPOINTER_CACHED,10,2048,1,1,false,false,237400,263100,28672
fork-3,draw_shared_group16_light,IPOINTER_EVERY,10,2048,1,1,false,false,245500,274000,163840
fork-3,draw_shared_group16_light,I4I,11,2048,1,1,false,false,273600,319600,181248
fork-3,draw_shared_group16_light,IPOINTER_CACHED,11,2048,1,1,false,false,172900,199400,28672
fork-3,draw_shared_group16_light,CONSTANT_FIXED,11,2048,1,1,false,false,168300,193800,37888
fork-3,draw_shared_group16_light,I2I_CACHED,11,2048,1,1,false,false,175700,203600,55296
fork-3,draw_shared_group16_light,IPOINTER_EVERY,11,2048,1,1,false,false,227900,267200,175104
fork-3,draw_shared_group16_light,IPOINTER_BIND_RESTORE,11,2048,1,1,false,false,430300,484400,345088
fork-3,draw_shared_group16_light,ARRAY_FIXED,11,2048,1,1,false,false,186400,1236400,28672
fork-3,draw_shared_group16_light,I2I,11,2048,1,1,false,false,309700,349500,141312
fork-3,draw_shared_group16_light,I2I_CACHED,12,2048,1,1,false,false,189200,234800,28672
fork-3,draw_shared_group16_light,ARRAY_FIXED,12,2048,1,1,false,false,185400,219000,26624
fork-3,draw_shared_group16_light,I4I,12,2048,1,1,false,false,305900,353900,162816
fork-3,draw_shared_group16_light,IPOINTER_EVERY,12,2048,1,1,false,false,252700,758400,80896
fork-3,draw_shared_group16_light,I2I,12,2048,1,1,false,false,310700,354800,172032
fork-3,draw_shared_group16_light,IPOINTER_BIND_RESTORE,12,2048,1,1,false,false,426000,663100,274432
fork-3,draw_shared_group16_light,CONSTANT_FIXED,12,2048,1,1,false,false,210500,239600,69632
fork-3,draw_shared_group16_light,IPOINTER_CACHED,12,2048,1,1,false,false,204000,236300,91136
fork-3,draw_shared_group16_light,I4I,13,2048,1,1,false,false,305900,418700,208896
fork-3,draw_shared_group16_light,IPOINTER_EVERY,13,2048,1,1,false,false,473600,528600,193536
fork-3,draw_shared_group16_light,CONSTANT_FIXED,13,2048,1,1,false,false,234400,1453100,1260544
fork-3,draw_shared_group16_light,IPOINTER_BIND_RESTORE,13,2048,1,1,false,false,370200,413300,274432
fork-3,draw_shared_group16_light,IPOINTER_CACHED,13,2048,1,1,false,false,204400,241900,128000
fork-3,draw_shared_group16_light,I2I_CACHED,13,2048,1,1,false,false,189600,234600,27648
fork-3,draw_shared_group16_light,ARRAY_FIXED,13,2048,1,1,false,false,189300,223700,26624
fork-3,draw_shared_group16_light,I2I,13,2048,1,1,false,false,304300,345600,156672
fork-3,draw_shared_group16_light,I4I,14,2048,1,1,false,false,469500,513600,145408
fork-3,draw_shared_group16_light,IPOINTER_EVERY,14,2048,1,1,false,false,410300,1146900,967680
fork-3,draw_shared_group16_light,IPOINTER_CACHED,14,2048,1,1,false,false,211100,241900,79872
fork-3,draw_shared_group16_light,IPOINTER_BIND_RESTORE,14,2048,1,1,false,false,362200,407000,277504
fork-3,draw_shared_group16_light,CONSTANT_FIXED,14,2048,1,1,false,false,261000,311100,28672
fork-3,draw_shared_group16_light,I2I_CACHED,14,2048,1,1,false,false,210200,255600,33792
fork-3,draw_shared_group16_light,ARRAY_FIXED,14,2048,1,1,false,false,187700,213400,39936
fork-3,draw_shared_group16_light,I2I,14,2048,1,1,false,false,304700,349700,169984
fork-3,draw_shared_group16_light,I2I,15,2048,1,1,false,false,321000,358900,130048
fork-3,draw_shared_group16_light,IPOINTER_BIND_RESTORE,15,2048,1,1,false,false,433500,481100,232448
fork-3,draw_shared_group16_light,IPOINTER_CACHED,15,2048,1,1,false,false,199000,1162200,24576
fork-3,draw_shared_group16_light,IPOINTER_EVERY,15,2048,1,1,false,false,262300,321400,218112
fork-3,draw_shared_group16_light,ARRAY_FIXED,15,2048,1,1,false,false,185400,235400,28672
fork-3,draw_shared_group16_light,CONSTANT_FIXED,15,2048,1,1,false,false,186400,225000,27648
fork-3,draw_shared_group16_light,I2I_CACHED,15,2048,1,1,false,false,189000,214900,38912
fork-3,draw_shared_group16_light,I4I,15,2048,1,1,false,false,305100,350600,171008
fork-3,draw_shared_group16_light,I4I,16,2048,1,1,false,false,315800,354700,130048
fork-3,draw_shared_group16_light,IPOINTER_CACHED,16,2048,1,1,false,false,483000,814600,29696
fork-3,draw_shared_group16_light,IPOINTER_EVERY,16,2048,1,1,false,false,280900,817900,689152
fork-3,draw_shared_group16_light,ARRAY_FIXED,16,2048,1,1,false,false,211800,242400,92160
fork-3,draw_shared_group16_light,CONSTANT_FIXED,16,2048,1,1,false,false,197500,235600,97280
fork-3,draw_shared_group16_light,I2I_CACHED,16,2048,1,1,false,false,188600,224700,112640
fork-3,draw_shared_group16_light,I2I,16,2048,1,1,false,false,387200,441900,242688
fork-3,draw_shared_group16_light,IPOINTER_BIND_RESTORE,16,2048,1,1,false,false,480500,528100,140288
fork-3,draw_shared_group16_light,IPOINTER_EVERY,17,2048,1,1,false,false,299300,337200,202752
fork-3,draw_shared_group16_light,I4I,17,2048,1,1,false,false,509600,574300,410624
fork-3,draw_shared_group16_light,ARRAY_FIXED,17,2048,1,1,false,false,175900,213900,28672
fork-3,draw_shared_group16_light,CONSTANT_FIXED,17,2048,1,1,false,false,172100,1194700,27648
fork-3,draw_shared_group16_light,IPOINTER_CACHED,17,2048,1,1,false,false,177600,205800,48128
fork-3,draw_shared_group16_light,IPOINTER_BIND_RESTORE,17,2048,1,1,false,false,326200,591400,236544
fork-3,draw_shared_group16_light,I2I_CACHED,17,2048,1,1,false,false,181300,219500,107520
fork-3,draw_shared_group16_light,I2I,17,2048,1,1,false,false,280200,318400,112640
fork-3,draw_shared_group16_light,IPOINTER_CACHED,18,2048,1,1,false,false,178200,208000,29696
fork-3,draw_shared_group16_light,CONSTANT_FIXED,18,2048,1,1,false,false,171100,196500,34816
fork-3,draw_shared_group16_light,I4I,18,2048,1,1,false,false,315300,512300,197632
fork-3,draw_shared_group16_light,IPOINTER_EVERY,18,2048,1,1,false,false,275500,328700,188416
fork-3,draw_shared_group16_light,I2I_CACHED,18,2048,1,1,false,false,211800,242900,79872
fork-3,draw_shared_group16_light,ARRAY_FIXED,18,2048,1,1,false,false,199400,465200,316416
fork-3,draw_shared_group16_light,I2I,18,2048,1,1,false,false,463800,513100,206848
fork-3,draw_shared_group16_light,IPOINTER_BIND_RESTORE,18,2048,1,1,false,false,345800,557600,381952
fork-3,draw_shared_group16_light,I4I,19,2048,1,1,false,false,313000,356400,173056
fork-3,draw_shared_group16_light,CONSTANT_FIXED,19,2048,1,1,false,false,355100,395300,28672
fork-3,draw_shared_group16_light,IPOINTER_BIND_RESTORE,19,2048,1,1,false,false,337600,363900,199680
fork-3,draw_shared_group16_light,I2I,19,2048,1,1,false,false,304200,354000,177152
fork-3,draw_shared_group16_light,I2I_CACHED,19,2048,1,1,false,false,176700,207700,26624
fork-3,draw_shared_group16_light,IPOINTER_EVERY,19,2048,1,1,false,false,233400,465300,155648
fork-3,draw_shared_group16_light,IPOINTER_CACHED,19,2048,1,1,false,false,181900,216100,81920
fork-3,draw_shared_group16_light,ARRAY_FIXED,19,2048,1,1,false,false,168300,203300,92160
fork-3,draw_shared_group16_light,I2I_CACHED,20,2048,1,1,false,false,174500,211300,107520
fork-3,draw_shared_group16_light,ARRAY_FIXED,20,2048,1,1,false,false,169100,206600,28672
fork-3,draw_shared_group16_light,I4I,20,2048,1,1,false,false,273300,315800,123904
fork-3,draw_shared_group16_light,I2I,20,2048,1,1,false,false,456600,1188300,808960
fork-3,draw_shared_group16_light,CONSTANT_FIXED,20,2048,1,1,false,false,181400,222700,29696
fork-3,draw_shared_group16_light,IPOINTER_BIND_RESTORE,20,2048,1,1,false,false,308700,339400,188416
fork-3,draw_shared_group16_light,IPOINTER_CACHED,20,2048,1,1,false,false,169300,201500,70656
fork-3,draw_shared_group16_light,IPOINTER_EVERY,20,2048,1,1,false,false,221300,265900,186368
fork-3,draw_shared_group16_light,IPOINTER_BIND_RESTORE,21,2048,1,1,false,false,327000,354700,195584
fork-3,draw_shared_group16_light,I2I_CACHED,21,2048,1,1,false,false,179300,209300,60416
fork-3,draw_shared_group16_light,I4I,21,2048,1,1,false,false,273100,318700,173056
fork-3,draw_shared_group16_light,ARRAY_FIXED,21,2048,1,1,false,false,165900,203800,27648
fork-3,draw_shared_group16_light,IPOINTER_CACHED,21,2048,1,1,false,false,169600,195200,34816
fork-3,draw_shared_group16_light,IPOINTER_EVERY,21,2048,1,1,false,false,311800,347100,247808
fork-3,draw_shared_group16_light,CONSTANT_FIXED,21,2048,1,1,false,false,173300,1321500,1203200
fork-3,draw_shared_group16_light,I2I,21,2048,1,1,false,false,286800,562900,214016
fork-3,draw_shared_group16_light,I2I_CACHED,22,2048,1,1,false,false,173500,208400,29696
fork-3,draw_shared_group16_light,I2I,22,2048,1,1,false,false,275000,314700,126976
fork-3,draw_shared_group16_light,IPOINTER_CACHED,22,2048,1,1,false,false,175000,201800,28672
fork-3,draw_shared_group16_light,ARRAY_FIXED,22,2048,1,1,false,false,165200,190300,35840
fork-3,draw_shared_group16_light,IPOINTER_EVERY,22,2048,1,1,false,false,223700,254900,155648
fork-3,draw_shared_group16_light,I4I,22,2048,1,1,false,false,287100,336000,195584
fork-3,draw_shared_group16_light,IPOINTER_BIND_RESTORE,22,2048,1,1,false,false,539600,572500,337920
fork-3,draw_shared_group16_light,CONSTANT_FIXED,22,2048,1,1,false,false,201700,984300,813056
fork-3,draw_shared_group16_light,IPOINTER_EVERY,23,2048,1,1,false,false,244000,287600,189440
fork-3,draw_shared_group16_light,I2I,23,2048,1,1,false,false,292300,342900,219136
fork-3,draw_shared_group16_light,ARRAY_FIXED,23,2048,1,1,false,false,172100,207800,27648
fork-3,draw_shared_group16_light,I2I_CACHED,23,2048,1,1,false,false,180300,200500,25600
fork-3,draw_shared_group16_light,I4I,23,2048,1,1,false,false,284000,325900,141312
fork-3,draw_shared_group16_light,IPOINTER_CACHED,23,2048,1,1,false,false,174600,201900,28672
fork-3,draw_shared_group16_light,IPOINTER_BIND_RESTORE,23,2048,1,1,false,false,317900,346700,203776
fork-3,draw_shared_group16_light,CONSTANT_FIXED,23,2048,1,1,false,false,168500,201100,76800
fork-3,draw_shared_group16_light,I2I,24,2048,1,1,false,false,278400,334400,205824
fork-3,draw_shared_group16_light,I4I,24,2048,1,1,false,false,283800,325400,118784
fork-3,draw_shared_group16_light,IPOINTER_CACHED,24,2048,1,1,false,false,197300,687500,28672
fork-3,draw_shared_group16_light,ARRAY_FIXED,24,2048,1,1,false,false,179200,208500,38912
fork-3,draw_shared_group16_light,IPOINTER_BIND_RESTORE,24,2048,1,1,false,false,360500,399800,266240
fork-3,draw_shared_group16_light,I2I_CACHED,24,2048,1,1,false,false,174300,207800,89088
fork-3,draw_shared_group16_light,IPOINTER_EVERY,24,2048,1,1,false,false,296900,441400,368640
fork-3,draw_shared_group16_light,CONSTANT_FIXED,24,2048,1,1,false,false,186200,223800,28672
fork-3,draw_shared_group16_light,CONSTANT_FIXED,25,2048,1,1,false,false,166500,193800,26624
fork-3,draw_shared_group16_light,IPOINTER_CACHED,25,2048,1,1,false,false,177100,204700,46080
fork-3,draw_shared_group16_light,I4I,25,2048,1,1,false,false,425800,479700,239616
fork-3,draw_shared_group16_light,ARRAY_FIXED,25,2048,1,1,false,false,212000,655400,28672
fork-3,draw_shared_group16_light,IPOINTER_BIND_RESTORE,25,2048,1,1,false,false,318100,345000,193536
fork-3,draw_shared_group16_light,IPOINTER_EVERY,25,2048,1,1,false,false,226300,260400,167936
fork-3,draw_shared_group16_light,I2I_CACHED,25,2048,1,1,false,false,174000,210400,108544
fork-3,draw_shared_group16_light,I2I,25,2048,1,1,false,false,277600,315700,111616
fork-3,draw_shared_group16_light,ARRAY_FIXED,26,2048,1,1,false,false,169300,209700,28672
fork-3,draw_shared_group16_light,I4I,26,2048,1,1,false,false,274100,563200,120832
fork-3,draw_shared_group16_light,IPOINTER_BIND_RESTORE,26,2048,1,1,false,false,317600,351800,189440
fork-3,draw_shared_group16_light,I2I_CACHED,26,2048,1,1,false,false,176100,206500,63488
fork-3,draw_shared_group16_light,I2I,26,2048,1,1,false,false,387100,438400,212992
fork-3,draw_shared_group16_light,IPOINTER_EVERY,26,2048,1,1,false,false,237800,777300,653312
fork-3,draw_shared_group16_light,CONSTANT_FIXED,26,2048,1,1,false,false,172100,419800,271360
fork-3,draw_shared_group16_light,IPOINTER_CACHED,26,2048,1,1,false,false,207900,459800,99328
fork-3,draw_shared_group16_light,I4I,27,2048,1,1,false,false,282400,332500,201728
fork-3,draw_shared_group16_light,I2I_CACHED,27,2048,1,1,false,false,165200,199800,28672
fork-3,draw_shared_group16_light,IPOINTER_BIND_RESTORE,27,2048,1,1,false,false,303500,330300,188416
fork-3,draw_shared_group16_light,ARRAY_FIXED,27,2048,1,1,false,false,161100,192600,66560
fork-3,draw_shared_group16_light,I2I,27,2048,1,1,false,false,384200,436500,212992
fork-3,draw_shared_group16_light,CONSTANT_FIXED,27,2048,1,1,false,false,197300,233000,28672
fork-3,draw_shared_group16_light,IPOINTER_CACHED,27,2048,1,1,false,false,200000,230000,41984
fork-3,draw_shared_group16_light,IPOINTER_EVERY,27,2048,1,1,false,false,245100,276000,168960
fork-3,draw_shared_group16_light,I2I_CACHED,28,2048,1,1,false,false,189300,224500,104448
fork-3,draw_shared_group16_light,IPOINTER_EVERY,28,2048,1,1,false,false,227000,275500,203776
fork-3,draw_shared_group16_light,I4I,28,2048,1,1,false,false,283500,322600,118784
fork-3,draw_shared_group16_light,CONSTANT_FIXED,28,2048,1,1,false,false,178800,218200,29696
fork-3,draw_shared_group16_light,ARRAY_FIXED,28,2048,1,1,false,false,167000,209100,27648
fork-3,draw_shared_group16_light,IPOINTER_CACHED,28,2048,1,1,false,false,185500,212400,43008
fork-3,draw_shared_group16_light,IPOINTER_BIND_RESTORE,28,2048,1,1,false,false,313300,350900,224256
fork-3,draw_shared_group16_light,I2I,28,2048,1,1,false,false,315300,371200,222208
fork-3,draw_shared_group16_light,ARRAY_FIXED,29,2048,1,1,false,false,179600,671200,28672
fork-3,draw_shared_group16_light,IPOINTER_EVERY,29,2048,1,1,false,false,255000,292700,159744
fork-3,draw_shared_group16_light,CONSTANT_FIXED,29,2048,1,1,false,false,169700,199900,63488
fork-3,draw_shared_group16_light,I4I,29,2048,1,1,false,false,294000,338900,179200
fork-3,draw_shared_group16_light,I2I_CACHED,29,2048,1,1,false,false,174800,207800,28672
fork-3,draw_shared_group16_light,IPOINTER_BIND_RESTORE,29,2048,1,1,false,false,317000,343900,195584
fork-3,draw_shared_group16_light,IPOINTER_CACHED,29,2048,1,1,false,false,341000,387700,245760
fork-3,draw_shared_group16_light,I2I,29,2048,1,1,false,false,377800,1068300,772096
fork-3,draw_shared_group16_light,IPOINTER_EVERY,30,2048,1,1,false,false,226900,494900,87040
fork-3,draw_shared_group16_light,IPOINTER_CACHED,30,2048,1,1,false,false,188900,219700,68608
fork-3,draw_shared_group16_light,I2I,30,2048,1,1,false,false,274800,319800,178176
fork-3,draw_shared_group16_light,CONSTANT_FIXED,30,2048,1,1,false,false,182800,219600,28672
fork-3,draw_shared_group16_light,I2I_CACHED,30,2048,1,1,false,false,173400,196000,26624
fork-3,draw_shared_group16_light,I4I,30,2048,1,1,false,false,277400,317900,140288
fork-3,draw_shared_group16_light,ARRAY_FIXED,30,2048,1,1,false,false,175800,213500,28672
fork-3,draw_shared_group16_light,IPOINTER_BIND_RESTORE,30,2048,1,1,false,false,405200,438200,231424
fork-3,draw_item64_light,IPOINTER_EVERY,0,2048,1,1,true,true,453800,484900,400384
fork-3,draw_item64_light,I2I,0,2048,1,1,true,true,517500,555900,418816
fork-3,draw_item64_light,IPOINTER_CACHED,0,2048,1,1,true,true,460300,507700,373760
fork-3,draw_item64_light,I4I,0,2048,1,1,true,true,729700,1041000,681984
fork-3,draw_item64_light,CONSTANT_FIXED,0,2048,1,1,true,true,445300,478600,371712
fork-3,draw_item64_light,ARRAY_FIXED,0,2048,1,1,true,true,455000,518300,396288
fork-3,draw_item64_light,IPOINTER_BIND_RESTORE,0,2048,1,1,true,true,585500,863500,499712
fork-3,draw_item64_light,I2I_CACHED,0,2048,1,1,true,true,563100,597200,412672
fork-3,draw_item64_light,CONSTANT_FIXED,1,2048,1,1,true,true,556100,783800,680960
fork-3,draw_item64_light,ARRAY_FIXED,1,2048,1,1,true,true,636900,895000,449536
fork-3,draw_item64_light,IPOINTER_EVERY,1,2048,1,1,true,true,511100,561200,425984
fork-3,draw_item64_light,I2I_CACHED,1,2048,1,1,true,true,819200,872800,689152
fork-3,draw_item64_light,I4I,1,2048,1,1,true,true,505400,550700,448512
fork-3,draw_item64_light,IPOINTER_CACHED,1,2048,1,1,true,true,444700,488100,353280
fork-3,draw_item64_light,IPOINTER_BIND_RESTORE,1,2048,1,1,true,true,540700,584700,427008
fork-3,draw_item64_light,I2I,1,2048,1,1,true,true,507900,539100,372736
fork-3,draw_item64_light,CONSTANT_FIXED,2,2048,1,1,true,true,408600,575800,351232
fork-3,draw_item64_light,I2I_CACHED,2,2048,1,1,true,true,554800,623600,518144
fork-3,draw_item64_light,IPOINTER_EVERY,2,2048,1,1,true,true,529300,583100,432128
fork-3,draw_item64_light,IPOINTER_CACHED,2,2048,1,1,true,true,498400,710700,392192
fork-3,draw_item64_light,I2I,2,2048,1,1,true,true,562800,598100,412672
fork-3,draw_item64_light,IPOINTER_BIND_RESTORE,2,2048,1,1,true,true,571900,597500,497664
fork-3,draw_item64_light,ARRAY_FIXED,2,2048,1,1,true,true,391100,439900,333824
fork-3,draw_item64_light,I4I,2,2048,1,1,true,true,567000,1051000,891904
fork-3,draw_item64_light,IPOINTER_EVERY,3,2048,1,1,true,true,563700,592700,501760
fork-3,draw_item64_light,IPOINTER_BIND_RESTORE,3,2048,1,1,true,true,586700,635700,485376
fork-3,draw_item64_light,I2I,3,2048,1,1,true,true,560100,594500,405504
fork-3,draw_item64_light,I4I,3,2048,1,1,true,true,530300,575700,474112
fork-3,draw_item64_light,CONSTANT_FIXED,3,2048,1,1,true,true,397100,439900,291840
fork-3,draw_item64_light,I2I_CACHED,3,2048,1,1,true,true,581100,612700,424960
fork-3,draw_item64_light,ARRAY_FIXED,3,2048,1,1,true,true,425000,455700,379904
fork-3,draw_item64_light,IPOINTER_CACHED,3,2048,1,1,true,true,485000,714900,411648
fork-3,draw_item64_light,I4I,4,2048,1,1,true,true,595600,631400,464896
fork-3,draw_item64_light,IPOINTER_CACHED,4,2048,1,1,true,true,523400,728100,622592
fork-3,draw_item64_light,IPOINTER_EVERY,4,2048,1,1,true,true,449900,645900,380928
fork-3,draw_item64_light,I2I_CACHED,4,2048,1,1,true,true,513300,545700,377856
fork-3,draw_item64_light,CONSTANT_FIXED,4,2048,1,1,true,true,425400,467900,378880
fork-3,draw_item64_light,ARRAY_FIXED,4,2048,1,1,true,true,468800,533100,405504
fork-3,draw_item64_light,I2I,4,2048,1,1,true,true,575300,613800,458752
fork-3,draw_item64_light,IPOINTER_BIND_RESTORE,4,2048,1,1,true,true,611100,824000,470016
fork-3,draw_item64_light,IPOINTER_CACHED,5,2048,1,1,true,true,505600,574800,408576
fork-3,draw_item64_light,I2I_CACHED,5,2048,1,1,true,true,544500,580400,405504
fork-3,draw_item64_light,IPOINTER_BIND_RESTORE,5,2048,1,1,true,true,695500,719000,602112
fork-3,draw_item64_light,IPOINTER_EVERY,5,2048,1,1,true,true,461400,683600,562176
fork-3,draw_item64_light,I4I,5,2048,1,1,true,true,499800,533800,366592
fork-3,draw_item64_light,ARRAY_FIXED,5,2048,1,1,true,true,405800,437600,362496
fork-3,draw_item64_light,I2I,5,2048,1,1,true,true,527500,566900,428032
fork-3,draw_item64_light,CONSTANT_FIXED,5,2048,1,1,true,true,391800,435700,287744
fork-3,draw_item64_light,I4I,6,2048,1,1,true,true,487900,522000,364544
fork-3,draw_item64_light,IPOINTER_BIND_RESTORE,6,2048,1,1,true,true,650600,821000,668672
fork-3,draw_item64_light,I2I,6,2048,1,1,true,true,523900,563000,421888
fork-3,draw_item64_light,I2I_CACHED,6,2048,1,1,true,true,508900,542500,385024
fork-3,draw_item64_light,ARRAY_FIXED,6,2048,1,1,true,true,394800,427900,352256
fork-3,draw_item64_light,CONSTANT_FIXED,6,2048,1,1,true,true,381700,404600,286720
fork-3,draw_item64_light,IPOINTER_EVERY,6,2048,1,1,true,true,445900,494700,381952
fork-3,draw_item64_light,IPOINTER_CACHED,6,2048,1,1,true,true,444100,502600,355328
fork-3,draw_item64_light,I4I,7,2048,1,1,true,true,575100,609500,412672
fork-3,draw_item64_light,I2I,7,2048,1,1,true,true,524200,569700,466944
fork-3,draw_item64_light,ARRAY_FIXED,7,2048,1,1,true,true,393700,553300,317440
fork-3,draw_item64_light,IPOINTER_EVERY,7,2048,1,1,true,true,454200,498600,354304
fork-3,draw_item64_light,CONSTANT_FIXED,7,2048,1,1,true,true,376200,420400,275456
fork-3,draw_item64_light,IPOINTER_CACHED,7,2048,1,1,true,true,523800,675100,432128
fork-3,draw_item64_light,IPOINTER_BIND_RESTORE,7,2048,1,1,true,true,767800,812900,623616
fork-3,draw_item64_light,I2I_CACHED,7,2048,1,1,true,true,662700,723100,524288
fork-3,draw_item64_light,ARRAY_FIXED,8,2048,1,1,true,true,451600,559100,393216
fork-3,draw_item64_light,IPOINTER_CACHED,8,2048,1,1,true,true,494000,545200,409600
fork-3,draw_item64_light,IPOINTER_BIND_RESTORE,8,2048,1,1,true,true,552100,595400,431104
fork-3,draw_item64_light,CONSTANT_FIXED,8,2048,1,1,true,true,378300,421700,275456
fork-3,draw_item64_light,I2I,8,2048,1,1,true,true,521200,669800,386048
fork-3,draw_item64_light,I4I,8,2048,1,1,true,true,608100,889100,776192
fork-3,draw_item64_light,IPOINTER_EVERY,8,2048,1,1,true,true,470100,514200,358400
fork-3,draw_item64_light,I2I_CACHED,8,2048,1,1,true,true,556500,697600,423936
fork-3,draw_item64_light,IPOINTER_EVERY,9,2048,1,1,true,true,469100,500300,396288
fork-3,draw_item64_light,I4I,9,2048,1,1,true,true,489400,527800,402432
fork-3,draw_item64_light,CONSTANT_FIXED,9,2048,1,1,true,true,375100,416600,275456
fork-3,draw_item64_light,IPOINTER_BIND_RESTORE,9,2048,1,1,true,true,651000,697400,493568
fork-3,draw_item64_light,ARRAY_FIXED,9,2048,1,1,true,true,461200,663600,361472
fork-3,draw_item64_light,I2I_CACHED,9,2048,1,1,true,true,542200,576300,399360
fork-3,draw_item64_light,IPOINTER_CACHED,9,2048,1,1,true,true,453100,483400,399360
fork-3,draw_item64_light,I2I,9,2048,1,1,true,true,540200,578800,439296
fork-3,draw_item64_light,CONSTANT_FIXED,10,2048,1,1,true,true,415700,1072800,770048
fork-3,draw_item64_light,ARRAY_FIXED,10,2048,1,1,true,true,432200,659200,191488
fork-3,draw_item64_light,I2I_CACHED,10,2048,1,1,true,true,570900,606200,411648
fork-3,draw_item64_light,IPOINTER_CACHED,10,2048,1,1,true,true,444700,766100,111616
fork-3,draw_item64_light,IPOINTER_BIND_RESTORE,10,2048,1,1,true,true,536200,616100,477184
fork-3,draw_item64_light,I4I,10,2048,1,1,true,true,565800,696700,529408
fork-3,draw_item64_light,I2I,10,2048,1,1,true,true,549600,595600,490496
fork-3,draw_item64_light,IPOINTER_EVERY,10,2048,1,1,true,true,466200,509400,367616
fork-3,draw_item64_light,IPOINTER_BIND_RESTORE,11,2048,1,1,true,true,544800,588300,424960
fork-3,draw_item64_light,I2I_CACHED,11,2048,1,1,true,true,506400,540600,372736
fork-3,draw_item64_light,I4I,11,2048,1,1,true,true,491700,670400,436224
fork-3,draw_item64_light,IPOINTER_CACHED,11,2048,1,1,true,true,672200,718700,424960
fork-3,draw_item64_light,CONSTANT_FIXED,11,2048,1,1,true,true,399400,565200,419840
fork-3,draw_item64_light,I2I,11,2048,1,1,true,true,614700,737200,467968
fork-3,draw_item64_light,ARRAY_FIXED,11,2048,1,1,true,true,415700,445900,367616
fork-3,draw_item64_light,IPOINTER_EVERY,11,2048,1,1,true,true,435900,633100,521216
fork-3,draw_item64_light,ARRAY_FIXED,12,2048,1,1,true,true,468800,513900,396288
fork-3,draw_item64_light,I2I,12,2048,1,1,true,true,606000,639600,419840
fork-3,draw_item64_light,IPOINTER_EVERY,12,2048,1,1,true,true,449000,479400,212992
fork-3,draw_item64_light,I4I,12,2048,1,1,true,true,543300,581300,450560
fork-3,draw_item64_light,I2I_CACHED,12,2048,1,1,true,true,492900,526700,362496
fork-3,draw_item64_light,IPOINTER_CACHED,12,2048,1,1,true,true,443700,474300,391168
fork-3,draw_item64_light,IPOINTER_BIND_RESTORE,12,2048,1,1,true,true,527600,577200,446464
fork-3,draw_item64_light,CONSTANT_FIXED,12,2048,1,1,true,true,378100,419800,277504
fork-3,draw_item64_light,ARRAY_FIXED,13,2048,1,1,true,true,531700,578200,460800
fork-3,draw_item64_light,I2I_CACHED,13,2048,1,1,true,true,562500,595700,418816
fork-3,draw_item64_light,I4I,13,2048,1,1,true,true,551400,596700,472064
fork-3,draw_item64_light,CONSTANT_FIXED,13,2048,1,1,true,true,416200,460300,308224
fork-3,draw_item64_light,I2I,13,2048,1,1,true,true,687900,721500,442368
fork-3,draw_item64_light,IPOINTER_CACHED,13,2048,1,1,true,true,519400,579300,446464
fork-3,draw_item64_light,IPOINTER_EVERY,13,2048,1,1,true,true,643700,902100,567296
fork-3,draw_item64_light,IPOINTER_BIND_RESTORE,13,2048,1,1,true,true,563900,607800,438272
fork-3,draw_item64_light,I2I,14,2048,1,1,true,true,521000,555200,387072
fork-3,draw_item64_light,IPOINTER_CACHED,14,2048,1,1,true,true,531100,678600,477184
fork-3,draw_item64_light,I4I,14,2048,1,1,true,true,540700,583900,446464
fork-3,draw_item64_light,IPOINTER_BIND_RESTORE,14,2048,1,1,true,true,623100,676400,509952
fork-3,draw_item64_light,IPOINTER_EVERY,14,2048,1,1,true,true,570300,617100,394240
fork-3,draw_item64_light,ARRAY_FIXED,14,2048,1,1,true,true,432100,726700,602112
fork-3,draw_item64_light,CONSTANT_FIXED,14,2048,1,1,true,true,442400,487600,310272
fork-3,draw_item64_light,I2I_CACHED,14,2048,1,1,true,true,651800,686200,501760
fork-3,draw_item64_light,I2I,15,2048,1,1,true,true,650000,967800,578560
fork-3,draw_item64_light,IPOINTER_BIND_RESTORE,15,2048,1,1,true,true,627700,672000,509952
fork-3,draw_item64_light,I2I_CACHED,15,2048,1,1,true,true,526100,796500,623616
fork-3,draw_item64_light,IPOINTER_EVERY,15,2048,1,1,true,true,464900,494700,408576
fork-3,draw_item64_light,IPOINTER_CACHED,15,2048,1,1,true,true,455100,504200,389120
fork-3,draw_item64_light,CONSTANT_FIXED,15,2048,1,1,true,true,385800,428800,282624
fork-3,draw_item64_light,I4I,15,2048,1,1,true,true,502100,535500,376832
fork-3,draw_item64_light,ARRAY_FIXED,15,2048,1,1,true,true,409400,441500,359424
fork-3,draw_item64_light,IPOINTER_BIND_RESTORE,16,2048,1,1,true,true,650300,702300,567296
fork-3,draw_item64_light,ARRAY_FIXED,16,2048,1,1,true,true,383000,426200,309248
fork-3,draw_item64_light,I2I_CACHED,16,2048,1,1,true,true,511400,545100,377856
fork-3,draw_item64_light,IPOINTER_CACHED,16,2048,1,1,true,true,451900,482800,398336
fork-3,draw_item64_light,CONSTANT_FIXED,16,2048,1,1,true,true,375900,398700,283648
fork-3,draw_item64_light,I4I,16,2048,1,1,true,true,484800,522800,392192
fork-3,draw_item64_light,I2I,16,2048,1,1,true,true,533400,573200,403456
fork-3,draw_item64_light,IPOINTER_EVERY,16,2048,1,1,true,true,566100,593300,501760
fork-3,draw_item64_light,IPOINTER_EVERY,17,2048,1,1,true,true,528600,580400,446464
fork-3,draw_item64_light,I2I,17,2048,1,1,true,true,565400,600000,421888
fork-3,draw_item64_light,IPOINTER_BIND_RESTORE,17,2048,1,1,true,true,570900,596500,493568
fork-3,draw_item64_light,IPOINTER_CACHED,17,2048,1,1,true,true,469900,519100,404480
fork-3,draw_item64_light,I2I_CACHED,17,2048,1,1,true,true,531400,563400,386048
fork-3,draw_item64_light,CONSTANT_FIXED,17,2048,1,1,true,true,445200,478000,388096
fork-3,draw_item64_light,ARRAY_FIXED,17,2048,1,1,true,true,563600,597500,502784
fork-3,draw_item64_light,I4I,17,2048,1,1,true,true,734300,775100,566272
fork-3,draw_item64_light,I4I,18,2048,1,1,true,true,608000,910700,707584
fork-3,draw_item64_light,CONSTANT_FIXED,18,2048,1,1,true,true,465500,685000,386048
fork-3,draw_item64_light,I2I,18,2048,1,1,true,true,513900,558800,452608
fork-3,draw_item64_light,ARRAY_FIXED,18,2048,1,1,true,true,374400,417800,302080
fork-3,draw_item64_light,IPOINTER_BIND_RESTORE,18,2048,1,1,true,true,616900,929800,385024
fork-3,draw_item64_light,IPOINTER_EVERY,18,2048,1,1,true,true,510700,554200,401408
fork-3,draw_item64_light,I2I_CACHED,18,2048,1,1,true,true,551200,584700,409600
fork-3,draw_item64_light,IPOINTER_CACHED,18,2048,1,1,true,true,495400,553800,429056
fork-3,draw_item64_light,IPOINTER_CACHED,19,2048,1,1,true,true,521100,735100,601088
fork-3,draw_item64_light,CONSTANT_FIXED,19,2048,1,1,true,true,574900,623600,459776
fork-3,draw_item64_light,I2I_CACHED,19,2048,1,1,true,true,574000,607500,425984
fork-3,draw_item64_light,IPOINTER_EVERY,19,2048,1,1,true,true,517400,577600,448512
fork-3,draw_item64_light,ARRAY_FIXED,19,2048,1,1,true,true,447500,495500,384000
fork-3,draw_item64_light,I2I,19,2048,1,1,true,true,652700,688900,440320
fork-3,draw_item64_light,IPOINTER_BIND_RESTORE,19,2048,1,1,true,true,575800,602000,479232
fork-3,draw_item64_light,I4I,19,2048,1,1,true,true,542200,594000,461824
fork-3,draw_item64_light,IPOINTER_EVERY,20,2048,1,1,true,true,466300,509500,368640
fork-3,draw_item64_light,ARRAY_FIXED,20,2048,1,1,true,true,391500,434500,310272
fork-3,draw_item64_light,I4I,20,2048,1,1,true,true,490400,523800,366592
fork-3,draw_item64_light,I2I,20,2048,1,1,true,true,526500,571700,462848
fork-3,draw_item64_light,CONSTANT_FIXED,20,2048,1,1,true,true,373700,416300,274432
fork-3,draw_item64_light,I2I_CACHED,20,2048,1,1,true,true,503200,536500,379904
fork-3,draw_item64_light,IPOINTER_CACHED,20,2048,1,1,true,true,502200,532800,448512
fork-3,draw_item64_light,IPOINTER_BIND_RESTORE,20,2048,1,1,true,true,682800,749700,610304
fork-3,draw_item64_light,CONSTANT_FIXED,21,2048,1,1,true,true,375600,515500,66560
fork-3,draw_item64_light,I2I_CACHED,21,2048,1,1,true,true,519900,553700,389120
fork-3,draw_item64_light,IPOINTER_CACHED,21,2048,1,1,true,true,459500,489300,405504
fork-3,draw_item64_light,I4I,21,2048,1,1,true,true,490600,529700,399360
fork-3,draw_item64_light,IPOINTER_EVERY,21,2048,1,1,true,true,443600,486500,352256
fork-3,draw_item64_light,ARRAY_FIXED,21,2048,1,1,true,true,384700,428600,310272
fork-3,draw_item64_light,I2I,21,2048,1,1,true,true,618700,651600,482304
fork-3,draw_item64_light,IPOINTER_BIND_RESTORE,21,2048,1,1,true,true,539900,566400,467968
fork-3,draw_item64_light,ARRAY_FIXED,22,2048,1,1,true,true,435900,495500,386048
fork-3,draw_item64_light,I2I_CACHED,22,2048,1,1,true,true,504200,535900,369664
fork-3,draw_item64_light,IPOINTER_CACHED,22,2048,1,1,true,true,451400,481700,398336
fork-3,draw_item64_light,I2I,22,2048,1,1,true,true,519300,557700,419840
fork-3,draw_item64_light,I4I,22,2048,1,1,true,true,505400,537200,380928
fork-3,draw_item64_light,IPOINTER_BIND_RESTORE,22,2048,1,1,true,true,824600,880800,530432
fork-3,draw_item64_light,CONSTANT_FIXED,22,2048,1,1,true,true,431400,483300,316416
fork-3,draw_item64_light,IPOINTER_EVERY,22,2048,1,1,true,true,455300,815700,109568
fork-3,draw_item64_light,IPOINTER_CACHED,23,2048,1,1,true,true,448300,636500,496640
fork-3,draw_item64_light,I4I,23,2048,1,1,true,true,630500,1276600,1119232
fork-3,draw_item64_light,IPOINTER_BIND_RESTORE,23,2048,1,1,true,true,553200,574700,477184
fork-3,draw_item64_light,ARRAY_FIXED,23,2048,1,1,true,true,389700,737000,333824
fork-3,draw_item64_light,IPOINTER_EVERY,23,2048,1,1,true,true,440800,484800,350208
fork-3,draw_item64_light,I2I,23,2048,1,1,true,true,517600,724000,556032
fork-3,draw_item64_light,I2I_CACHED,23,2048,1,1,true,true,578400,728000,527360
fork-3,draw_item64_light,CONSTANT_FIXED,23,2048,1,1,true,true,381400,704200,520192
fork-3,draw_item64_light,IPOINTER_BIND_RESTORE,24,2048,1,1,true,true,548500,592200,428032
fork-3,draw_item64_light,ARRAY_FIXED,24,2048,1,1,true,true,388300,428800,309248
fork-3,draw_item64_light,I2I_CACHED,24,2048,1,1,true,true,504700,680900,517120
fork-3,draw_item64_light,I4I,24,2048,1,1,true,true,487300,637100,435200
fork-3,draw_item64_light,IPOINTER_CACHED,24,2048,1,1,true,true,583700,810200,673792
fork-3,draw_item64_light,I2I,24,2048,1,1,true,true,515300,549100,268288
fork-3,draw_item64_light,IPOINTER_EVERY,24,2048,1,1,true,true,448300,478700,395264
fork-3,draw_item64_light,CONSTANT_FIXED,24,2048,1,1,true,true,383500,572100,455680
fork-3,draw_item64_light,I2I_CACHED,25,2048,1,1,true,true,504200,660500,403456
fork-3,draw_item64_light,I2I,25,2048,1,1,true,true,514700,549000,382976
fork-3,draw_item64_light,CONSTANT_FIXED,25,2048,1,1,true,true,440900,477500,390144
fork-3,draw_item64_light,IPOINTER_CACHED,25,2048,1,1,true,true,465100,496300,396288
fork-3,draw_item64_light,ARRAY_FIXED,25,2048,1,1,true,true,411400,470500,359424
fork-3,draw_item64_light,IPOINTER_EVERY,25,2048,1,1,true,true,511200,626600,404480
fork-3,draw_item64_light,IPOINTER_BIND_RESTORE,25,2048,1,1,true,true,540700,583500,425984
fork-3,draw_item64_light,I4I,25,2048,1,1,true,true,487700,521500,363520
fork-3,draw_item64_light,I4I,26,2048,1,1,true,true,484400,529300,432128
fork-3,draw_item64_light,IPOINTER_CACHED,26,2048,1,1,true,true,1902300,2222900,2085888
fork-3,draw_item64_light,I2I,26,2048,1,1,true,true,518500,553600,386048
fork-3,draw_item64_light,IPOINTER_BIND_RESTORE,26,2048,1,1,true,true,544300,570300,471040
fork-3,draw_item64_light,CONSTANT_FIXED,26,2048,1,1,true,true,385300,407800,290816
fork-3,draw_item64_light,IPOINTER_EVERY,26,2048,1,1,true,true,441400,489000,375808
fork-3,draw_item64_light,I2I_CACHED,26,2048,1,1,true,true,500900,535900,369664
fork-3,draw_item64_light,ARRAY_FIXED,26,2048,1,1,true,true,495000,534300,458752
fork-3,draw_item64_light,I4I,27,2048,1,1,true,true,550100,588900,440320
fork-3,draw_item64_light,ARRAY_FIXED,27,2048,1,1,true,true,444600,487200,355328
fork-3,draw_item64_light,IPOINTER_BIND_RESTORE,27,2048,1,1,true,true,583700,627300,458752
fork-3,draw_item64_light,IPOINTER_CACHED,27,2048,1,1,true,true,506200,548400,393216
fork-3,draw_item64_light,CONSTANT_FIXED,27,2048,1,1,true,true,409400,451800,300032
fork-3,draw_item64_light,I2I_CACHED,27,2048,1,1,true,true,564700,598000,419840
fork-3,draw_item64_light,IPOINTER_EVERY,27,2048,1,1,true,true,618400,733100,540672
fork-3,draw_item64_light,I2I,27,2048,1,1,true,true,643900,684200,395264
fork-3,draw_item64_light,I4I,28,2048,1,1,true,true,542200,576000,402432
fork-3,draw_item64_light,IPOINTER_BIND_RESTORE,28,2048,1,1,true,true,647000,702600,557056
fork-3,draw_item64_light,CONSTANT_FIXED,28,2048,1,1,true,true,411000,466200,305152
fork-3,draw_item64_light,ARRAY_FIXED,28,2048,1,1,true,true,436600,484400,368640
fork-3,draw_item64_light,I2I_CACHED,28,2048,1,1,true,true,711100,747800,382976
fork-3,draw_item64_light,IPOINTER_CACHED,28,2048,1,1,true,true,455500,484200,399360
fork-3,draw_item64_light,I2I,28,2048,1,1,true,true,516600,555700,417792
fork-3,draw_item64_light,IPOINTER_EVERY,28,2048,1,1,true,true,444300,487700,350208
fork-3,draw_item64_light,IPOINTER_EVERY,29,2048,1,1,true,true,439500,482300,350208
fork-3,draw_item64_light,ARRAY_FIXED,29,2048,1,1,true,true,382300,424900,308224
fork-3,draw_item64_light,IPOINTER_CACHED,29,2048,1,1,true,true,442400,485900,354304
fork-3,draw_item64_light,IPOINTER_BIND_RESTORE,29,2048,1,1,true,true,670700,717000,559104
fork-3,draw_item64_light,I2I_CACHED,29,2048,1,1,true,true,540000,698200,530432
fork-3,draw_item64_light,I4I,29,2048,1,1,true,true,526400,574000,440320
fork-3,draw_item64_light,I2I,29,2048,1,1,true,true,514900,549100,384000
fork-3,draw_item64_light,CONSTANT_FIXED,29,2048,1,1,true,true,377500,408600,321536
fork-3,draw_item64_light,I2I,30,2048,1,1,true,true,518600,562700,458752
fork-3,draw_item64_light,IPOINTER_BIND_RESTORE,30,2048,1,1,true,true,709400,885500,723968
fork-3,draw_item64_light,I2I_CACHED,30,2048,1,1,true,true,562000,596400,300032
fork-3,draw_item64_light,IPOINTER_CACHED,30,2048,1,1,true,true,517000,547900,465920
fork-3,draw_item64_light,I4I,30,2048,1,1,true,true,487300,525700,379904
fork-3,draw_item64_light,CONSTANT_FIXED,30,2048,1,1,true,true,369400,410800,269312
fork-3,draw_item64_light,ARRAY_FIXED,30,2048,1,1,true,true,372000,681800,301056
fork-3,draw_item64_light,IPOINTER_EVERY,30,2048,1,1,true,true,521900,597900,433152
fork-3,draw_item64_both,ARRAY_FIXED,0,2048,1,2,true,true,376600,419900,307200
fork-3,draw_item64_both,IPOINTER_BIND_RESTORE,0,2048,1,2,true,true,579200,622000,456704
fork-3,draw_item64_both,I4I,0,2048,1,2,true,true,594100,643600,476160
fork-3,draw_item64_both,IPOINTER_EVERY,0,2048,1,2,true,true,495900,538700,377856
fork-3,draw_item64_both,I2I,0,2048,1,2,true,true,756000,961800,662528
fork-3,draw_item64_both,I2I_CACHED,0,2048,1,2,true,true,669900,718400,343040
fork-3,draw_item64_both,CONSTANT_FIXED,0,2048,1,2,true,true,392300,435800,274432
fork-3,draw_item64_both,IPOINTER_CACHED,0,2048,1,2,true,true,593200,824700,545792
fork-3,draw_item64_both,IPOINTER_EVERY,1,2048,1,2,true,true,554600,597900,433152
fork-3,draw_item64_both,CONSTANT_FIXED,1,2048,1,2,true,true,413900,797900,637952
fork-3,draw_item64_both,ARRAY_FIXED,1,2048,1,2,true,true,400300,445200,319488
fork-3,draw_item64_both,IPOINTER_CACHED,1,2048,1,2,true,true,457400,500600,362496
fork-3,draw_item64_both,IPOINTER_BIND_RESTORE,1,2048,1,2,true,true,602600,645600,472064
fork-3,draw_item64_both,I2I_CACHED,1,2048,1,2,true,true,603000,654500,480256
fork-3,draw_item64_both,I2I,1,2048,1,2,true,true,601600,651600,482304
fork-3,draw_item64_both,I4I,1,2048,1,2,true,true,877700,1577100,867328
fork-3,draw_item64_both,IPOINTER_EVERY,2,2048,1,2,true,true,566100,607500,428032
fork-3,draw_item64_both,CONSTANT_FIXED,2,2048,1,2,true,true,448400,492200,321536
fork-3,draw_item64_both,I2I,2,2048,1,2,true,true,599600,855300,121856
fork-3,draw_item64_both,ARRAY_FIXED,2,2048,1,2,true,true,399900,440900,320512
fork-3,draw_item64_both,IPOINTER_BIND_RESTORE,2,2048,1,2,true,true,666300,710200,508928
fork-3,draw_item64_both,I2I_CACHED,2,2048,1,2,true,true,599400,649000,480256
fork-3,draw_item64_both,IPOINTER_CACHED,2,2048,1,2,true,true,456000,498800,360448
fork-3,draw_item64_both,I4I,2,2048,1,2,true,true,640300,689800,510976
fork-3,draw_item64_both,IPOINTER_CACHED,3,2048,1,2,true,true,459900,502500,365568
fork-3,draw_item64_both,I2I,3,2048,1,2,true,true,605700,867500,481280
fork-3,draw_item64_both,I4I,3,2048,1,2,true,true,724600,775700,589824
fork-3,draw_item64_both,CONSTANT_FIXED,3,2048,1,2,true,true,606100,653500,226304
fork-3,draw_item64_both,IPOINTER_BIND_RESTORE,3,2048,1,2,true,true,808700,1033600,631808
fork-3,draw_item64_both,IPOINTER_EVERY,3,2048,1,2,true,true,487000,530800,381952
fork-3,draw_item64_both,ARRAY_FIXED,3,2048,1,2,true,true,521200,679200,561152
fork-3,draw_item64_both,I2I_CACHED,3,2048,1,2,true,true,780100,875800,393216
fork-3,draw_item64_both,I4I,4,2048,1,2,true,true,639000,689200,504832
fork-3,draw_item64_both,IPOINTER_BIND_RESTORE,4,2048,1,2,true,true,613000,656600,464896
fork-3,draw_item64_both,I2I,4,2048,1,2,true,true,602600,651600,481280
fork-3,draw_item64_both,CONSTANT_FIXED,4,2048,1,2,true,true,384300,426400,281600
fork-3,draw_item64_both,IPOINTER_EVERY,4,2048,1,2,true,true,505100,564800,401408
fork-3,draw_item64_both,I2I_CACHED,4,2048,1,2,true,true,658000,911300,514048
fork-3,draw_item64_both,IPOINTER_CACHED,4,2048,1,2,true,true,507100,551100,398336
fork-3,draw_item64_both,ARRAY_FIXED,4,2048,1,2,true,true,444700,1036000,522240
fork-3,draw_item64_both,ARRAY_FIXED,5,2048,1,2,true,true,415200,458300,322560
fork-3,draw_item64_both,I2I,5,2048,1,2,true,true,570900,619600,453632
fork-3,draw_item64_both,CONSTANT_FIXED,5,2048,1,2,true,true,428500,567900,295936
fork-3,draw_item64_both,IPOINTER_BIND_RESTORE,5,2048,1,2,true,true,636300,692300,507904
fork-3,draw_item64_both,IPOINTER_EVERY,5,2048,1,2,true,true,505200,552300,389120
fork-3,draw_item64_both,I2I_CACHED,5,2048,1,2,true,true,598100,646900,478208
fork-3,draw_item64_both,IPOINTER_CACHED,5,2048,1,2,true,true,437100,787100,648192
fork-3,draw_item64_both,I4I,5,2048,1,2,true,true,692200,748300,553984
fork-3,draw_item64_both,CONSTANT_FIXED,6,2048,1,2,true,true,490500,554200,387072
fork-3,draw_item64_both,IPOINTER_BIND_RESTORE,6,2048,1,2,true,true,683800,728900,521216
fork-3,draw_item64_both,IPOINTER_EVERY,6,2048,1,2,true,true,559200,602400,440320
fork-3,draw_item64_both,I2I_CACHED,6,2048,1,2,true,true,652300,701400,518144
fork-3,draw_item64_both,I2I,6,2048,1,2,true,true,654900,748000,522240
fork-3,draw_item64_both,ARRAY_FIXED,6,2048,1,2,true,true,428300,628100,334848
fork-3,draw_item64_both,IPOINTER_CACHED,6,2048,1,2,true,true,520300,564100,405504
fork-3,draw_item64_both,I4I,6,2048,1,2,true,true,671600,724700,535552
fork-3,draw_item64_both,IPOINTER_CACHED,7,2048,1,2,true,true,510900,814300,396288
fork-3,draw_item64_both,I2I,7,2048,1,2,true,true,573000,622800,454656
fork-3,draw_item64_both,IPOINTER_EVERY,7,2048,1,2,true,true,620600,665900,523264
fork-3,draw_item64_both,ARRAY_FIXED,7,2048,1,2,true,true,537000,579400,450560
fork-3,draw_item64_both,CONSTANT_FIXED,7,2048,1,2,true,true,406500,600000,446464
fork-3,draw_item64_both,IPOINTER_BIND_RESTORE,7,2048,1,2,true,true,640300,683400,488448
fork-3,draw_item64_both,I4I,7,2048,1,2,true,true,690400,739900,542720
fork-3,draw_item64_both,I2I_CACHED,7,2048,1,2,true,true,638400,735300,509952
fork-3,draw_item64_both,ARRAY_FIXED,8,2048,1,2,true,true,546600,593300,415744
fork-3,draw_item64_both,I4I,8,2048,1,2,true,true,625600,675100,503808
fork-3,draw_item64_both,IPOINTER_EVERY,8,2048,1,2,true,true,492800,535500,388096
fork-3,draw_item64_both,IPOINTER_BIND_RESTORE,8,2048,1,2,true,true,681500,767700,559104
fork-3,draw_item64_both,IPOINTER_CACHED,8,2048,1,2,true,true,464400,508700,362496
fork-3,draw_item64_both,CONSTANT_FIXED,8,2048,1,2,true,true,391700,434600,295936
fork-3,draw_item64_both,I2I,8,2048,1,2,true,true,700000,762200,594944
fork-3,draw_item64_both,I2I_CACHED,8,2048,1,2,true,true,687500,865800,663552
fork-3,draw_item64_both,I4I,9,2048,1,2,true,true,638800,688300,509952
fork-3,draw_item64_both,I2I_CACHED,9,2048,1,2,true,true,601600,1861500,481280
fork-3,draw_item64_both,IPOINTER_EVERY,9,2048,1,2,true,true,768400,969000,744448
fork-3,draw_item64_both,IPOINTER_CACHED,9,2048,1,2,true,true,453000,496300,359424
fork-3,draw_item64_both,CONSTANT_FIXED,9,2048,1,2,true,true,373700,417600,275456
fork-3,draw_item64_both,I2I,9,2048,1,2,true,true,585600,634500,468992
fork-3,draw_item64_both,IPOINTER_BIND_RESTORE,9,2048,1,2,true,true,584100,627800,457728
fork-3,draw_item64_both,ARRAY_FIXED,9,2048,1,2,true,true,383600,425600,308224
fork-3,draw_item64_both,IPOINTER_CACHED,10,2048,1,2,true,true,570500,616000,429056
fork-3,draw_item64_both,I2I_CACHED,10,2048,1,2,true,true,607900,657200,485376
fork-3,draw_item64_both,I4I,10,2048,1,2,true,true,617400,666800,492544
fork-3,draw_item64_both,IPOINTER_EVERY,10,2048,1,2,true,true,498700,806400,391168
fork-3,draw_item64_both,I2I,10,2048,1,2,true,true,600800,651000,473088
fork-3,draw_item64_both,IPOINTER_BIND_RESTORE,10,2048,1,2,true,true,589200,674700,501760
fork-3,draw_item64_both,CONSTANT_FIXED,10,2048,1,2,true,true,380500,614600,271360
fork-3,draw_item64_both,ARRAY_FIXED,10,2048,1,2,true,true,393200,436700,309248
fork-3,draw_item64_both,I2I_CACHED,11,2048,1,2,true,true,600100,653700,482304
fork-3,draw_item64_both,IPOINTER_BIND_RESTORE,11,2048,1,2,true,true,584400,628500,456704
fork-3,draw_item64_both,CONSTANT_FIXED,11,2048,1,2,true,true,371200,414800,273408
fork-3,draw_item64_both,IPOINTER_CACHED,11,2048,1,2,true,true,452600,733200,359424
fork-3,draw_item64_both,ARRAY_FIXED,11,2048,1,2,true,true,532400,590100,407552
fork-3,draw_item64_both,I4I,11,2048,1,2,true,true,688000,740400,562176
fork-3,draw_item64_both,IPOINTER_EVERY,11,2048,1,2,true,true,560500,604900,440320
fork-3,draw_item64_both,I2I,11,2048,1,2,true,true,789500,845700,656384
fork-3,draw_item64_both,I4I,12,2048,1,2,true,true,667800,724300,537600
fork-3,draw_item64_both,I2I,12,2048,1,2,true,true,683500,735800,553984
fork-3,draw_item64_both,ARRAY_FIXED,12,2048,1,2,true,true,411900,455500,323584
fork-3,draw_item64_both,I2I_CACHED,12,2048,1,2,true,true,653300,702700,529408
fork-3,draw_item64_both,IPOINTER_BIND_RESTORE,12,2048,1,2,true,true,609000,652500,468992
fork-3,draw_item64_both,CONSTANT_FIXED,12,2048,1,2,true,true,440300,484800,332800
fork-3,draw_item64_both,IPOINTER_CACHED,12,2048,1,2,true,true,471300,650500,369664
fork-3,draw_item64_both,IPOINTER_EVERY,12,2048,1,2,true,true,538900,1245500,1095680
fork-3,draw_item64_both,I2I,13,2048,1,2,true,true,812800,1186000,681984
fork-3,draw_item64_both,IPOINTER_BIND_RESTORE,13,2048,1,2,true,true,591600,940400,120832
fork-3,draw_item64_both,IPOINTER_CACHED,13,2048,1,2,true,true,749100,795100,627712
fork-3,draw_item64_both,I2I_CACHED,13,2048,1,2,true,true,639600,824100,520192
fork-3,draw_item64_both,ARRAY_FIXED,13,2048,1,2,true,true,386700,429300,309248
fork-3,draw_item64_both,CONSTANT_FIXED,13,2048,1,2,true,true,361100,404600,267264
fork-3,draw_item64_both,IPOINTER_EVERY,13,2048,1,2,true,true,473700,516700,373760
fork-3,draw_item64_both,I4I,13,2048,1,2,true,true,671900,856700,625664
fork-3,draw_item64_both,CONSTANT_FIXED,14,2048,1,2,true,true,516100,566000,423936
fork-3,draw_item64_both,IPOINTER_BIND_RESTORE,14,2048,1,2,true,true,597100,704500,525312
fork-3,draw_item64_both,I2I_CACHED,14,2048,1,2,true,true,651400,700700,514048
fork-3,draw_item64_both,I2I,14,2048,1,2,true,true,637100,685600,510976
fork-3,draw_item64_both,I4I,14,2048,1,2,true,true,635900,684800,496640
fork-3,draw_item64_both,ARRAY_FIXED,14,2048,1,2,true,true,373000,416000,300032
fork-3,draw_item64_both,IPOINTER_EVERY,14,2048,1,2,true,true,689400,1104900,650240
fork-3,draw_item64_both,IPOINTER_CACHED,14,2048,1,2,true,true,447800,491800,355328
fork-3,draw_item64_both,IPOINTER_EVERY,15,2048,1,2,true,true,490000,533500,388096
fork-3,draw_item64_both,ARRAY_FIXED,15,2048,1,2,true,true,393400,546700,318464
fork-3,draw_item64_both,I2I,15,2048,1,2,true,true,589300,639600,470016
fork-3,draw_item64_both,I2I_CACHED,15,2048,1,2,true,true,658200,710900,539648
fork-3,draw_item64_both,I4I,15,2048,1,2,true,true,672200,721000,545792
fork-3,draw_item64_both,IPOINTER_BIND_RESTORE,15,2048,1,2,true,true,660800,704600,530432
fork-3,draw_item64_both,IPOINTER_CACHED,15,2048,1,2,true,true,456100,499600,363520
fork-3,draw_item64_both,CONSTANT_FIXED,15,2048,1,2,true,true,375800,433800,277504
fork-3,draw_item64_both,CONSTANT_FIXED,16,2048,1,2,true,true,403600,579700,300032
fork-3,draw_item64_both,IPOINTER_CACHED,16,2048,1,2,true,true,451600,495900,357376
fork-3,draw_item64_both,IPOINTER_BIND_RESTORE,16,2048,1,2,true,true,659200,703800,462848
fork-3,draw_item64_both,I2I_CACHED,16,2048,1,2,true,true,587300,636500,468992
fork-3,draw_item64_both,IPOINTER_EVERY,16,2048,1,2,true,true,494900,671400,522240
fork-3,draw_item64_both,I4I,16,2048,1,2,true,true,619900,670100,494592
fork-3,draw_item64_both,ARRAY_FIXED,16,2048,1,2,true,true,377600,420400,300032
fork-3,draw_item64_both,I2I,16,2048,1,2,true,true,594100,643700,480256
fork-3,draw_item64_both,IPOINTER_CACHED,17,2048,1,2,true,true,627500,698300,566272
fork-3,draw_item64_both,I2I_CACHED,17,2048,1,2,true,true,602700,652600,270336
fork-3,draw_item64_both,CONSTANT_FIXED,17,2048,1,2,true,true,378100,420800,279552
fork-3,draw_item64_both,IPOINTER_BIND_RESTORE,17,2048,1,2,true,true,655300,698700,514048
fork-3,draw_item64_both,I2I,17,2048,1,2,true,true,595900,644600,473088
fork-3,draw_item64_both,I4I,17,2048,1,2,true,true,609400,658400,487424
fork-3,draw_item64_both,ARRAY_FIXED,17,2048,1,2,true,true,470700,514700,400384
fork-3,draw_item64_both,IPOINTER_EVERY,17,2048,1,2,true,true,491500,534500,388096
fork-3,draw_item64_both,I2I,18,2048,1,2,true,true,584300,633600,461824
fork-3,draw_item64_both,IPOINTER_BIND_RESTORE,18,2048,1,2,true,true,575800,619500,448512
fork-3,draw_item64_both,ARRAY_FIXED,18,2048,1,2,true,true,371600,413900,300032
fork-3,draw_item64_both,IPOINTER_CACHED,18,2048,1,2,true,true,471300,513700,343040
fork-3,draw_item64_both,I2I_CACHED,18,2048,1,2,true,true,581900,752600,465920
fork-3,draw_item64_both,IPOINTER_EVERY,18,2048,1,2,true,true,564600,610100,415744
fork-3,draw_item64_both,CONSTANT_FIXED,18,2048,1,2,true,true,381400,426200,283648
fork-3,draw_item64_both,I4I,18,2048,1,2,true,true,4155900,4319500,4028416
fork-3,draw_item64_both,IPOINTER_BIND_RESTORE,19,2048,1,2,true,true,588600,632800,458752
fork-3,draw_item64_both,I4I,19,2048,1,2,true,true,676900,726500,552960
fork-3,draw_item64_both,ARRAY_FIXED,19,2048,1,2,true,true,391300,433600,315392
fork-3,draw_item64_both,CONSTANT_FIXED,19,2048,1,2,true,true,372300,414800,274432
fork-3,draw_item64_both,IPOINTER_EVERY,19,2048,1,2,true,true,489300,647800,387072
fork-3,draw_item64_both,IPOINTER_CACHED,19,2048,1,2,true,true,448700,492400,355328
fork-3,draw_item64_both,I2I_CACHED,19,2048,1,2,true,true,592000,640800,262144
fork-3,draw_item64_both,I2I,19,2048,1,2,true,true,595300,643600,478208
fork-3,draw_item64_both,I2I,20,2048,1,2,true,true,585000,633700,468992
fork-3,draw_item64_both,CONSTANT_FIXED,20,2048,1,2,true,true,427800,470700,309248
fork-3,draw_item64_both,I4I,20,2048,1,2,true,true,682100,730600,538624
fork-3,draw_item64_both,I2I_CACHED,20,2048,1,2,true,true,674400,764300,393216
fork-3,draw_item64_both,IPOINTER_EVERY,20,2048,1,2,true,true,555300,600200,442368
fork-3,draw_item64_both,IPOINTER_BIND_RESTORE,20,2048,1,2,true,true,651100,748400,506880
fork-3,draw_item64_both,ARRAY_FIXED,20,2048,1,2,true,true,454900,499700,359424
fork-3,draw_item64_both,IPOINTER_CACHED,20,2048,1,2,true,true,512700,555600,404480
fork-3,draw_item64_both,CONSTANT_FIXED,21,2048,1,2,true,true,530000,586400,428032
fork-3,draw_item64_both,IPOINTER_CACHED,21,2048,1,2,true,true,467300,520600,377856
fork-3,draw_item64_both,I4I,21,2048,1,2,true,true,682200,733200,537600
fork-3,draw_item64_both,I2I_CACHED,21,2048,1,2,true,true,692800,744400,565248
fork-3,draw_item64_both,IPOINTER_BIND_RESTORE,21,2048,1,2,true,true,612500,659800,475136
fork-3,draw_item64_both,I2I,21,2048,1,2,true,true,671500,1118900,557056
fork-3,draw_item64_both,IPOINTER_EVERY,21,2048,1,2,true,true,802700,911600,475136
fork-3,draw_item64_both,ARRAY_FIXED,21,2048,1,2,true,true,402800,446200,322560
fork-3,draw_item64_both,IPOINTER_BIND_RESTORE,22,2048,1,2,true,true,655500,915800,517120
fork-3,draw_item64_both,I4I,22,2048,1,2,true,true,776200,828600,624640
fork-3,draw_item64_both,I2I_CACHED,22,2048,1,2,true,true,1091700,1307100,836608
fork-3,draw_item64_both,I2I,22,2048,1,2,true,true,670400,867000,519168
fork-3,draw_item64_both,ARRAY_FIXED,22,2048,1,2,true,true,503400,555700,395264
fork-3,draw_item64_both,IPOINTER_CACHED,22,2048,1,2,true,true,548500,723700,453632
fork-3,draw_item64_both,CONSTANT_FIXED,22,2048,1,2,true,true,432900,477300,297984
fork-3,draw_item64_both,IPOINTER_EVERY,22,2048,1,2,true,true,512900,826200,672768
fork-3,draw_item64_both,I4I,23,2048,1,2,true,true,648500,698500,513024
fork-3,draw_item64_both,I2I,23,2048,1,2,true,true,699600,751500,578560
fork-3,draw_item64_both,IPOINTER_EVERY,23,2048,1,2,true,true,500100,543900,395264
fork-3,draw_item64_both,CONSTANT_FIXED,23,2048,1,2,true,true,597000,878300,684032
fork-3,draw_item64_both,IPOINTER_CACHED,23,2048,1,2,true,true,505900,959100,108544
fork-3,draw_item64_both,ARRAY_FIXED,23,2048,1,2,true,true,415600,458300,320512
fork-3,draw_item64_both,IPOINTER_BIND_RESTORE,23,2048,1,2,true,true,585300,1028700,457728
fork-3,draw_item64_both,I2I_CACHED,23,2048,1,2,true,true,707800,770600,541696
fork-3,draw_item64_both,ARRAY_FIXED,24,2048,1,2,true,true,450000,934900,109568
fork-3,draw_item64_both,CONSTANT_FIXED,24,2048,1,2,true,true,396400,647200,286720
fork-3,draw_item64_both,I2I_CACHED,24,2048,1,2,true,true,588000,639100,470016
fork-3,draw_item64_both,IPOINTER_EVERY,24,2048,1,2,true,true,509900,555600,407552
fork-3,draw_item64_both,I2I,24,2048,1,2,true,true,720400,770700,527360
fork-3,draw_item64_both,IPOINTER_BIND_RESTORE,24,2048,1,2,true,true,685200,955500,728064
fork-3,draw_item64_both,IPOINTER_CACHED,24,2048,1,2,true,true,699700,744800,395264
fork-3,draw_item64_both,I4I,24,2048,1,2,true,true,686100,735300,544768
fork-3,draw_item64_both,CONSTANT_FIXED,25,2048,1,2,true,true,546400,1044100,448512
fork-3,draw_item64_both,IPOINTER_CACHED,25,2048,1,2,true,true,485900,532800,367616
fork-3,draw_item64_both,I2I_CACHED,25,2048,1,2,true,true,600600,649500,480256
fork-3,draw_item64_both,IPOINTER_BIND_RESTORE,25,2048,1,2,true,true,602000,645800,464896
fork-3,draw_item64_both,ARRAY_FIXED,25,2048,1,2,true,true,393800,665800,543744
fork-3,draw_item64_both,I4I,25,2048,1,2,true,true,789400,845400,655360
fork-3,draw_item64_both,I2I,25,2048,1,2,true,true,672200,739900,540672
fork-3,draw_item64_both,IPOINTER_EVERY,25,2048,1,2,true,true,616200,661500,474112
fork-3,draw_item64_both,ARRAY_FIXED,26,2048,1,2,true,true,425100,468500,346112
fork-3,draw_item64_both,CONSTANT_FIXED,26,2048,1,2,true,true,422600,477900,310272
fork-3,draw_item64_both,I2I_CACHED,26,2048,1,2,true,true,641400,691000,514048
fork-3,draw_item64_both,I2I,26,2048,1,2,true,true,700100,753300,575488
fork-3,draw_item64_both,I4I,26,2048,1,2,true,true,659600,708900,522240
fork-3,draw_item64_both,IPOINTER_BIND_RESTORE,26,2048,1,2,true,true,618700,666900,480256
fork-3,draw_item64_both,IPOINTER_EVERY,26,2048,1,2,true,true,504300,547500,397312
fork-3,draw_item64_both,IPOINTER_CACHED,26,2048,1,2,true,true,473600,516500,369664
fork-3,draw_item64_both,I4I,27,2048,1,2,true,true,622100,671000,495616
fork-3,draw_item64_both,IPOINTER_BIND_RESTORE,27,2048,1,2,true,true,666500,711200,483328
fork-3,draw_item64_both,IPOINTER_CACHED,27,2048,1,2,true,true,508400,784900,615424
fork-3,draw_item64_both,IPOINTER_EVERY,27,2048,1,2,true,true,507800,552100,400384
fork-3,draw_item64_both,CONSTANT_FIXED,27,2048,1,2,true,true,377700,420400,276480
fork-3,draw_item64_both,I2I_CACHED,27,2048,1,2,true,true,605900,654900,487424
fork-3,draw_item64_both,I2I,27,2048,1,2,true,true,595300,644500,472064
fork-3,draw_item64_both,ARRAY_FIXED,27,2048,1,2,true,true,545500,590500,459776
fork-3,draw_item64_both,I2I_CACHED,28,2048,1,2,true,true,706200,756000,561152
fork-3,draw_item64_both,CONSTANT_FIXED,28,2048,1,2,true,true,445200,491300,326656
fork-3,draw_item64_both,I4I,28,2048,1,2,true,true,709900,758700,558080
fork-3,draw_item64_both,IPOINTER_EVERY,28,2048,1,2,true,true,718800,769700,431104
fork-3,draw_item64_both,IPOINTER_CACHED,28,2048,1,2,true,true,476200,520200,379904
fork-3,draw_item64_both,IPOINTER_BIND_RESTORE,28,2048,1,2,true,true,675400,723200,544768
fork-3,draw_item64_both,I2I,28,2048,1,2,true,true,651700,701900,519168
fork-3,draw_item64_both,ARRAY_FIXED,28,2048,1,2,true,true,422300,466600,337920
fork-3,draw_item64_both,IPOINTER_CACHED,29,2048,1,2,true,true,494700,538600,386048
fork-3,draw_item64_both,ARRAY_FIXED,29,2048,1,2,true,true,422000,466300,338944
fork-3,draw_item64_both,IPOINTER_EVERY,29,2048,1,2,true,true,538500,815100,427008
fork-3,draw_item64_both,I2I,29,2048,1,2,true,true,714000,773300,590848
fork-3,draw_item64_both,I2I_CACHED,29,2048,1,2,true,true,681200,731100,534528
fork-3,draw_item64_both,IPOINTER_BIND_RESTORE,29,2048,1,2,true,true,684300,982900,527360
fork-3,draw_item64_both,I4I,29,2048,1,2,true,true,659100,713100,525312
fork-3,draw_item64_both,CONSTANT_FIXED,29,2048,1,2,true,true,398100,441200,291840
fork-3,draw_item64_both,I4I,30,2048,1,2,true,true,729000,779500,586752
fork-3,draw_item64_both,ARRAY_FIXED,30,2048,1,2,true,true,474300,686200,540672
fork-3,draw_item64_both,IPOINTER_BIND_RESTORE,30,2048,1,2,true,true,802300,849300,650240
fork-3,draw_item64_both,I2I,30,2048,1,2,true,true,692400,742400,534528
fork-3,draw_item64_both,IPOINTER_CACHED,30,2048,1,2,true,true,518100,561300,407552
fork-3,draw_item64_both,I2I_CACHED,30,2048,1,2,true,true,778200,853400,667648
fork-3,draw_item64_both,CONSTANT_FIXED,30,2048,1,2,true,true,394300,733000,66560
fork-3,draw_item64_both,IPOINTER_EVERY,30,2048,1,2,true,true,500200,548800,388096
fork-3,draw_item64_mesh128_light,I4I,0,512,128,1,true,true,121700,546400,401408
fork-3,draw_item64_mesh128_light,IPOINTER_EVERY,0,512,128,1,true,true,129400,550200,401408
fork-3,draw_item64_mesh128_light,I2I_CACHED,0,512,128,1,true,true,128900,552100,401408
fork-3,draw_item64_mesh128_light,ARRAY_FIXED,0,512,128,1,true,true,99700,522400,401408
fork-3,draw_item64_mesh128_light,I2I,0,512,128,1,true,true,130800,554100,401408
fork-3,draw_item64_mesh128_light,IPOINTER_CACHED,0,512,128,1,true,true,116800,539100,401408
fork-3,draw_item64_mesh128_light,CONSTANT_FIXED,0,512,128,1,true,true,100500,829100,402432
fork-3,draw_item64_mesh128_light,IPOINTER_BIND_RESTORE,0,512,128,1,true,true,148500,573100,402432
fork-3,draw_item64_mesh128_light,IPOINTER_BIND_RESTORE,1,512,128,1,true,true,136900,560600,403456
fork-3,draw_item64_mesh128_light,CONSTANT_FIXED,1,512,128,1,true,true,93600,513000,401408
fork-3,draw_item64_mesh128_light,ARRAY_FIXED,1,512,128,1,true,true,99500,524500,402432
fork-3,draw_item64_mesh128_light,I2I_CACHED,1,512,128,1,true,true,124400,546800,401408
fork-3,draw_item64_mesh128_light,I2I,1,512,128,1,true,true,144600,568100,401408
fork-3,draw_item64_mesh128_light,IPOINTER_CACHED,1,512,128,1,true,true,103500,526400,402432
fork-3,draw_item64_mesh128_light,IPOINTER_EVERY,1,512,128,1,true,true,102400,524100,401408
fork-3,draw_item64_mesh128_light,I4I,1,512,128,1,true,true,113200,535500,401408
fork-3,draw_item64_mesh128_light,IPOINTER_EVERY,2,512,128,1,true,true,186800,626300,402432
fork-3,draw_item64_mesh128_light,IPOINTER_CACHED,2,512,128,1,true,true,119400,544300,402432
fork-3,draw_item64_mesh128_light,IPOINTER_BIND_RESTORE,2,512,128,1,true,true,139000,573800,401408
fork-3,draw_item64_mesh128_light,I2I,2,512,128,1,true,true,126100,549000,401408
fork-3,draw_item64_mesh128_light,I4I,2,512,128,1,true,true,117000,539700,401408
fork-3,draw_item64_mesh128_light,ARRAY_FIXED,2,512,128,1,true,true,92400,515800,401408
fork-3,draw_item64_mesh128_light,CONSTANT_FIXED,2,512,128,1,true,true,90500,511100,401408
fork-3,draw_item64_mesh128_light,I2I_CACHED,2,512,128,1,true,true,131100,553300,401408
fork-3,draw_item64_mesh128_light,CONSTANT_FIXED,3,512,128,1,true,true,89500,828200,401408
fork-3,draw_item64_mesh128_light,I2I_CACHED,3,512,128,1,true,true,126300,554700,402432
fork-3,draw_item64_mesh128_light,ARRAY_FIXED,3,512,128,1,true,true,93800,517700,402432
fork-3,draw_item64_mesh128_light,IPOINTER_BIND_RESTORE,3,512,128,1,true,true,131300,553900,401408
fork-3,draw_item64_mesh128_light,I2I,3,512,128,1,true,true,125600,547800,401408
fork-3,draw_item64_mesh128_light,IPOINTER_EVERY,3,512,128,1,true,true,137300,571900,401408
fork-3,draw_item64_mesh128_light,I4I,3,512,128,1,true,true,143100,1093500,403456
fork-3,draw_item64_mesh128_light,IPOINTER_CACHED,3,512,128,1,true,true,132100,559700,401408
fork-3,draw_item64_mesh128_light,I2I_CACHED,4,512,128,1,true,true,122600,547700,402432
fork-3,draw_item64_mesh128_light,IPOINTER_BIND_RESTORE,4,512,128,1,true,true,155800,697600,402432
fork-3,draw_item64_mesh128_light,I4I,4,512,128,1,true,true,129900,552700,401408
fork-3,draw_item64_mesh128_light,I2I,4,512,128,1,true,true,131000,554000,401408
fork-3,draw_item64_mesh128_light,CONSTANT_FIXED,4,512,128,1,true,true,95900,522800,400384
fork-3,draw_item64_mesh128_light,ARRAY_FIXED,4,512,128,1,true,true,97300,520500,401408
fork-3,draw_item64_mesh128_light,IPOINTER_EVERY,4,512,128,1,true,true,112200,536900,401408
fork-3,draw_item64_mesh128_light,IPOINTER_CACHED,4,512,128,1,true,true,115400,540700,403456
fork-3,draw_item64_mesh128_light,IPOINTER_BIND_RESTORE,5,512,128,1,true,true,162800,797500,403456
fork-3,draw_item64_mesh128_light,IPOINTER_EVERY,5,512,128,1,true,true,122500,679700,401408
fork-3,draw_item64_mesh128_light,CONSTANT_FIXED,5,512,128,1,true,true,93400,761600,402432
fork-3,draw_item64_mesh128_light,I2I,5,512,128,1,true,true,161100,591100,402432
fork-3,draw_item64_mesh128_light,I4I,5,512,128,1,true,true,187100,629800,401408
fork-3,draw_item64_mesh128_light,IPOINTER_CACHED,5,512,128,1,true,true,110600,667700,401408
fork-3,draw_item64_mesh128_light,I2I_CACHED,5,512,128,1,true,true,118100,540600,401408
fork-3,draw_item64_mesh128_light,ARRAY_FIXED,5,512,128,1,true,true,93100,516400,402432
fork-3,draw_item64_mesh128_light,ARRAY_FIXED,6,512,128,1,true,true,100100,534800,402432
fork-3,draw_item64_mesh128_light,I2I,6,512,128,1,true,true,128000,551300,401408
fork-3,draw_item64_mesh128_light,IPOINTER_BIND_RESTORE,6,512,128,1,true,true,157500,581500,401408
fork-3,draw_item64_mesh128_light,IPOINTER_CACHED,6,512,128,1,true,true,117600,540400,401408
fork-3,draw_item64_mesh128_light,I4I,6,512,128,1,true,true,120000,542800,401408
fork-3,draw_item64_mesh128_light,IPOINTER_EVERY,6,512,128,1,true,true,107100,529900,401408
fork-3,draw_item64_mesh128_light,I2I_CACHED,6,512,128,1,true,true,125000,562800,401408
fork-3,draw_item64_mesh128_light,CONSTANT_FIXED,6,512,128,1,true,true,90600,512800,401408
fork-3,draw_item64_mesh128_light,IPOINTER_BIND_RESTORE,7,512,128,1,true,true,130800,554000,402432
fork-3,draw_item64_mesh128_light,I2I_CACHED,7,512,128,1,true,true,128700,562900,401408
fork-3,draw_item64_mesh128_light,IPOINTER_EVERY,7,512,128,1,true,true,106600,529600,402432
fork-3,draw_item64_mesh128_light,I4I,7,512,128,1,true,true,118300,540800,401408
fork-3,draw_item64_mesh128_light,IPOINTER_CACHED,7,512,128,1,true,true,110400,765300,402432
fork-3,draw_item64_mesh128_light,ARRAY_FIXED,7,512,128,1,true,true,114200,539000,402432
fork-3,draw_item64_mesh128_light,I2I,7,512,128,1,true,true,145900,571600,401408
fork-3,draw_item64_mesh128_light,CONSTANT_FIXED,7,512,128,1,true,true,99200,524900,401408
fork-3,draw_item64_mesh128_light,I4I,8,512,128,1,true,true,180800,614000,401408
fork-3,draw_item64_mesh128_light,I2I,8,512,128,1,true,true,134000,568200,401408
fork-3,draw_item64_mesh128_light,IPOINTER_CACHED,8,512,128,1,true,true,117700,543700,402432
fork-3,draw_item64_mesh128_light,CONSTANT_FIXED,8,512,128,1,true,true,91900,514800,401408
fork-3,draw_item64_mesh128_light,IPOINTER_BIND_RESTORE,8,512,128,1,true,true,130300,553800,402432
fork-3,draw_item64_mesh128_light,IPOINTER_EVERY,8,512,128,1,true,true,105900,531600,403456
fork-3,draw_item64_mesh128_light,ARRAY_FIXED,8,512,128,1,true,true,115400,540500,401408
fork-3,draw_item64_mesh128_light,I2I_CACHED,8,512,128,1,true,true,130300,552600,401408
fork-3,draw_item64_mesh128_light,CONSTANT_FIXED,9,512,128,1,true,true,105000,527900,402432
fork-3,draw_item64_mesh128_light,IPOINTER_CACHED,9,512,128,1,true,true,120200,544000,402432
fork-3,draw_item64_mesh128_light,I4I,9,512,128,1,true,true,129300,551500,401408
fork-3,draw_item64_mesh128_light,IPOINTER_EVERY,9,512,128,1,true,true,119300,541400,401408
fork-3,draw_item64_mesh128_light,I2I_CACHED,9,512,128,1,true,true,190400,627400,401408
fork-3,draw_item64_mesh128_light,IPOINTER_BIND_RESTORE,9,512,128,1,true,true,150300,574000,401408
fork-3,draw_item64_mesh128_light,ARRAY_FIXED,9,512,128,1,true,true,111300,760600,400384
fork-3,draw_item64_mesh128_light,I2I,9,512,128,1,true,true,204000,628500,402432
fork-3,draw_item64_mesh128_light,ARRAY_FIXED,10,512,128,1,true,true,105900,528400,401408
fork-3,draw_item64_mesh128_light,I4I,10,512,128,1,true,true,129100,550800,401408
fork-3,draw_item64_mesh128_light,I2I,10,512,128,1,true,true,138300,560400,401408
fork-3,draw_item64_mesh128_light,IPOINTER_CACHED,10,512,128,1,true,true,125900,551400,401408
fork-3,draw_item64_mesh128_light,I2I_CACHED,10,512,128,1,true,true,154700,781300,401408
fork-3,draw_item64_mesh128_light,IPOINTER_BIND_RESTORE,10,512,128,1,true,true,203800,634800,402432
fork-3,draw_item64_mesh128_light,IPOINTER_EVERY,10,512,128,1,true,true,159300,597300,403456
fork-3,draw_item64_mesh128_light,CONSTANT_FIXED,10,512,128,1,true,true,125200,677400,403456
fork-3,draw_item64_mesh128_light,I4I,11,512,128,1,true,true,124700,695700,402432
fork-3,draw_item64_mesh128_light,ARRAY_FIXED,11,512,128,1,true,true,98000,521400,401408
fork-3,draw_item64_mesh128_light,IPOINTER_BIND_RESTORE,11,512,128,1,true,true,129500,553000,401408
fork-3,draw_item64_mesh128_light,I2I_CACHED,11,512,128,1,true,true,124400,546700,401408
fork-3,draw_item64_mesh128_light,IPOINTER_EVERY,11,512,128,1,true,true,107300,528800,402432
fork-3,draw_item64_mesh128_light,I2I,11,512,128,1,true,true,198800,769300,402432
fork-3,draw_item64_mesh128_light,CONSTANT_FIXED,11,512,128,1,true,true,105900,531900,402432
fork-3,draw_item64_mesh128_light,IPOINTER_CACHED,11,512,128,1,true,true,109100,532300,401408
fork-3,draw_item64_mesh128_light,I4I,12,512,128,1,true,true,121500,845100,401408
fork-3,draw_item64_mesh128_light,I2I_CACHED,12,512,128,1,true,true,131800,557500,403456
fork-3,draw_item64_mesh128_light,CONSTANT_FIXED,12,512,128,1,true,true,90700,515200,401408
fork-3,draw_item64_mesh128_light,I2I,12,512,128,1,true,true,131500,855400,401408
fork-3,draw_item64_mesh128_light,ARRAY_FIXED,12,512,128,1,true,true,110200,533500,401408
fork-3,draw_item64_mesh128_light,IPOINTER_CACHED,12,512,128,1,true,true,109200,532000,401408
fork-3,draw_item64_mesh128_light,IPOINTER_BIND_RESTORE,12,512,128,1,true,true,154800,579300,403456
fork-3,draw_item64_mesh128_light,IPOINTER_EVERY,12,512,128,1,true,true,109400,532500,401408
fork-3,draw_item64_mesh128_light,IPOINTER_BIND_RESTORE,13,512,128,1,true,true,144700,569500,402432
fork-3,draw_item64_mesh128_light,I2I,13,512,128,1,true,true,128500,551900,401408
fork-3,draw_item64_mesh128_light,CONSTANT_FIXED,13,512,128,1,true,true,94100,520800,401408
fork-3,draw_item64_mesh128_light,I2I_CACHED,13,512,128,1,true,true,125800,550100,401408
fork-3,draw_item64_mesh128_light,ARRAY_FIXED,13,512,128,1,true,true,93300,516400,402432
fork-3,draw_item64_mesh128_light,IPOINTER_CACHED,13,512,128,1,true,true,109100,532100,402432
fork-3,draw_item64_mesh128_light,IPOINTER_EVERY,13,512,128,1,true,true,104900,528600,402432
fork-3,draw_item64_mesh128_light,I4I,13,512,128,1,true,true,124000,549000,401408
fork-3,draw_item64_mesh128_light,I2I,14,512,128,1,true,true,147200,571000,401408
fork-3,draw_item64_mesh128_light,ARRAY_FIXED,14,512,128,1,true,true,114100,538500,401408
fork-3,draw_item64_mesh128_light,I4I,14,512,128,1,true,true,185800,931400,402432
fork-3,draw_item64_mesh128_light,IPOINTER_EVERY,14,512,128,1,true,true,124200,551700,402432
fork-3,draw_item64_mesh128_light,CONSTANT_FIXED,14,512,128,1,true,true,88300,513400,400384
fork-3,draw_item64_mesh128_light,IPOINTER_BIND_RESTORE,14,512,128,1,true,true,127000,552100,402432
fork-3,draw_item64_mesh128_light,IPOINTER_CACHED,14,512,128,1,true,true,114900,539100,401408
fork-3,draw_item64_mesh128_light,I2I_CACHED,14,512,128,1,true,true,118000,540600,401408
fork-3,draw_item64_mesh128_light,ARRAY_FIXED,15,512,128,1,true,true,112500,537200,402432
fork-3,draw_item64_mesh128_light,IPOINTER_EVERY,15,512,128,1,true,true,109600,533100,402432
fork-3,draw_item64_mesh128_light,CONSTANT_FIXED,15,512,128,1,true,true,98400,520800,401408
fork-3,draw_item64_mesh128_light,I2I_CACHED,15,512,128,1,true,true,118900,541600,401408
fork-3,draw_item64_mesh128_light,I2I,15,512,128,1,true,true,126600,549200,401408
fork-3,draw_item64_mesh128_light,IPOINTER_CACHED,15,512,128,1,true,true,142600,508800,340992
fork-3,draw_item64_mesh128_light,IPOINTER_BIND_RESTORE,15,512,128,1,true,true,166100,547700,277504
fork-3,draw_item64_mesh128_light,I4I,15,512,128,1,true,true,137000,728400,278528
fork-3,draw_item64_mesh128_light,CONSTANT_FIXED,16,512,128,1,true,true,135700,446700,278528
fork-3,draw_item64_mesh128_light,ARRAY_FIXED,16,512,128,1,true,true,103300,515400,278528
fork-3,draw_item64_mesh128_light,I2I,16,512,128,1,true,true,159800,568000,279552
fork-3,draw_item64_mesh128_light,IPOINTER_EVERY,16,512,128,1,true,true,115300,427400,278528
fork-3,draw_item64_mesh128_light,I2I_CACHED,16,512,128,1,true,true,140400,631200,278528
fork-3,draw_item64_mesh128_light,IPOINTER_CACHED,16,512,128,1,true,true,146500,455000,279552
fork-3,draw_item64_mesh128_light,I4I,16,512,128,1,true,true,124000,420800,278528
fork-3,draw_item64_mesh128_light,IPOINTER_BIND_RESTORE,16,512,128,1,true,true,167500,476300,278528
fork-3,draw_item64_mesh128_light,I4I,17,512,128,1,true,true,135700,445600,278528
fork-3,draw_item64_mesh128_light,I2I,17,512,128,1,true,true,149500,448800,277504
fork-3,draw_item64_mesh128_light,CONSTANT_FIXED,17,512,128,1,true,true,138600,542500,279552
fork-3,draw_item64_mesh128_light,ARRAY_FIXED,17,512,128,1,true,true,101000,407500,278528
fork-3,draw_item64_mesh128_light,IPOINTER_BIND_RESTORE,17,512,128,1,true,true,130600,427900,278528
fork-3,draw_item64_mesh128_light,IPOINTER_EVERY,17,512,128,1,true,true,106000,402200,278528
fork-3,draw_item64_mesh128_light,IPOINTER_CACHED,17,512,128,1,true,true,106500,404000,278528
fork-3,draw_item64_mesh128_light,I2I_CACHED,17,512,128,1,true,true,127200,422900,278528
fork-3,draw_item64_mesh128_light,IPOINTER_BIND_RESTORE,18,512,128,1,true,true,221400,544300,278528
fork-3,draw_item64_mesh128_light,I2I,18,512,128,1,true,true,170800,559400,278528
fork-3,draw_item64_mesh128_light,CONSTANT_FIXED,18,512,128,1,true,true,110500,407000,277504
fork-3,draw_item64_mesh128_light,ARRAY_FIXED,18,512,128,1,true,true,109700,406800,278528
fork-3,draw_item64_mesh128_light,IPOINTER_CACHED,18,512,128,1,true,true,124300,422500,279552
fork-3,draw_item64_mesh128_light,I4I,18,512,128,1,true,true,132200,428800,278528
fork-3,draw_item64_mesh128_light,I2I_CACHED,18,512,128,1,true,true,142200,623800,278528
fork-3,draw_item64_mesh128_light,IPOINTER_EVERY,18,512,128,1,true,true,109700,409300,278528
fork-3,draw_item64_mesh128_light,I2I_CACHED,19,512,128,1,true,true,150000,447600,278528
fork-3,draw_item64_mesh128_light,CONSTANT_FIXED,19,512,128,1,true,true,107100,403300,277504
fork-3,draw_item64_mesh128_light,ARRAY_FIXED,19,512,128,1,true,true,109700,405900,278528
fork-3,draw_item64_mesh128_light,IPOINTER_BIND_RESTORE,19,512,128,1,true,true,145900,442000,277504
fork-3,draw_item64_mesh128_light,I2I,19,512,128,1,true,true,256500,556700,278528
fork-3,draw_item64_mesh128_light,IPOINTER_EVERY,19,512,128,1,true,true,121800,420100,279552
fork-3,draw_item64_mesh128_light,I4I,19,512,128,1,true,true,213800,522000,278528
fork-3,draw_item64_mesh128_light,IPOINTER_CACHED,19,512,128,1,true,true,114900,413800,278528
fork-3,draw_item64_mesh128_light,IPOINTER_CACHED,20,512,128,1,true,true,107700,404600,278528
fork-3,draw_item64_mesh128_light,IPOINTER_BIND_RESTORE,20,512,128,1,true,true,129600,426800,279552
fork-3,draw_item64_mesh128_light,I2I_CACHED,20,512,128,1,true,true,127200,423700,278528
fork-3,draw_item64_mesh128_light,IPOINTER_EVERY,20,512,128,1,true,true,107600,403700,277504
fork-3,draw_item64_mesh128_light,CONSTANT_FIXED,20,512,128,1,true,true,91600,387600,277504
fork-3,draw_item64_mesh128_light,ARRAY_FIXED,20,512,128,1,true,true,92900,388800,278528
fork-3,draw_item64_mesh128_light,I4I,20,512,128,1,true,true,118100,414200,277504
fork-3,draw_item64_mesh128_light,I2I,20,512,128,1,true,true,129700,426100,278528
fork-3,draw_item64_mesh128_light,IPOINTER_CACHED,21,512,128,1,true,true,124300,618500,282624
fork-3,draw_item64_mesh128_light,IPOINTER_BIND_RESTORE,21,512,128,1,true,true,161400,679500,275456
fork-3,draw_item64_mesh128_light,I2I_CACHED,21,512,128,1,true,true,118200,415000,278528
fork-3,draw_item64_mesh128_light,I2I,21,512,128,1,true,true,136500,432500,278528
fork-3,draw_item64_mesh128_light,ARRAY_FIXED,21,512,128,1,true,true,96100,392800,278528
fork-3,draw_item64_mesh128_light,IPOINTER_EVERY,21,512,128,1,true,true,112900,410000,279552
fork-3,draw_item64_mesh128_light,I4I,21,512,128,1,true,true,135100,433100,278528
fork-3,draw_item64_mesh128_light,CONSTANT_FIXED,21,512,128,1,true,true,93900,390700,278528
fork-3,draw_item64_mesh128_light,ARRAY_FIXED,22,512,128,1,true,true,99300,397100,277504
fork-3,draw_item64_mesh128_light,IPOINTER_BIND_RESTORE,22,512,128,1,true,true,129800,426600,278528
fork-3,draw_item64_mesh128_light,I2I,22,512,128,1,true,true,129400,425900,278528
fork-3,draw_item64_mesh128_light,I2I_CACHED,22,512,128,1,true,true,146500,442200,278528
fork-3,draw_item64_mesh128_light,IPOINTER_EVERY,22,512,128,1,true,true,108800,405700,279552
fork-3,draw_item64_mesh128_light,I4I,22,512,128,1,true,true,149300,445800,278528
fork-3,draw_item64_mesh128_light,CONSTANT_FIXED,22,512,128,1,true,true,107100,403200,278528
fork-3,draw_item64_mesh128_light,IPOINTER_CACHED,22,512,128,1,true,true,120500,416000,277504
fork-3,draw_item64_mesh128_light,IPOINTER_BIND_RESTORE,23,512,128,1,true,true,145800,463000,277504
fork-3,draw_item64_mesh128_light,I2I,23,512,128,1,true,true,141700,447700,278528
fork-3,draw_item64_mesh128_light,ARRAY_FIXED,23,512,128,1,true,true,106400,720700,278528
fork-3,draw_item64_mesh128_light,IPOINTER_EVERY,23,512,128,1,true,true,106900,406300,278528
fork-3,draw_item64_mesh128_light,I2I_CACHED,23,512,128,1,true,true,170300,468000,278528
fork-3,draw_item64_mesh128_light,CONSTANT_FIXED,23,512,128,1,true,true,96200,396000,278528
fork-3,draw_item64_mesh128_light,I4I,23,512,128,1,true,true,145700,443600,278528
fork-3,draw_item64_mesh128_light,IPOINTER_CACHED,23,512,128,1,true,true,130400,427500,277504
fork-3,draw_item64_mesh128_light,I2I_CACHED,24,512,128,1,true,true,132200,441200,278528
fork-3,draw_item64_mesh128_light,IPOINTER_CACHED,24,512,128,1,true,true,113100,410100,278528
fork-3,draw_item64_mesh128_light,CONSTANT_FIXED,24,512,128,1,true,true,97800,394600,279552
fork-3,draw_item64_mesh128_light,I4I,24,512,128,1,true,true,124100,420500,278528
fork-3,draw_item64_mesh128_light,ARRAY_FIXED,24,512,128,1,true,true,93500,390200,278528
fork-3,draw_item64_mesh128_light,IPOINTER_EVERY,24,512,128,1,true,true,106400,402900,278528
fork-3,draw_item64_mesh128_light,IPOINTER_BIND_RESTORE,24,512,128,1,true,true,138500,435300,277504
fork-3,draw_item64_mesh128_light,I2I,24,512,128,1,true,true,130200,427300,278528
fork-3,draw_item64_mesh128_light,IPOINTER_CACHED,25,512,128,1,true,true,108000,404600,278528
fork-3,draw_item64_mesh128_light,IPOINTER_EVERY,25,512,128,1,true,true,141700,441700,279552
fork-3,draw_item64_mesh128_light,ARRAY_FIXED,25,512,128,1,true,true,99100,400200,279552
fork-3,draw_item64_mesh128_light,IPOINTER_BIND_RESTORE,25,512,128,1,true,true,135100,517600,278528
fork-3,draw_item64_mesh128_light,I2I,25,512,128,1,true,true,134600,578200,278528
fork-3,draw_item64_mesh128_light,CONSTANT_FIXED,25,512,128,1,true,true,94600,392300,278528
fork-3,draw_item64_mesh128_light,I2I_CACHED,25,512,128,1,true,true,127900,424700,278528
fork-3,draw_item64_mesh128_light,I4I,25,512,128,1,true,true,125300,421700,278528
fork-3,draw_item64_mesh128_light,IPOINTER_EVERY,26,512,128,1,true,true,107600,403900,278528
fork-3,draw_item64_mesh128_light,ARRAY_FIXED,26,512,128,1,true,true,161800,473400,278528
fork-3,draw_item64_mesh128_light,I2I,26,512,128,1,true,true,143000,449400,278528
fork-3,draw_item64_mesh128_light,I4I,26,512,128,1,true,true,117600,414400,277504
fork-3,draw_item64_mesh128_light,CONSTANT_FIXED,26,512,128,1,true,true,90600,387700,277504
fork-3,draw_item64_mesh128_light,IPOINTER_BIND_RESTORE,26,512,128,1,true,true,131600,428000,278528
fork-3,draw_item64_mesh128_light,I2I_CACHED,26,512,128,1,true,true,125400,421800,277504
fork-3,draw_item64_mesh128_light,IPOINTER_CACHED,26,512,128,1,true,true,107500,403800,278528
fork-3,draw_item64_mesh128_light,IPOINTER_EVERY,27,512,128,1,true,true,105900,403100,278528
fork-3,draw_item64_mesh128_light,CONSTANT_FIXED,27,512,128,1,true,true,91400,389900,278528
fork-3,draw_item64_mesh128_light,I2I,27,512,128,1,true,true,158600,456000,278528
fork-3,draw_item64_mesh128_light,ARRAY_FIXED,27,512,128,1,true,true,111600,408400,278528
fork-3,draw_item64_mesh128_light,I4I,27,512,128,1,true,true,135100,431900,278528
fork-3,draw_item64_mesh128_light,IPOINTER_BIND_RESTORE,27,512,128,1,true,true,168100,477100,278528
fork-3,draw_item64_mesh128_light,I2I_CACHED,27,512,128,1,true,true,127200,595300,278528
fork-3,draw_item64_mesh128_light,IPOINTER_CACHED,27,512,128,1,true,true,113100,411800,278528
fork-3,draw_item64_mesh128_light,I4I,28,512,128,1,true,true,118400,415700,278528
fork-3,draw_item64_mesh128_light,IPOINTER_EVERY,28,512,128,1,true,true,106800,405900,278528
fork-3,draw_item64_mesh128_light,IPOINTER_CACHED,28,512,128,1,true,true,112300,410600,278528
fork-3,draw_item64_mesh128_light,CONSTANT_FIXED,28,512,128,1,true,true,92600,389800,278528
fork-3,draw_item64_mesh128_light,ARRAY_FIXED,28,512,128,1,true,true,96900,394900,278528
fork-3,draw_item64_mesh128_light,IPOINTER_BIND_RESTORE,28,512,128,1,true,true,143100,440600,278528
fork-3,draw_item64_mesh128_light,I2I,28,512,128,1,true,true,130100,428300,278528
fork-3,draw_item64_mesh128_light,I2I_CACHED,28,512,128,1,true,true,124700,421900,278528
fork-3,draw_item64_mesh128_light,I2I_CACHED,29,512,128,1,true,true,117400,414000,277504
fork-3,draw_item64_mesh128_light,IPOINTER_CACHED,29,512,128,1,true,true,107600,404500,277504
fork-3,draw_item64_mesh128_light,I4I,29,512,128,1,true,true,128200,425300,278528
fork-3,draw_item64_mesh128_light,IPOINTER_BIND_RESTORE,29,512,128,1,true,true,182300,493800,278528
fork-3,draw_item64_mesh128_light,I2I,29,512,128,1,true,true,145800,443700,278528
fork-3,draw_item64_mesh128_light,ARRAY_FIXED,29,512,128,1,true,true,113700,410700,278528
fork-3,draw_item64_mesh128_light,IPOINTER_EVERY,29,512,128,1,true,true,132900,430000,278528
fork-3,draw_item64_mesh128_light,CONSTANT_FIXED,29,512,128,1,true,true,113700,412000,279552
fork-3,draw_item64_mesh128_light,IPOINTER_EVERY,30,512,128,1,true,true,124500,612100,278528
fork-3,draw_item64_mesh128_light,I4I,30,512,128,1,true,true,142600,441900,279552
fork-3,draw_item64_mesh128_light,CONSTANT_FIXED,30,512,128,1,true,true,103200,408100,279552
fork-3,draw_item64_mesh128_light,ARRAY_FIXED,30,512,128,1,true,true,93400,389700,278528
fork-3,draw_item64_mesh128_light,IPOINTER_CACHED,30,512,128,1,true,true,102800,397700,278528
fork-3,draw_item64_mesh128_light,I2I,30,512,128,1,true,true,125900,421700,278528
fork-3,draw_item64_mesh128_light,I2I_CACHED,30,512,128,1,true,true,131800,430100,279552
fork-3,draw_item64_mesh128_light,IPOINTER_BIND_RESTORE,30,512,128,1,true,true,201700,500200,278528
